Insert into CARCENTER.TBL_DEPARTAMENTO (ID_DEPARTAMENTO,CODDANE_DEPARTAMENTO,NOMBRE_DEPARTAMENTO,ESTADO_DEPARTAMENTO) values ('1','5','ANTIOQUIA','1');
Insert into CARCENTER.TBL_DEPARTAMENTO (ID_DEPARTAMENTO,CODDANE_DEPARTAMENTO,NOMBRE_DEPARTAMENTO,ESTADO_DEPARTAMENTO) values ('8','8','ATLÁNTICO','1');
Insert into CARCENTER.TBL_DEPARTAMENTO (ID_DEPARTAMENTO,CODDANE_DEPARTAMENTO,NOMBRE_DEPARTAMENTO,ESTADO_DEPARTAMENTO) values ('11','11','BOGOTÁ, D.C.','1');
Insert into CARCENTER.TBL_DEPARTAMENTO (ID_DEPARTAMENTO,CODDANE_DEPARTAMENTO,NOMBRE_DEPARTAMENTO,ESTADO_DEPARTAMENTO) values ('13','13','BOLÍVAR','1');
Insert into CARCENTER.TBL_DEPARTAMENTO (ID_DEPARTAMENTO,CODDANE_DEPARTAMENTO,NOMBRE_DEPARTAMENTO,ESTADO_DEPARTAMENTO) values ('15','15','BOYACÁ','1');
Insert into CARCENTER.TBL_DEPARTAMENTO (ID_DEPARTAMENTO,CODDANE_DEPARTAMENTO,NOMBRE_DEPARTAMENTO,ESTADO_DEPARTAMENTO) values ('17','17','CALDAS','1');
Insert into CARCENTER.TBL_DEPARTAMENTO (ID_DEPARTAMENTO,CODDANE_DEPARTAMENTO,NOMBRE_DEPARTAMENTO,ESTADO_DEPARTAMENTO) values ('18','18','CAQUETÁ','1');
Insert into CARCENTER.TBL_DEPARTAMENTO (ID_DEPARTAMENTO,CODDANE_DEPARTAMENTO,NOMBRE_DEPARTAMENTO,ESTADO_DEPARTAMENTO) values ('19','19','CAUCA','1');
Insert into CARCENTER.TBL_DEPARTAMENTO (ID_DEPARTAMENTO,CODDANE_DEPARTAMENTO,NOMBRE_DEPARTAMENTO,ESTADO_DEPARTAMENTO) values ('20','20','CESAR','1');
Insert into CARCENTER.TBL_DEPARTAMENTO (ID_DEPARTAMENTO,CODDANE_DEPARTAMENTO,NOMBRE_DEPARTAMENTO,ESTADO_DEPARTAMENTO) values ('23','23','CÓRDOBA','1');
Insert into CARCENTER.TBL_DEPARTAMENTO (ID_DEPARTAMENTO,CODDANE_DEPARTAMENTO,NOMBRE_DEPARTAMENTO,ESTADO_DEPARTAMENTO) values ('25','25','CUNDINAMARCA','1');
Insert into CARCENTER.TBL_DEPARTAMENTO (ID_DEPARTAMENTO,CODDANE_DEPARTAMENTO,NOMBRE_DEPARTAMENTO,ESTADO_DEPARTAMENTO) values ('27','27','CHOCÓ','1');
Insert into CARCENTER.TBL_DEPARTAMENTO (ID_DEPARTAMENTO,CODDANE_DEPARTAMENTO,NOMBRE_DEPARTAMENTO,ESTADO_DEPARTAMENTO) values ('41','41','HUILA','1');
Insert into CARCENTER.TBL_DEPARTAMENTO (ID_DEPARTAMENTO,CODDANE_DEPARTAMENTO,NOMBRE_DEPARTAMENTO,ESTADO_DEPARTAMENTO) values ('44','44','LA GUAJIRA','1');
Insert into CARCENTER.TBL_DEPARTAMENTO (ID_DEPARTAMENTO,CODDANE_DEPARTAMENTO,NOMBRE_DEPARTAMENTO,ESTADO_DEPARTAMENTO) values ('47','47','MAGDALENA','1');
Insert into CARCENTER.TBL_DEPARTAMENTO (ID_DEPARTAMENTO,CODDANE_DEPARTAMENTO,NOMBRE_DEPARTAMENTO,ESTADO_DEPARTAMENTO) values ('50','50','META','1');
Insert into CARCENTER.TBL_DEPARTAMENTO (ID_DEPARTAMENTO,CODDANE_DEPARTAMENTO,NOMBRE_DEPARTAMENTO,ESTADO_DEPARTAMENTO) values ('52','52','NARIÑO','1');
Insert into CARCENTER.TBL_DEPARTAMENTO (ID_DEPARTAMENTO,CODDANE_DEPARTAMENTO,NOMBRE_DEPARTAMENTO,ESTADO_DEPARTAMENTO) values ('54','54','NORTE DE SANTANDER','1');
Insert into CARCENTER.TBL_DEPARTAMENTO (ID_DEPARTAMENTO,CODDANE_DEPARTAMENTO,NOMBRE_DEPARTAMENTO,ESTADO_DEPARTAMENTO) values ('63','63','QUINDÍO','1');
Insert into CARCENTER.TBL_DEPARTAMENTO (ID_DEPARTAMENTO,CODDANE_DEPARTAMENTO,NOMBRE_DEPARTAMENTO,ESTADO_DEPARTAMENTO) values ('66','66','RISARALDA','1');
Insert into CARCENTER.TBL_DEPARTAMENTO (ID_DEPARTAMENTO,CODDANE_DEPARTAMENTO,NOMBRE_DEPARTAMENTO,ESTADO_DEPARTAMENTO) values ('68','68','SANTANDER','1');
Insert into CARCENTER.TBL_DEPARTAMENTO (ID_DEPARTAMENTO,CODDANE_DEPARTAMENTO,NOMBRE_DEPARTAMENTO,ESTADO_DEPARTAMENTO) values ('70','70','SUCRE','1');
Insert into CARCENTER.TBL_DEPARTAMENTO (ID_DEPARTAMENTO,CODDANE_DEPARTAMENTO,NOMBRE_DEPARTAMENTO,ESTADO_DEPARTAMENTO) values ('73','73','TOLIMA','1');
Insert into CARCENTER.TBL_DEPARTAMENTO (ID_DEPARTAMENTO,CODDANE_DEPARTAMENTO,NOMBRE_DEPARTAMENTO,ESTADO_DEPARTAMENTO) values ('76','76','VALLE DEL CAUCA','1');
Insert into CARCENTER.TBL_DEPARTAMENTO (ID_DEPARTAMENTO,CODDANE_DEPARTAMENTO,NOMBRE_DEPARTAMENTO,ESTADO_DEPARTAMENTO) values ('81','81','ARAUCA','1');
Insert into CARCENTER.TBL_DEPARTAMENTO (ID_DEPARTAMENTO,CODDANE_DEPARTAMENTO,NOMBRE_DEPARTAMENTO,ESTADO_DEPARTAMENTO) values ('85','85','CASANARE','1');
Insert into CARCENTER.TBL_DEPARTAMENTO (ID_DEPARTAMENTO,CODDANE_DEPARTAMENTO,NOMBRE_DEPARTAMENTO,ESTADO_DEPARTAMENTO) values ('86','86','PUTUMAYO','1');
Insert into CARCENTER.TBL_DEPARTAMENTO (ID_DEPARTAMENTO,CODDANE_DEPARTAMENTO,NOMBRE_DEPARTAMENTO,ESTADO_DEPARTAMENTO) values ('88','88','ARCHIPIÉLAGO DE SAN ANDRÉS, PROVIDENCIA Y SANTA CATALINA','1');
Insert into CARCENTER.TBL_DEPARTAMENTO (ID_DEPARTAMENTO,CODDANE_DEPARTAMENTO,NOMBRE_DEPARTAMENTO,ESTADO_DEPARTAMENTO) values ('91','91','AMAZONAS','1');
Insert into CARCENTER.TBL_DEPARTAMENTO (ID_DEPARTAMENTO,CODDANE_DEPARTAMENTO,NOMBRE_DEPARTAMENTO,ESTADO_DEPARTAMENTO) values ('94','94','GUAINÍA','1');
Insert into CARCENTER.TBL_DEPARTAMENTO (ID_DEPARTAMENTO,CODDANE_DEPARTAMENTO,NOMBRE_DEPARTAMENTO,ESTADO_DEPARTAMENTO) values ('95','95','GUAVIARE','1');
Insert into CARCENTER.TBL_DEPARTAMENTO (ID_DEPARTAMENTO,CODDANE_DEPARTAMENTO,NOMBRE_DEPARTAMENTO,ESTADO_DEPARTAMENTO) values ('97','97','VAUPÉS','1');
Insert into CARCENTER.TBL_DEPARTAMENTO (ID_DEPARTAMENTO,CODDANE_DEPARTAMENTO,NOMBRE_DEPARTAMENTO,ESTADO_DEPARTAMENTO) values ('99','99','VICHADA','1');
COMMIT;
----------------------------------------------
Insert into CARCENTER.TBL_MUNICIPIO (ID_MUNICIPIO,ID_DEPARTAMENTO,CODDANE_MUNICIPIO,NOMBRE_MUNICIPIO,ESTADO_MUNICIPIO) values ('870','68','68229','CURITÍ','1');
Insert into CARCENTER.TBL_MUNICIPIO (ID_MUNICIPIO,ID_DEPARTAMENTO,CODDANE_MUNICIPIO,NOMBRE_MUNICIPIO,ESTADO_MUNICIPIO) values ('871','68','68235','EL CARMEN DE CHUCURÍ','1');
Insert into CARCENTER.TBL_MUNICIPIO (ID_MUNICIPIO,ID_DEPARTAMENTO,CODDANE_MUNICIPIO,NOMBRE_MUNICIPIO,ESTADO_MUNICIPIO) values ('872','68','68245','EL GUACAMAYO','1');
Insert into CARCENTER.TBL_MUNICIPIO (ID_MUNICIPIO,ID_DEPARTAMENTO,CODDANE_MUNICIPIO,NOMBRE_MUNICIPIO,ESTADO_MUNICIPIO) values ('873','68','68250','EL PEÑÓN','1');
Insert into CARCENTER.TBL_MUNICIPIO (ID_MUNICIPIO,ID_DEPARTAMENTO,CODDANE_MUNICIPIO,NOMBRE_MUNICIPIO,ESTADO_MUNICIPIO) values ('874','68','68255','EL PLAYÓN','1');
Insert into CARCENTER.TBL_MUNICIPIO (ID_MUNICIPIO,ID_DEPARTAMENTO,CODDANE_MUNICIPIO,NOMBRE_MUNICIPIO,ESTADO_MUNICIPIO) values ('875','68','68264','ENCINO','1');
Insert into CARCENTER.TBL_MUNICIPIO (ID_MUNICIPIO,ID_DEPARTAMENTO,CODDANE_MUNICIPIO,NOMBRE_MUNICIPIO,ESTADO_MUNICIPIO) values ('876','68','68266','ENCISO','1');
Insert into CARCENTER.TBL_MUNICIPIO (ID_MUNICIPIO,ID_DEPARTAMENTO,CODDANE_MUNICIPIO,NOMBRE_MUNICIPIO,ESTADO_MUNICIPIO) values ('877','68','68271','FLORIÁN','1');
Insert into CARCENTER.TBL_MUNICIPIO (ID_MUNICIPIO,ID_DEPARTAMENTO,CODDANE_MUNICIPIO,NOMBRE_MUNICIPIO,ESTADO_MUNICIPIO) values ('878','68','68276','FLORIDABLANCA','1');
Insert into CARCENTER.TBL_MUNICIPIO (ID_MUNICIPIO,ID_DEPARTAMENTO,CODDANE_MUNICIPIO,NOMBRE_MUNICIPIO,ESTADO_MUNICIPIO) values ('879','68','68296','GALÁN','1');
Insert into CARCENTER.TBL_MUNICIPIO (ID_MUNICIPIO,ID_DEPARTAMENTO,CODDANE_MUNICIPIO,NOMBRE_MUNICIPIO,ESTADO_MUNICIPIO) values ('880','68','68298','GÁMBITA','1');
Insert into CARCENTER.TBL_MUNICIPIO (ID_MUNICIPIO,ID_DEPARTAMENTO,CODDANE_MUNICIPIO,NOMBRE_MUNICIPIO,ESTADO_MUNICIPIO) values ('881','68','68307','GIRÓN','1');
Insert into CARCENTER.TBL_MUNICIPIO (ID_MUNICIPIO,ID_DEPARTAMENTO,CODDANE_MUNICIPIO,NOMBRE_MUNICIPIO,ESTADO_MUNICIPIO) values ('882','68','68318','GUACA','1');
Insert into CARCENTER.TBL_MUNICIPIO (ID_MUNICIPIO,ID_DEPARTAMENTO,CODDANE_MUNICIPIO,NOMBRE_MUNICIPIO,ESTADO_MUNICIPIO) values ('883','68','68320','GUADALUPE','1');
Insert into CARCENTER.TBL_MUNICIPIO (ID_MUNICIPIO,ID_DEPARTAMENTO,CODDANE_MUNICIPIO,NOMBRE_MUNICIPIO,ESTADO_MUNICIPIO) values ('884','68','68322','GUAPOTÁ','1');
Insert into CARCENTER.TBL_MUNICIPIO (ID_MUNICIPIO,ID_DEPARTAMENTO,CODDANE_MUNICIPIO,NOMBRE_MUNICIPIO,ESTADO_MUNICIPIO) values ('885','68','68324','GUAVATÁ','1');
Insert into CARCENTER.TBL_MUNICIPIO (ID_MUNICIPIO,ID_DEPARTAMENTO,CODDANE_MUNICIPIO,NOMBRE_MUNICIPIO,ESTADO_MUNICIPIO) values ('886','68','68327','GÜEPSA','1');
Insert into CARCENTER.TBL_MUNICIPIO (ID_MUNICIPIO,ID_DEPARTAMENTO,CODDANE_MUNICIPIO,NOMBRE_MUNICIPIO,ESTADO_MUNICIPIO) values ('887','68','68344','HATO','1');
Insert into CARCENTER.TBL_MUNICIPIO (ID_MUNICIPIO,ID_DEPARTAMENTO,CODDANE_MUNICIPIO,NOMBRE_MUNICIPIO,ESTADO_MUNICIPIO) values ('888','68','68368','JESÚS MARÍA','1');
Insert into CARCENTER.TBL_MUNICIPIO (ID_MUNICIPIO,ID_DEPARTAMENTO,CODDANE_MUNICIPIO,NOMBRE_MUNICIPIO,ESTADO_MUNICIPIO) values ('889','68','68370','JORDÁN','1');
Insert into CARCENTER.TBL_MUNICIPIO (ID_MUNICIPIO,ID_DEPARTAMENTO,CODDANE_MUNICIPIO,NOMBRE_MUNICIPIO,ESTADO_MUNICIPIO) values ('890','68','68377','LA BELLEZA','1');
Insert into CARCENTER.TBL_MUNICIPIO (ID_MUNICIPIO,ID_DEPARTAMENTO,CODDANE_MUNICIPIO,NOMBRE_MUNICIPIO,ESTADO_MUNICIPIO) values ('891','68','68385','LANDÁZURI','1');
Insert into CARCENTER.TBL_MUNICIPIO (ID_MUNICIPIO,ID_DEPARTAMENTO,CODDANE_MUNICIPIO,NOMBRE_MUNICIPIO,ESTADO_MUNICIPIO) values ('892','68','68397','LA PAZ','1');
Insert into CARCENTER.TBL_MUNICIPIO (ID_MUNICIPIO,ID_DEPARTAMENTO,CODDANE_MUNICIPIO,NOMBRE_MUNICIPIO,ESTADO_MUNICIPIO) values ('893','68','68406','LEBRIJA','1');
Insert into CARCENTER.TBL_MUNICIPIO (ID_MUNICIPIO,ID_DEPARTAMENTO,CODDANE_MUNICIPIO,NOMBRE_MUNICIPIO,ESTADO_MUNICIPIO) values ('894','68','68418','LOS SANTOS','1');
Insert into CARCENTER.TBL_MUNICIPIO (ID_MUNICIPIO,ID_DEPARTAMENTO,CODDANE_MUNICIPIO,NOMBRE_MUNICIPIO,ESTADO_MUNICIPIO) values ('895','68','68425','MACARAVITA','1');
Insert into CARCENTER.TBL_MUNICIPIO (ID_MUNICIPIO,ID_DEPARTAMENTO,CODDANE_MUNICIPIO,NOMBRE_MUNICIPIO,ESTADO_MUNICIPIO) values ('896','68','68432','MÁLAGA','1');
Insert into CARCENTER.TBL_MUNICIPIO (ID_MUNICIPIO,ID_DEPARTAMENTO,CODDANE_MUNICIPIO,NOMBRE_MUNICIPIO,ESTADO_MUNICIPIO) values ('897','68','68444','MATANZA','1');
Insert into CARCENTER.TBL_MUNICIPIO (ID_MUNICIPIO,ID_DEPARTAMENTO,CODDANE_MUNICIPIO,NOMBRE_MUNICIPIO,ESTADO_MUNICIPIO) values ('898','68','68464','MOGOTES','1');
Insert into CARCENTER.TBL_MUNICIPIO (ID_MUNICIPIO,ID_DEPARTAMENTO,CODDANE_MUNICIPIO,NOMBRE_MUNICIPIO,ESTADO_MUNICIPIO) values ('899','68','68468','MOLAGAVITA','1');
Insert into CARCENTER.TBL_MUNICIPIO (ID_MUNICIPIO,ID_DEPARTAMENTO,CODDANE_MUNICIPIO,NOMBRE_MUNICIPIO,ESTADO_MUNICIPIO) values ('900','68','68498','OCAMONTE','1');
Insert into CARCENTER.TBL_MUNICIPIO (ID_MUNICIPIO,ID_DEPARTAMENTO,CODDANE_MUNICIPIO,NOMBRE_MUNICIPIO,ESTADO_MUNICIPIO) values ('901','68','68500','OIBA','1');
Insert into CARCENTER.TBL_MUNICIPIO (ID_MUNICIPIO,ID_DEPARTAMENTO,CODDANE_MUNICIPIO,NOMBRE_MUNICIPIO,ESTADO_MUNICIPIO) values ('902','68','68502','ONZAGA','1');
Insert into CARCENTER.TBL_MUNICIPIO (ID_MUNICIPIO,ID_DEPARTAMENTO,CODDANE_MUNICIPIO,NOMBRE_MUNICIPIO,ESTADO_MUNICIPIO) values ('903','68','68522','PALMAR','1');
Insert into CARCENTER.TBL_MUNICIPIO (ID_MUNICIPIO,ID_DEPARTAMENTO,CODDANE_MUNICIPIO,NOMBRE_MUNICIPIO,ESTADO_MUNICIPIO) values ('904','68','68524','PALMAS DEL SOCORRO','1');
Insert into CARCENTER.TBL_MUNICIPIO (ID_MUNICIPIO,ID_DEPARTAMENTO,CODDANE_MUNICIPIO,NOMBRE_MUNICIPIO,ESTADO_MUNICIPIO) values ('905','68','68533','PÁRAMO','1');
Insert into CARCENTER.TBL_MUNICIPIO (ID_MUNICIPIO,ID_DEPARTAMENTO,CODDANE_MUNICIPIO,NOMBRE_MUNICIPIO,ESTADO_MUNICIPIO) values ('906','68','68547','PIEDECUESTA','1');
Insert into CARCENTER.TBL_MUNICIPIO (ID_MUNICIPIO,ID_DEPARTAMENTO,CODDANE_MUNICIPIO,NOMBRE_MUNICIPIO,ESTADO_MUNICIPIO) values ('907','68','68549','PINCHOTE','1');
Insert into CARCENTER.TBL_MUNICIPIO (ID_MUNICIPIO,ID_DEPARTAMENTO,CODDANE_MUNICIPIO,NOMBRE_MUNICIPIO,ESTADO_MUNICIPIO) values ('908','68','68572','PUENTE NACIONAL','1');
Insert into CARCENTER.TBL_MUNICIPIO (ID_MUNICIPIO,ID_DEPARTAMENTO,CODDANE_MUNICIPIO,NOMBRE_MUNICIPIO,ESTADO_MUNICIPIO) values ('909','68','68573','PUERTO PARRA','1');
Insert into CARCENTER.TBL_MUNICIPIO (ID_MUNICIPIO,ID_DEPARTAMENTO,CODDANE_MUNICIPIO,NOMBRE_MUNICIPIO,ESTADO_MUNICIPIO) values ('910','68','68575','PUERTO WILCHES','1');
Insert into CARCENTER.TBL_MUNICIPIO (ID_MUNICIPIO,ID_DEPARTAMENTO,CODDANE_MUNICIPIO,NOMBRE_MUNICIPIO,ESTADO_MUNICIPIO) values ('911','68','68615','RIONEGRO','1');
Insert into CARCENTER.TBL_MUNICIPIO (ID_MUNICIPIO,ID_DEPARTAMENTO,CODDANE_MUNICIPIO,NOMBRE_MUNICIPIO,ESTADO_MUNICIPIO) values ('912','68','68655','SABANA DE TORRES','1');
Insert into CARCENTER.TBL_MUNICIPIO (ID_MUNICIPIO,ID_DEPARTAMENTO,CODDANE_MUNICIPIO,NOMBRE_MUNICIPIO,ESTADO_MUNICIPIO) values ('913','68','68669','SAN ANDRÉS','1');
Insert into CARCENTER.TBL_MUNICIPIO (ID_MUNICIPIO,ID_DEPARTAMENTO,CODDANE_MUNICIPIO,NOMBRE_MUNICIPIO,ESTADO_MUNICIPIO) values ('914','68','68673','SAN BENITO','1');
Insert into CARCENTER.TBL_MUNICIPIO (ID_MUNICIPIO,ID_DEPARTAMENTO,CODDANE_MUNICIPIO,NOMBRE_MUNICIPIO,ESTADO_MUNICIPIO) values ('915','68','68679','SAN GIL','1');
Insert into CARCENTER.TBL_MUNICIPIO (ID_MUNICIPIO,ID_DEPARTAMENTO,CODDANE_MUNICIPIO,NOMBRE_MUNICIPIO,ESTADO_MUNICIPIO) values ('916','68','68682','SAN JOAQUÍN','1');
Insert into CARCENTER.TBL_MUNICIPIO (ID_MUNICIPIO,ID_DEPARTAMENTO,CODDANE_MUNICIPIO,NOMBRE_MUNICIPIO,ESTADO_MUNICIPIO) values ('917','68','68684','SAN JOSÉ DE MIRANDA','1');
Insert into CARCENTER.TBL_MUNICIPIO (ID_MUNICIPIO,ID_DEPARTAMENTO,CODDANE_MUNICIPIO,NOMBRE_MUNICIPIO,ESTADO_MUNICIPIO) values ('918','68','68686','SAN MIGUEL','1');
Insert into CARCENTER.TBL_MUNICIPIO (ID_MUNICIPIO,ID_DEPARTAMENTO,CODDANE_MUNICIPIO,NOMBRE_MUNICIPIO,ESTADO_MUNICIPIO) values ('919','68','68689','SAN VICENTE DE CHUCURÍ','1');
Insert into CARCENTER.TBL_MUNICIPIO (ID_MUNICIPIO,ID_DEPARTAMENTO,CODDANE_MUNICIPIO,NOMBRE_MUNICIPIO,ESTADO_MUNICIPIO) values ('920','68','68705','SANTA BÁRBARA','1');
Insert into CARCENTER.TBL_MUNICIPIO (ID_MUNICIPIO,ID_DEPARTAMENTO,CODDANE_MUNICIPIO,NOMBRE_MUNICIPIO,ESTADO_MUNICIPIO) values ('921','68','68720','SANTA HELENA DEL OPÓN','1');
Insert into CARCENTER.TBL_MUNICIPIO (ID_MUNICIPIO,ID_DEPARTAMENTO,CODDANE_MUNICIPIO,NOMBRE_MUNICIPIO,ESTADO_MUNICIPIO) values ('922','68','68745','SIMACOTA','1');
Insert into CARCENTER.TBL_MUNICIPIO (ID_MUNICIPIO,ID_DEPARTAMENTO,CODDANE_MUNICIPIO,NOMBRE_MUNICIPIO,ESTADO_MUNICIPIO) values ('923','68','68755','SOCORRO','1');
Insert into CARCENTER.TBL_MUNICIPIO (ID_MUNICIPIO,ID_DEPARTAMENTO,CODDANE_MUNICIPIO,NOMBRE_MUNICIPIO,ESTADO_MUNICIPIO) values ('924','68','68770','SUAITA','1');
Insert into CARCENTER.TBL_MUNICIPIO (ID_MUNICIPIO,ID_DEPARTAMENTO,CODDANE_MUNICIPIO,NOMBRE_MUNICIPIO,ESTADO_MUNICIPIO) values ('925','68','68773','SUCRE','1');
Insert into CARCENTER.TBL_MUNICIPIO (ID_MUNICIPIO,ID_DEPARTAMENTO,CODDANE_MUNICIPIO,NOMBRE_MUNICIPIO,ESTADO_MUNICIPIO) values ('926','68','68780','SURATÁ','1');
Insert into CARCENTER.TBL_MUNICIPIO (ID_MUNICIPIO,ID_DEPARTAMENTO,CODDANE_MUNICIPIO,NOMBRE_MUNICIPIO,ESTADO_MUNICIPIO) values ('927','68','68820','TONA','1');
Insert into CARCENTER.TBL_MUNICIPIO (ID_MUNICIPIO,ID_DEPARTAMENTO,CODDANE_MUNICIPIO,NOMBRE_MUNICIPIO,ESTADO_MUNICIPIO) values ('928','68','68855','VALLE DE SAN JOSÉ','1');
Insert into CARCENTER.TBL_MUNICIPIO (ID_MUNICIPIO,ID_DEPARTAMENTO,CODDANE_MUNICIPIO,NOMBRE_MUNICIPIO,ESTADO_MUNICIPIO) values ('929','68','68861','VÉLEZ','1');
Insert into CARCENTER.TBL_MUNICIPIO (ID_MUNICIPIO,ID_DEPARTAMENTO,CODDANE_MUNICIPIO,NOMBRE_MUNICIPIO,ESTADO_MUNICIPIO) values ('930','68','68867','VETAS','1');
Insert into CARCENTER.TBL_MUNICIPIO (ID_MUNICIPIO,ID_DEPARTAMENTO,CODDANE_MUNICIPIO,NOMBRE_MUNICIPIO,ESTADO_MUNICIPIO) values ('931','68','68872','VILLANUEVA','1');
Insert into CARCENTER.TBL_MUNICIPIO (ID_MUNICIPIO,ID_DEPARTAMENTO,CODDANE_MUNICIPIO,NOMBRE_MUNICIPIO,ESTADO_MUNICIPIO) values ('932','68','68895','ZAPATOCA','1');
Insert into CARCENTER.TBL_MUNICIPIO (ID_MUNICIPIO,ID_DEPARTAMENTO,CODDANE_MUNICIPIO,NOMBRE_MUNICIPIO,ESTADO_MUNICIPIO) values ('933','70','70001','SINCELEJO','1');
Insert into CARCENTER.TBL_MUNICIPIO (ID_MUNICIPIO,ID_DEPARTAMENTO,CODDANE_MUNICIPIO,NOMBRE_MUNICIPIO,ESTADO_MUNICIPIO) values ('934','70','70110','BUENAVISTA','1');
Insert into CARCENTER.TBL_MUNICIPIO (ID_MUNICIPIO,ID_DEPARTAMENTO,CODDANE_MUNICIPIO,NOMBRE_MUNICIPIO,ESTADO_MUNICIPIO) values ('935','70','70124','CAIMITO','1');
Insert into CARCENTER.TBL_MUNICIPIO (ID_MUNICIPIO,ID_DEPARTAMENTO,CODDANE_MUNICIPIO,NOMBRE_MUNICIPIO,ESTADO_MUNICIPIO) values ('936','70','70204','COLOSÓ','1');
Insert into CARCENTER.TBL_MUNICIPIO (ID_MUNICIPIO,ID_DEPARTAMENTO,CODDANE_MUNICIPIO,NOMBRE_MUNICIPIO,ESTADO_MUNICIPIO) values ('937','70','70215','COROZAL','1');
Insert into CARCENTER.TBL_MUNICIPIO (ID_MUNICIPIO,ID_DEPARTAMENTO,CODDANE_MUNICIPIO,NOMBRE_MUNICIPIO,ESTADO_MUNICIPIO) values ('938','70','70221','COVEÑAS','1');
Insert into CARCENTER.TBL_MUNICIPIO (ID_MUNICIPIO,ID_DEPARTAMENTO,CODDANE_MUNICIPIO,NOMBRE_MUNICIPIO,ESTADO_MUNICIPIO) values ('939','70','70230','CHALÁN','1');
Insert into CARCENTER.TBL_MUNICIPIO (ID_MUNICIPIO,ID_DEPARTAMENTO,CODDANE_MUNICIPIO,NOMBRE_MUNICIPIO,ESTADO_MUNICIPIO) values ('940','70','70233','EL ROBLE','1');
Insert into CARCENTER.TBL_MUNICIPIO (ID_MUNICIPIO,ID_DEPARTAMENTO,CODDANE_MUNICIPIO,NOMBRE_MUNICIPIO,ESTADO_MUNICIPIO) values ('941','70','70235','GALERAS','1');
Insert into CARCENTER.TBL_MUNICIPIO (ID_MUNICIPIO,ID_DEPARTAMENTO,CODDANE_MUNICIPIO,NOMBRE_MUNICIPIO,ESTADO_MUNICIPIO) values ('942','70','70265','GUARANDA','1');
Insert into CARCENTER.TBL_MUNICIPIO (ID_MUNICIPIO,ID_DEPARTAMENTO,CODDANE_MUNICIPIO,NOMBRE_MUNICIPIO,ESTADO_MUNICIPIO) values ('943','70','70400','LA UNIÓN','1');
Insert into CARCENTER.TBL_MUNICIPIO (ID_MUNICIPIO,ID_DEPARTAMENTO,CODDANE_MUNICIPIO,NOMBRE_MUNICIPIO,ESTADO_MUNICIPIO) values ('944','70','70418','LOS PALMITOS','1');
Insert into CARCENTER.TBL_MUNICIPIO (ID_MUNICIPIO,ID_DEPARTAMENTO,CODDANE_MUNICIPIO,NOMBRE_MUNICIPIO,ESTADO_MUNICIPIO) values ('945','70','70429','MAJAGUAL','1');
Insert into CARCENTER.TBL_MUNICIPIO (ID_MUNICIPIO,ID_DEPARTAMENTO,CODDANE_MUNICIPIO,NOMBRE_MUNICIPIO,ESTADO_MUNICIPIO) values ('946','70','70473','MORROA','1');
Insert into CARCENTER.TBL_MUNICIPIO (ID_MUNICIPIO,ID_DEPARTAMENTO,CODDANE_MUNICIPIO,NOMBRE_MUNICIPIO,ESTADO_MUNICIPIO) values ('947','70','70508','OVEJAS','1');
Insert into CARCENTER.TBL_MUNICIPIO (ID_MUNICIPIO,ID_DEPARTAMENTO,CODDANE_MUNICIPIO,NOMBRE_MUNICIPIO,ESTADO_MUNICIPIO) values ('948','70','70523','PALMITO','1');
Insert into CARCENTER.TBL_MUNICIPIO (ID_MUNICIPIO,ID_DEPARTAMENTO,CODDANE_MUNICIPIO,NOMBRE_MUNICIPIO,ESTADO_MUNICIPIO) values ('949','70','70670','SAMPUÉS','1');
Insert into CARCENTER.TBL_MUNICIPIO (ID_MUNICIPIO,ID_DEPARTAMENTO,CODDANE_MUNICIPIO,NOMBRE_MUNICIPIO,ESTADO_MUNICIPIO) values ('950','70','70678','SAN BENITO ABAD','1');
Insert into CARCENTER.TBL_MUNICIPIO (ID_MUNICIPIO,ID_DEPARTAMENTO,CODDANE_MUNICIPIO,NOMBRE_MUNICIPIO,ESTADO_MUNICIPIO) values ('951','70','70702','SAN JUAN DE BETULIA','1');
Insert into CARCENTER.TBL_MUNICIPIO (ID_MUNICIPIO,ID_DEPARTAMENTO,CODDANE_MUNICIPIO,NOMBRE_MUNICIPIO,ESTADO_MUNICIPIO) values ('952','70','70708','SAN MARCOS','1');
Insert into CARCENTER.TBL_MUNICIPIO (ID_MUNICIPIO,ID_DEPARTAMENTO,CODDANE_MUNICIPIO,NOMBRE_MUNICIPIO,ESTADO_MUNICIPIO) values ('953','70','70713','SAN ONOFRE','1');
Insert into CARCENTER.TBL_MUNICIPIO (ID_MUNICIPIO,ID_DEPARTAMENTO,CODDANE_MUNICIPIO,NOMBRE_MUNICIPIO,ESTADO_MUNICIPIO) values ('954','70','70717','SAN PEDRO','1');
Insert into CARCENTER.TBL_MUNICIPIO (ID_MUNICIPIO,ID_DEPARTAMENTO,CODDANE_MUNICIPIO,NOMBRE_MUNICIPIO,ESTADO_MUNICIPIO) values ('955','70','70742','SAN LUIS DE SINCÉ','1');
Insert into CARCENTER.TBL_MUNICIPIO (ID_MUNICIPIO,ID_DEPARTAMENTO,CODDANE_MUNICIPIO,NOMBRE_MUNICIPIO,ESTADO_MUNICIPIO) values ('956','70','70771','SUCRE','1');
Insert into CARCENTER.TBL_MUNICIPIO (ID_MUNICIPIO,ID_DEPARTAMENTO,CODDANE_MUNICIPIO,NOMBRE_MUNICIPIO,ESTADO_MUNICIPIO) values ('957','70','70820','SANTIAGO DE TOLÚ','1');
Insert into CARCENTER.TBL_MUNICIPIO (ID_MUNICIPIO,ID_DEPARTAMENTO,CODDANE_MUNICIPIO,NOMBRE_MUNICIPIO,ESTADO_MUNICIPIO) values ('958','70','70823','SAN JOSÉ DE TOLUVIEJO','1');
Insert into CARCENTER.TBL_MUNICIPIO (ID_MUNICIPIO,ID_DEPARTAMENTO,CODDANE_MUNICIPIO,NOMBRE_MUNICIPIO,ESTADO_MUNICIPIO) values ('959','73','73001','IBAGUÉ','1');
Insert into CARCENTER.TBL_MUNICIPIO (ID_MUNICIPIO,ID_DEPARTAMENTO,CODDANE_MUNICIPIO,NOMBRE_MUNICIPIO,ESTADO_MUNICIPIO) values ('960','73','73024','ALPUJARRA','1');
Insert into CARCENTER.TBL_MUNICIPIO (ID_MUNICIPIO,ID_DEPARTAMENTO,CODDANE_MUNICIPIO,NOMBRE_MUNICIPIO,ESTADO_MUNICIPIO) values ('961','73','73026','ALVARADO','1');
Insert into CARCENTER.TBL_MUNICIPIO (ID_MUNICIPIO,ID_DEPARTAMENTO,CODDANE_MUNICIPIO,NOMBRE_MUNICIPIO,ESTADO_MUNICIPIO) values ('962','73','73030','AMBALEMA','1');
Insert into CARCENTER.TBL_MUNICIPIO (ID_MUNICIPIO,ID_DEPARTAMENTO,CODDANE_MUNICIPIO,NOMBRE_MUNICIPIO,ESTADO_MUNICIPIO) values ('963','73','73043','ANZOÁTEGUI','1');
Insert into CARCENTER.TBL_MUNICIPIO (ID_MUNICIPIO,ID_DEPARTAMENTO,CODDANE_MUNICIPIO,NOMBRE_MUNICIPIO,ESTADO_MUNICIPIO) values ('964','73','73055','ARMERO','1');
Insert into CARCENTER.TBL_MUNICIPIO (ID_MUNICIPIO,ID_DEPARTAMENTO,CODDANE_MUNICIPIO,NOMBRE_MUNICIPIO,ESTADO_MUNICIPIO) values ('965','73','73067','ATACO','1');
Insert into CARCENTER.TBL_MUNICIPIO (ID_MUNICIPIO,ID_DEPARTAMENTO,CODDANE_MUNICIPIO,NOMBRE_MUNICIPIO,ESTADO_MUNICIPIO) values ('966','73','73124','CAJAMARCA','1');
Insert into CARCENTER.TBL_MUNICIPIO (ID_MUNICIPIO,ID_DEPARTAMENTO,CODDANE_MUNICIPIO,NOMBRE_MUNICIPIO,ESTADO_MUNICIPIO) values ('967','73','73148','CARMEN DE APICALÁ','1');
Insert into CARCENTER.TBL_MUNICIPIO (ID_MUNICIPIO,ID_DEPARTAMENTO,CODDANE_MUNICIPIO,NOMBRE_MUNICIPIO,ESTADO_MUNICIPIO) values ('968','73','73152','CASABIANCA','1');
Insert into CARCENTER.TBL_MUNICIPIO (ID_MUNICIPIO,ID_DEPARTAMENTO,CODDANE_MUNICIPIO,NOMBRE_MUNICIPIO,ESTADO_MUNICIPIO) values ('969','73','73168','CHAPARRAL','1');
Insert into CARCENTER.TBL_MUNICIPIO (ID_MUNICIPIO,ID_DEPARTAMENTO,CODDANE_MUNICIPIO,NOMBRE_MUNICIPIO,ESTADO_MUNICIPIO) values ('970','73','73200','COELLO','1');
Insert into CARCENTER.TBL_MUNICIPIO (ID_MUNICIPIO,ID_DEPARTAMENTO,CODDANE_MUNICIPIO,NOMBRE_MUNICIPIO,ESTADO_MUNICIPIO) values ('971','73','73217','COYAIMA','1');
Insert into CARCENTER.TBL_MUNICIPIO (ID_MUNICIPIO,ID_DEPARTAMENTO,CODDANE_MUNICIPIO,NOMBRE_MUNICIPIO,ESTADO_MUNICIPIO) values ('972','73','73226','CUNDAY','1');
Insert into CARCENTER.TBL_MUNICIPIO (ID_MUNICIPIO,ID_DEPARTAMENTO,CODDANE_MUNICIPIO,NOMBRE_MUNICIPIO,ESTADO_MUNICIPIO) values ('973','73','73236','DOLORES','1');
Insert into CARCENTER.TBL_MUNICIPIO (ID_MUNICIPIO,ID_DEPARTAMENTO,CODDANE_MUNICIPIO,NOMBRE_MUNICIPIO,ESTADO_MUNICIPIO) values ('974','73','73268','ESPINAL','1');
Insert into CARCENTER.TBL_MUNICIPIO (ID_MUNICIPIO,ID_DEPARTAMENTO,CODDANE_MUNICIPIO,NOMBRE_MUNICIPIO,ESTADO_MUNICIPIO) values ('975','73','73270','FALAN','1');
Insert into CARCENTER.TBL_MUNICIPIO (ID_MUNICIPIO,ID_DEPARTAMENTO,CODDANE_MUNICIPIO,NOMBRE_MUNICIPIO,ESTADO_MUNICIPIO) values ('976','73','73275','FLANDES','1');
Insert into CARCENTER.TBL_MUNICIPIO (ID_MUNICIPIO,ID_DEPARTAMENTO,CODDANE_MUNICIPIO,NOMBRE_MUNICIPIO,ESTADO_MUNICIPIO) values ('977','73','73283','FRESNO','1');
Insert into CARCENTER.TBL_MUNICIPIO (ID_MUNICIPIO,ID_DEPARTAMENTO,CODDANE_MUNICIPIO,NOMBRE_MUNICIPIO,ESTADO_MUNICIPIO) values ('978','73','73319','GUAMO','1');
Insert into CARCENTER.TBL_MUNICIPIO (ID_MUNICIPIO,ID_DEPARTAMENTO,CODDANE_MUNICIPIO,NOMBRE_MUNICIPIO,ESTADO_MUNICIPIO) values ('979','73','73347','HERVEO','1');
Insert into CARCENTER.TBL_MUNICIPIO (ID_MUNICIPIO,ID_DEPARTAMENTO,CODDANE_MUNICIPIO,NOMBRE_MUNICIPIO,ESTADO_MUNICIPIO) values ('980','73','73349','HONDA','1');
Insert into CARCENTER.TBL_MUNICIPIO (ID_MUNICIPIO,ID_DEPARTAMENTO,CODDANE_MUNICIPIO,NOMBRE_MUNICIPIO,ESTADO_MUNICIPIO) values ('981','73','73352','ICONONZO','1');
Insert into CARCENTER.TBL_MUNICIPIO (ID_MUNICIPIO,ID_DEPARTAMENTO,CODDANE_MUNICIPIO,NOMBRE_MUNICIPIO,ESTADO_MUNICIPIO) values ('982','73','73408','LÉRIDA','1');
Insert into CARCENTER.TBL_MUNICIPIO (ID_MUNICIPIO,ID_DEPARTAMENTO,CODDANE_MUNICIPIO,NOMBRE_MUNICIPIO,ESTADO_MUNICIPIO) values ('983','73','73411','LÍBANO','1');
Insert into CARCENTER.TBL_MUNICIPIO (ID_MUNICIPIO,ID_DEPARTAMENTO,CODDANE_MUNICIPIO,NOMBRE_MUNICIPIO,ESTADO_MUNICIPIO) values ('984','73','73443','SAN SEBASTIÁN DE MARIQUITA','1');
Insert into CARCENTER.TBL_MUNICIPIO (ID_MUNICIPIO,ID_DEPARTAMENTO,CODDANE_MUNICIPIO,NOMBRE_MUNICIPIO,ESTADO_MUNICIPIO) values ('985','73','73449','MELGAR','1');
Insert into CARCENTER.TBL_MUNICIPIO (ID_MUNICIPIO,ID_DEPARTAMENTO,CODDANE_MUNICIPIO,NOMBRE_MUNICIPIO,ESTADO_MUNICIPIO) values ('986','73','73461','MURILLO','1');
Insert into CARCENTER.TBL_MUNICIPIO (ID_MUNICIPIO,ID_DEPARTAMENTO,CODDANE_MUNICIPIO,NOMBRE_MUNICIPIO,ESTADO_MUNICIPIO) values ('987','73','73483','NATAGAIMA','1');
Insert into CARCENTER.TBL_MUNICIPIO (ID_MUNICIPIO,ID_DEPARTAMENTO,CODDANE_MUNICIPIO,NOMBRE_MUNICIPIO,ESTADO_MUNICIPIO) values ('988','73','73504','ORTEGA','1');
Insert into CARCENTER.TBL_MUNICIPIO (ID_MUNICIPIO,ID_DEPARTAMENTO,CODDANE_MUNICIPIO,NOMBRE_MUNICIPIO,ESTADO_MUNICIPIO) values ('989','73','73520','PALOCABILDO','1');
Insert into CARCENTER.TBL_MUNICIPIO (ID_MUNICIPIO,ID_DEPARTAMENTO,CODDANE_MUNICIPIO,NOMBRE_MUNICIPIO,ESTADO_MUNICIPIO) values ('990','73','73547','PIEDRAS','1');
Insert into CARCENTER.TBL_MUNICIPIO (ID_MUNICIPIO,ID_DEPARTAMENTO,CODDANE_MUNICIPIO,NOMBRE_MUNICIPIO,ESTADO_MUNICIPIO) values ('991','73','73555','PLANADAS','1');
Insert into CARCENTER.TBL_MUNICIPIO (ID_MUNICIPIO,ID_DEPARTAMENTO,CODDANE_MUNICIPIO,NOMBRE_MUNICIPIO,ESTADO_MUNICIPIO) values ('992','73','73563','PRADO','1');
Insert into CARCENTER.TBL_MUNICIPIO (ID_MUNICIPIO,ID_DEPARTAMENTO,CODDANE_MUNICIPIO,NOMBRE_MUNICIPIO,ESTADO_MUNICIPIO) values ('993','73','73585','PURIFICACIÓN','1');
Insert into CARCENTER.TBL_MUNICIPIO (ID_MUNICIPIO,ID_DEPARTAMENTO,CODDANE_MUNICIPIO,NOMBRE_MUNICIPIO,ESTADO_MUNICIPIO) values ('994','73','73616','RIOBLANCO','1');
Insert into CARCENTER.TBL_MUNICIPIO (ID_MUNICIPIO,ID_DEPARTAMENTO,CODDANE_MUNICIPIO,NOMBRE_MUNICIPIO,ESTADO_MUNICIPIO) values ('995','73','73622','RONCESVALLES','1');
Insert into CARCENTER.TBL_MUNICIPIO (ID_MUNICIPIO,ID_DEPARTAMENTO,CODDANE_MUNICIPIO,NOMBRE_MUNICIPIO,ESTADO_MUNICIPIO) values ('996','73','73624','ROVIRA','1');
Insert into CARCENTER.TBL_MUNICIPIO (ID_MUNICIPIO,ID_DEPARTAMENTO,CODDANE_MUNICIPIO,NOMBRE_MUNICIPIO,ESTADO_MUNICIPIO) values ('997','73','73671','SALDAÑA','1');
Insert into CARCENTER.TBL_MUNICIPIO (ID_MUNICIPIO,ID_DEPARTAMENTO,CODDANE_MUNICIPIO,NOMBRE_MUNICIPIO,ESTADO_MUNICIPIO) values ('998','73','73675','SAN ANTONIO','1');
Insert into CARCENTER.TBL_MUNICIPIO (ID_MUNICIPIO,ID_DEPARTAMENTO,CODDANE_MUNICIPIO,NOMBRE_MUNICIPIO,ESTADO_MUNICIPIO) values ('999','73','73678','SAN LUIS','1');
Insert into CARCENTER.TBL_MUNICIPIO (ID_MUNICIPIO,ID_DEPARTAMENTO,CODDANE_MUNICIPIO,NOMBRE_MUNICIPIO,ESTADO_MUNICIPIO) values ('1000','73','73686','SANTA ISABEL','1');
Insert into CARCENTER.TBL_MUNICIPIO (ID_MUNICIPIO,ID_DEPARTAMENTO,CODDANE_MUNICIPIO,NOMBRE_MUNICIPIO,ESTADO_MUNICIPIO) values ('1001','73','73770','SUÁREZ','1');
Insert into CARCENTER.TBL_MUNICIPIO (ID_MUNICIPIO,ID_DEPARTAMENTO,CODDANE_MUNICIPIO,NOMBRE_MUNICIPIO,ESTADO_MUNICIPIO) values ('1002','73','73854','VALLE DE SAN JUAN','1');
Insert into CARCENTER.TBL_MUNICIPIO (ID_MUNICIPIO,ID_DEPARTAMENTO,CODDANE_MUNICIPIO,NOMBRE_MUNICIPIO,ESTADO_MUNICIPIO) values ('1003','73','73861','VENADILLO','1');
Insert into CARCENTER.TBL_MUNICIPIO (ID_MUNICIPIO,ID_DEPARTAMENTO,CODDANE_MUNICIPIO,NOMBRE_MUNICIPIO,ESTADO_MUNICIPIO) values ('1004','73','73870','VILLAHERMOSA','1');
Insert into CARCENTER.TBL_MUNICIPIO (ID_MUNICIPIO,ID_DEPARTAMENTO,CODDANE_MUNICIPIO,NOMBRE_MUNICIPIO,ESTADO_MUNICIPIO) values ('1005','73','73873','VILLARRICA','1');
Insert into CARCENTER.TBL_MUNICIPIO (ID_MUNICIPIO,ID_DEPARTAMENTO,CODDANE_MUNICIPIO,NOMBRE_MUNICIPIO,ESTADO_MUNICIPIO) values ('1006','76','76001','CALI','1');
Insert into CARCENTER.TBL_MUNICIPIO (ID_MUNICIPIO,ID_DEPARTAMENTO,CODDANE_MUNICIPIO,NOMBRE_MUNICIPIO,ESTADO_MUNICIPIO) values ('1007','76','76020','ALCALÁ','1');
Insert into CARCENTER.TBL_MUNICIPIO (ID_MUNICIPIO,ID_DEPARTAMENTO,CODDANE_MUNICIPIO,NOMBRE_MUNICIPIO,ESTADO_MUNICIPIO) values ('1008','76','76036','ANDALUCÍA','1');
Insert into CARCENTER.TBL_MUNICIPIO (ID_MUNICIPIO,ID_DEPARTAMENTO,CODDANE_MUNICIPIO,NOMBRE_MUNICIPIO,ESTADO_MUNICIPIO) values ('1009','76','76041','ANSERMANUEVO','1');
Insert into CARCENTER.TBL_MUNICIPIO (ID_MUNICIPIO,ID_DEPARTAMENTO,CODDANE_MUNICIPIO,NOMBRE_MUNICIPIO,ESTADO_MUNICIPIO) values ('1010','76','76054','ARGELIA','1');
Insert into CARCENTER.TBL_MUNICIPIO (ID_MUNICIPIO,ID_DEPARTAMENTO,CODDANE_MUNICIPIO,NOMBRE_MUNICIPIO,ESTADO_MUNICIPIO) values ('1011','76','76100','BOLÍVAR','1');
Insert into CARCENTER.TBL_MUNICIPIO (ID_MUNICIPIO,ID_DEPARTAMENTO,CODDANE_MUNICIPIO,NOMBRE_MUNICIPIO,ESTADO_MUNICIPIO) values ('1012','76','76109','BUENAVENTURA','1');
Insert into CARCENTER.TBL_MUNICIPIO (ID_MUNICIPIO,ID_DEPARTAMENTO,CODDANE_MUNICIPIO,NOMBRE_MUNICIPIO,ESTADO_MUNICIPIO) values ('1013','76','76111','GUADALAJARA DE BUGA','1');
Insert into CARCENTER.TBL_MUNICIPIO (ID_MUNICIPIO,ID_DEPARTAMENTO,CODDANE_MUNICIPIO,NOMBRE_MUNICIPIO,ESTADO_MUNICIPIO) values ('1014','76','76113','BUGALAGRANDE','1');
Insert into CARCENTER.TBL_MUNICIPIO (ID_MUNICIPIO,ID_DEPARTAMENTO,CODDANE_MUNICIPIO,NOMBRE_MUNICIPIO,ESTADO_MUNICIPIO) values ('1015','76','76122','CAICEDONIA','1');
Insert into CARCENTER.TBL_MUNICIPIO (ID_MUNICIPIO,ID_DEPARTAMENTO,CODDANE_MUNICIPIO,NOMBRE_MUNICIPIO,ESTADO_MUNICIPIO) values ('1016','76','76126','CALIMA','1');
Insert into CARCENTER.TBL_MUNICIPIO (ID_MUNICIPIO,ID_DEPARTAMENTO,CODDANE_MUNICIPIO,NOMBRE_MUNICIPIO,ESTADO_MUNICIPIO) values ('1017','76','76130','CANDELARIA','1');
Insert into CARCENTER.TBL_MUNICIPIO (ID_MUNICIPIO,ID_DEPARTAMENTO,CODDANE_MUNICIPIO,NOMBRE_MUNICIPIO,ESTADO_MUNICIPIO) values ('1018','76','76147','CARTAGO','1');
Insert into CARCENTER.TBL_MUNICIPIO (ID_MUNICIPIO,ID_DEPARTAMENTO,CODDANE_MUNICIPIO,NOMBRE_MUNICIPIO,ESTADO_MUNICIPIO) values ('1019','76','76233','DAGUA','1');
Insert into CARCENTER.TBL_MUNICIPIO (ID_MUNICIPIO,ID_DEPARTAMENTO,CODDANE_MUNICIPIO,NOMBRE_MUNICIPIO,ESTADO_MUNICIPIO) values ('1020','76','76243','EL ÁGUILA','1');
Insert into CARCENTER.TBL_MUNICIPIO (ID_MUNICIPIO,ID_DEPARTAMENTO,CODDANE_MUNICIPIO,NOMBRE_MUNICIPIO,ESTADO_MUNICIPIO) values ('1021','76','76246','EL CAIRO','1');
Insert into CARCENTER.TBL_MUNICIPIO (ID_MUNICIPIO,ID_DEPARTAMENTO,CODDANE_MUNICIPIO,NOMBRE_MUNICIPIO,ESTADO_MUNICIPIO) values ('1022','76','76248','EL CERRITO','1');
Insert into CARCENTER.TBL_MUNICIPIO (ID_MUNICIPIO,ID_DEPARTAMENTO,CODDANE_MUNICIPIO,NOMBRE_MUNICIPIO,ESTADO_MUNICIPIO) values ('1023','76','76250','EL DOVIO','1');
Insert into CARCENTER.TBL_MUNICIPIO (ID_MUNICIPIO,ID_DEPARTAMENTO,CODDANE_MUNICIPIO,NOMBRE_MUNICIPIO,ESTADO_MUNICIPIO) values ('1024','76','76275','FLORIDA','1');
Insert into CARCENTER.TBL_MUNICIPIO (ID_MUNICIPIO,ID_DEPARTAMENTO,CODDANE_MUNICIPIO,NOMBRE_MUNICIPIO,ESTADO_MUNICIPIO) values ('1025','76','76306','GINEBRA','1');
Insert into CARCENTER.TBL_MUNICIPIO (ID_MUNICIPIO,ID_DEPARTAMENTO,CODDANE_MUNICIPIO,NOMBRE_MUNICIPIO,ESTADO_MUNICIPIO) values ('1026','76','76318','GUACARÍ','1');
Insert into CARCENTER.TBL_MUNICIPIO (ID_MUNICIPIO,ID_DEPARTAMENTO,CODDANE_MUNICIPIO,NOMBRE_MUNICIPIO,ESTADO_MUNICIPIO) values ('1027','76','76364','JAMUNDÍ','1');
Insert into CARCENTER.TBL_MUNICIPIO (ID_MUNICIPIO,ID_DEPARTAMENTO,CODDANE_MUNICIPIO,NOMBRE_MUNICIPIO,ESTADO_MUNICIPIO) values ('1028','76','76377','LA CUMBRE','1');
Insert into CARCENTER.TBL_MUNICIPIO (ID_MUNICIPIO,ID_DEPARTAMENTO,CODDANE_MUNICIPIO,NOMBRE_MUNICIPIO,ESTADO_MUNICIPIO) values ('1029','76','76400','LA UNIÓN','1');
Insert into CARCENTER.TBL_MUNICIPIO (ID_MUNICIPIO,ID_DEPARTAMENTO,CODDANE_MUNICIPIO,NOMBRE_MUNICIPIO,ESTADO_MUNICIPIO) values ('1030','76','76403','LA VICTORIA','1');
Insert into CARCENTER.TBL_MUNICIPIO (ID_MUNICIPIO,ID_DEPARTAMENTO,CODDANE_MUNICIPIO,NOMBRE_MUNICIPIO,ESTADO_MUNICIPIO) values ('1031','76','76497','OBANDO','1');
Insert into CARCENTER.TBL_MUNICIPIO (ID_MUNICIPIO,ID_DEPARTAMENTO,CODDANE_MUNICIPIO,NOMBRE_MUNICIPIO,ESTADO_MUNICIPIO) values ('1032','76','76520','PALMIRA','1');
Insert into CARCENTER.TBL_MUNICIPIO (ID_MUNICIPIO,ID_DEPARTAMENTO,CODDANE_MUNICIPIO,NOMBRE_MUNICIPIO,ESTADO_MUNICIPIO) values ('1033','76','76563','PRADERA','1');
Insert into CARCENTER.TBL_MUNICIPIO (ID_MUNICIPIO,ID_DEPARTAMENTO,CODDANE_MUNICIPIO,NOMBRE_MUNICIPIO,ESTADO_MUNICIPIO) values ('1034','76','76606','RESTREPO','1');
Insert into CARCENTER.TBL_MUNICIPIO (ID_MUNICIPIO,ID_DEPARTAMENTO,CODDANE_MUNICIPIO,NOMBRE_MUNICIPIO,ESTADO_MUNICIPIO) values ('1035','76','76616','RIOFRÍO','1');
Insert into CARCENTER.TBL_MUNICIPIO (ID_MUNICIPIO,ID_DEPARTAMENTO,CODDANE_MUNICIPIO,NOMBRE_MUNICIPIO,ESTADO_MUNICIPIO) values ('1036','76','76622','ROLDANILLO','1');
Insert into CARCENTER.TBL_MUNICIPIO (ID_MUNICIPIO,ID_DEPARTAMENTO,CODDANE_MUNICIPIO,NOMBRE_MUNICIPIO,ESTADO_MUNICIPIO) values ('1037','76','76670','SAN PEDRO','1');
Insert into CARCENTER.TBL_MUNICIPIO (ID_MUNICIPIO,ID_DEPARTAMENTO,CODDANE_MUNICIPIO,NOMBRE_MUNICIPIO,ESTADO_MUNICIPIO) values ('1038','76','76736','SEVILLA','1');
Insert into CARCENTER.TBL_MUNICIPIO (ID_MUNICIPIO,ID_DEPARTAMENTO,CODDANE_MUNICIPIO,NOMBRE_MUNICIPIO,ESTADO_MUNICIPIO) values ('1039','76','76823','TORO','1');
Insert into CARCENTER.TBL_MUNICIPIO (ID_MUNICIPIO,ID_DEPARTAMENTO,CODDANE_MUNICIPIO,NOMBRE_MUNICIPIO,ESTADO_MUNICIPIO) values ('1040','76','76828','TRUJILLO','1');
Insert into CARCENTER.TBL_MUNICIPIO (ID_MUNICIPIO,ID_DEPARTAMENTO,CODDANE_MUNICIPIO,NOMBRE_MUNICIPIO,ESTADO_MUNICIPIO) values ('1041','76','76834','TULUÁ','1');
Insert into CARCENTER.TBL_MUNICIPIO (ID_MUNICIPIO,ID_DEPARTAMENTO,CODDANE_MUNICIPIO,NOMBRE_MUNICIPIO,ESTADO_MUNICIPIO) values ('1042','76','76845','ULLOA','1');
Insert into CARCENTER.TBL_MUNICIPIO (ID_MUNICIPIO,ID_DEPARTAMENTO,CODDANE_MUNICIPIO,NOMBRE_MUNICIPIO,ESTADO_MUNICIPIO) values ('1043','76','76863','VERSALLES','1');
Insert into CARCENTER.TBL_MUNICIPIO (ID_MUNICIPIO,ID_DEPARTAMENTO,CODDANE_MUNICIPIO,NOMBRE_MUNICIPIO,ESTADO_MUNICIPIO) values ('1044','76','76869','VIJES','1');
Insert into CARCENTER.TBL_MUNICIPIO (ID_MUNICIPIO,ID_DEPARTAMENTO,CODDANE_MUNICIPIO,NOMBRE_MUNICIPIO,ESTADO_MUNICIPIO) values ('1045','76','76890','YOTOCO','1');
Insert into CARCENTER.TBL_MUNICIPIO (ID_MUNICIPIO,ID_DEPARTAMENTO,CODDANE_MUNICIPIO,NOMBRE_MUNICIPIO,ESTADO_MUNICIPIO) values ('1046','76','76892','YUMBO','1');
Insert into CARCENTER.TBL_MUNICIPIO (ID_MUNICIPIO,ID_DEPARTAMENTO,CODDANE_MUNICIPIO,NOMBRE_MUNICIPIO,ESTADO_MUNICIPIO) values ('1047','76','76895','ZARZAL','1');
Insert into CARCENTER.TBL_MUNICIPIO (ID_MUNICIPIO,ID_DEPARTAMENTO,CODDANE_MUNICIPIO,NOMBRE_MUNICIPIO,ESTADO_MUNICIPIO) values ('1048','81','81001','ARAUCA','1');
Insert into CARCENTER.TBL_MUNICIPIO (ID_MUNICIPIO,ID_DEPARTAMENTO,CODDANE_MUNICIPIO,NOMBRE_MUNICIPIO,ESTADO_MUNICIPIO) values ('1049','81','81065','ARAUQUITA','1');
Insert into CARCENTER.TBL_MUNICIPIO (ID_MUNICIPIO,ID_DEPARTAMENTO,CODDANE_MUNICIPIO,NOMBRE_MUNICIPIO,ESTADO_MUNICIPIO) values ('1050','81','81220','CRAVO NORTE','1');
Insert into CARCENTER.TBL_MUNICIPIO (ID_MUNICIPIO,ID_DEPARTAMENTO,CODDANE_MUNICIPIO,NOMBRE_MUNICIPIO,ESTADO_MUNICIPIO) values ('1051','81','81300','FORTUL','1');
Insert into CARCENTER.TBL_MUNICIPIO (ID_MUNICIPIO,ID_DEPARTAMENTO,CODDANE_MUNICIPIO,NOMBRE_MUNICIPIO,ESTADO_MUNICIPIO) values ('1052','81','81591','PUERTO RONDÓN','1');
Insert into CARCENTER.TBL_MUNICIPIO (ID_MUNICIPIO,ID_DEPARTAMENTO,CODDANE_MUNICIPIO,NOMBRE_MUNICIPIO,ESTADO_MUNICIPIO) values ('1053','81','81736','SARAVENA','1');
Insert into CARCENTER.TBL_MUNICIPIO (ID_MUNICIPIO,ID_DEPARTAMENTO,CODDANE_MUNICIPIO,NOMBRE_MUNICIPIO,ESTADO_MUNICIPIO) values ('1054','81','81794','TAME','1');
Insert into CARCENTER.TBL_MUNICIPIO (ID_MUNICIPIO,ID_DEPARTAMENTO,CODDANE_MUNICIPIO,NOMBRE_MUNICIPIO,ESTADO_MUNICIPIO) values ('1055','85','85001','YOPAL','1');
Insert into CARCENTER.TBL_MUNICIPIO (ID_MUNICIPIO,ID_DEPARTAMENTO,CODDANE_MUNICIPIO,NOMBRE_MUNICIPIO,ESTADO_MUNICIPIO) values ('1056','85','85010','AGUAZUL','1');
Insert into CARCENTER.TBL_MUNICIPIO (ID_MUNICIPIO,ID_DEPARTAMENTO,CODDANE_MUNICIPIO,NOMBRE_MUNICIPIO,ESTADO_MUNICIPIO) values ('1057','85','85015','CHÁMEZA','1');
Insert into CARCENTER.TBL_MUNICIPIO (ID_MUNICIPIO,ID_DEPARTAMENTO,CODDANE_MUNICIPIO,NOMBRE_MUNICIPIO,ESTADO_MUNICIPIO) values ('1058','85','85125','HATO COROZAL','1');
Insert into CARCENTER.TBL_MUNICIPIO (ID_MUNICIPIO,ID_DEPARTAMENTO,CODDANE_MUNICIPIO,NOMBRE_MUNICIPIO,ESTADO_MUNICIPIO) values ('1059','85','85136','LA SALINA','1');
Insert into CARCENTER.TBL_MUNICIPIO (ID_MUNICIPIO,ID_DEPARTAMENTO,CODDANE_MUNICIPIO,NOMBRE_MUNICIPIO,ESTADO_MUNICIPIO) values ('1060','85','85139','MANÍ','1');
Insert into CARCENTER.TBL_MUNICIPIO (ID_MUNICIPIO,ID_DEPARTAMENTO,CODDANE_MUNICIPIO,NOMBRE_MUNICIPIO,ESTADO_MUNICIPIO) values ('1061','85','85162','MONTERREY','1');
Insert into CARCENTER.TBL_MUNICIPIO (ID_MUNICIPIO,ID_DEPARTAMENTO,CODDANE_MUNICIPIO,NOMBRE_MUNICIPIO,ESTADO_MUNICIPIO) values ('1062','85','85225','NUNCHÍA','1');
Insert into CARCENTER.TBL_MUNICIPIO (ID_MUNICIPIO,ID_DEPARTAMENTO,CODDANE_MUNICIPIO,NOMBRE_MUNICIPIO,ESTADO_MUNICIPIO) values ('1063','85','85230','OROCUÉ','1');
Insert into CARCENTER.TBL_MUNICIPIO (ID_MUNICIPIO,ID_DEPARTAMENTO,CODDANE_MUNICIPIO,NOMBRE_MUNICIPIO,ESTADO_MUNICIPIO) values ('1064','85','85250','PAZ DE ARIPORO','1');
Insert into CARCENTER.TBL_MUNICIPIO (ID_MUNICIPIO,ID_DEPARTAMENTO,CODDANE_MUNICIPIO,NOMBRE_MUNICIPIO,ESTADO_MUNICIPIO) values ('1065','85','85263','PORE','1');
Insert into CARCENTER.TBL_MUNICIPIO (ID_MUNICIPIO,ID_DEPARTAMENTO,CODDANE_MUNICIPIO,NOMBRE_MUNICIPIO,ESTADO_MUNICIPIO) values ('1066','85','85279','RECETOR','1');
Insert into CARCENTER.TBL_MUNICIPIO (ID_MUNICIPIO,ID_DEPARTAMENTO,CODDANE_MUNICIPIO,NOMBRE_MUNICIPIO,ESTADO_MUNICIPIO) values ('1067','85','85300','SABANALARGA','1');
Insert into CARCENTER.TBL_MUNICIPIO (ID_MUNICIPIO,ID_DEPARTAMENTO,CODDANE_MUNICIPIO,NOMBRE_MUNICIPIO,ESTADO_MUNICIPIO) values ('1068','85','85315','SÁCAMA','1');
Insert into CARCENTER.TBL_MUNICIPIO (ID_MUNICIPIO,ID_DEPARTAMENTO,CODDANE_MUNICIPIO,NOMBRE_MUNICIPIO,ESTADO_MUNICIPIO) values ('1069','85','85325','SAN LUIS DE PALENQUE','1');
Insert into CARCENTER.TBL_MUNICIPIO (ID_MUNICIPIO,ID_DEPARTAMENTO,CODDANE_MUNICIPIO,NOMBRE_MUNICIPIO,ESTADO_MUNICIPIO) values ('1070','85','85400','TÁMARA','1');
Insert into CARCENTER.TBL_MUNICIPIO (ID_MUNICIPIO,ID_DEPARTAMENTO,CODDANE_MUNICIPIO,NOMBRE_MUNICIPIO,ESTADO_MUNICIPIO) values ('1071','85','85410','TAURAMENA','1');
Insert into CARCENTER.TBL_MUNICIPIO (ID_MUNICIPIO,ID_DEPARTAMENTO,CODDANE_MUNICIPIO,NOMBRE_MUNICIPIO,ESTADO_MUNICIPIO) values ('1072','85','85430','TRINIDAD','1');
Insert into CARCENTER.TBL_MUNICIPIO (ID_MUNICIPIO,ID_DEPARTAMENTO,CODDANE_MUNICIPIO,NOMBRE_MUNICIPIO,ESTADO_MUNICIPIO) values ('1073','85','85440','VILLANUEVA','1');
Insert into CARCENTER.TBL_MUNICIPIO (ID_MUNICIPIO,ID_DEPARTAMENTO,CODDANE_MUNICIPIO,NOMBRE_MUNICIPIO,ESTADO_MUNICIPIO) values ('1074','86','86001','MOCOA','1');
Insert into CARCENTER.TBL_MUNICIPIO (ID_MUNICIPIO,ID_DEPARTAMENTO,CODDANE_MUNICIPIO,NOMBRE_MUNICIPIO,ESTADO_MUNICIPIO) values ('1075','86','86219','COLÓN','1');
Insert into CARCENTER.TBL_MUNICIPIO (ID_MUNICIPIO,ID_DEPARTAMENTO,CODDANE_MUNICIPIO,NOMBRE_MUNICIPIO,ESTADO_MUNICIPIO) values ('1076','86','86320','ORITO','1');
Insert into CARCENTER.TBL_MUNICIPIO (ID_MUNICIPIO,ID_DEPARTAMENTO,CODDANE_MUNICIPIO,NOMBRE_MUNICIPIO,ESTADO_MUNICIPIO) values ('1077','86','86568','PUERTO ASÍS','1');
Insert into CARCENTER.TBL_MUNICIPIO (ID_MUNICIPIO,ID_DEPARTAMENTO,CODDANE_MUNICIPIO,NOMBRE_MUNICIPIO,ESTADO_MUNICIPIO) values ('1078','86','86569','PUERTO CAICEDO','1');
Insert into CARCENTER.TBL_MUNICIPIO (ID_MUNICIPIO,ID_DEPARTAMENTO,CODDANE_MUNICIPIO,NOMBRE_MUNICIPIO,ESTADO_MUNICIPIO) values ('1079','86','86571','PUERTO GUZMÁN','1');
Insert into CARCENTER.TBL_MUNICIPIO (ID_MUNICIPIO,ID_DEPARTAMENTO,CODDANE_MUNICIPIO,NOMBRE_MUNICIPIO,ESTADO_MUNICIPIO) values ('1080','86','86573','PUERTO LEGUÍZAMO','1');
Insert into CARCENTER.TBL_MUNICIPIO (ID_MUNICIPIO,ID_DEPARTAMENTO,CODDANE_MUNICIPIO,NOMBRE_MUNICIPIO,ESTADO_MUNICIPIO) values ('1081','86','86749','SIBUNDOY','1');
Insert into CARCENTER.TBL_MUNICIPIO (ID_MUNICIPIO,ID_DEPARTAMENTO,CODDANE_MUNICIPIO,NOMBRE_MUNICIPIO,ESTADO_MUNICIPIO) values ('1082','86','86755','SAN FRANCISCO','1');
Insert into CARCENTER.TBL_MUNICIPIO (ID_MUNICIPIO,ID_DEPARTAMENTO,CODDANE_MUNICIPIO,NOMBRE_MUNICIPIO,ESTADO_MUNICIPIO) values ('1083','86','86757','SAN MIGUEL','1');
Insert into CARCENTER.TBL_MUNICIPIO (ID_MUNICIPIO,ID_DEPARTAMENTO,CODDANE_MUNICIPIO,NOMBRE_MUNICIPIO,ESTADO_MUNICIPIO) values ('1084','86','86760','SANTIAGO','1');
Insert into CARCENTER.TBL_MUNICIPIO (ID_MUNICIPIO,ID_DEPARTAMENTO,CODDANE_MUNICIPIO,NOMBRE_MUNICIPIO,ESTADO_MUNICIPIO) values ('1085','86','86865','VALLE DEL GUAMUEZ','1');
Insert into CARCENTER.TBL_MUNICIPIO (ID_MUNICIPIO,ID_DEPARTAMENTO,CODDANE_MUNICIPIO,NOMBRE_MUNICIPIO,ESTADO_MUNICIPIO) values ('1086','86','86885','VILLAGARZÓN','1');
Insert into CARCENTER.TBL_MUNICIPIO (ID_MUNICIPIO,ID_DEPARTAMENTO,CODDANE_MUNICIPIO,NOMBRE_MUNICIPIO,ESTADO_MUNICIPIO) values ('1087','88','88001','SAN ANDRÉS','1');
Insert into CARCENTER.TBL_MUNICIPIO (ID_MUNICIPIO,ID_DEPARTAMENTO,CODDANE_MUNICIPIO,NOMBRE_MUNICIPIO,ESTADO_MUNICIPIO) values ('1088','88','88564','PROVIDENCIA','1');
Insert into CARCENTER.TBL_MUNICIPIO (ID_MUNICIPIO,ID_DEPARTAMENTO,CODDANE_MUNICIPIO,NOMBRE_MUNICIPIO,ESTADO_MUNICIPIO) values ('1089','91','91001','LETICIA','1');
Insert into CARCENTER.TBL_MUNICIPIO (ID_MUNICIPIO,ID_DEPARTAMENTO,CODDANE_MUNICIPIO,NOMBRE_MUNICIPIO,ESTADO_MUNICIPIO) values ('1090','91','91263','EL ENCANTO','1');
Insert into CARCENTER.TBL_MUNICIPIO (ID_MUNICIPIO,ID_DEPARTAMENTO,CODDANE_MUNICIPIO,NOMBRE_MUNICIPIO,ESTADO_MUNICIPIO) values ('1091','91','91405','LA CHORRERA','1');
Insert into CARCENTER.TBL_MUNICIPIO (ID_MUNICIPIO,ID_DEPARTAMENTO,CODDANE_MUNICIPIO,NOMBRE_MUNICIPIO,ESTADO_MUNICIPIO) values ('1092','91','91407','LA PEDRERA','1');
Insert into CARCENTER.TBL_MUNICIPIO (ID_MUNICIPIO,ID_DEPARTAMENTO,CODDANE_MUNICIPIO,NOMBRE_MUNICIPIO,ESTADO_MUNICIPIO) values ('1093','91','91430','LA VICTORIA','1');
Insert into CARCENTER.TBL_MUNICIPIO (ID_MUNICIPIO,ID_DEPARTAMENTO,CODDANE_MUNICIPIO,NOMBRE_MUNICIPIO,ESTADO_MUNICIPIO) values ('1094','91','91460','MIRITÍ - PARANÁ','1');
Insert into CARCENTER.TBL_MUNICIPIO (ID_MUNICIPIO,ID_DEPARTAMENTO,CODDANE_MUNICIPIO,NOMBRE_MUNICIPIO,ESTADO_MUNICIPIO) values ('1095','91','91530','PUERTO ALEGRÍA','1');
Insert into CARCENTER.TBL_MUNICIPIO (ID_MUNICIPIO,ID_DEPARTAMENTO,CODDANE_MUNICIPIO,NOMBRE_MUNICIPIO,ESTADO_MUNICIPIO) values ('1096','91','91536','PUERTO ARICA','1');
Insert into CARCENTER.TBL_MUNICIPIO (ID_MUNICIPIO,ID_DEPARTAMENTO,CODDANE_MUNICIPIO,NOMBRE_MUNICIPIO,ESTADO_MUNICIPIO) values ('1097','91','91540','PUERTO NARIÑO','1');
Insert into CARCENTER.TBL_MUNICIPIO (ID_MUNICIPIO,ID_DEPARTAMENTO,CODDANE_MUNICIPIO,NOMBRE_MUNICIPIO,ESTADO_MUNICIPIO) values ('1098','91','91669','PUERTO SANTANDER','1');
Insert into CARCENTER.TBL_MUNICIPIO (ID_MUNICIPIO,ID_DEPARTAMENTO,CODDANE_MUNICIPIO,NOMBRE_MUNICIPIO,ESTADO_MUNICIPIO) values ('1099','91','91798','TARAPACÁ','1');
Insert into CARCENTER.TBL_MUNICIPIO (ID_MUNICIPIO,ID_DEPARTAMENTO,CODDANE_MUNICIPIO,NOMBRE_MUNICIPIO,ESTADO_MUNICIPIO) values ('1100','94','94001','INÍRIDA','1');
Insert into CARCENTER.TBL_MUNICIPIO (ID_MUNICIPIO,ID_DEPARTAMENTO,CODDANE_MUNICIPIO,NOMBRE_MUNICIPIO,ESTADO_MUNICIPIO) values ('1101','94','94343','BARRANCOMINAS','1');
Insert into CARCENTER.TBL_MUNICIPIO (ID_MUNICIPIO,ID_DEPARTAMENTO,CODDANE_MUNICIPIO,NOMBRE_MUNICIPIO,ESTADO_MUNICIPIO) values ('1102','94','94883','SAN FELIPE','1');
Insert into CARCENTER.TBL_MUNICIPIO (ID_MUNICIPIO,ID_DEPARTAMENTO,CODDANE_MUNICIPIO,NOMBRE_MUNICIPIO,ESTADO_MUNICIPIO) values ('1103','94','94884','PUERTO COLOMBIA','1');
Insert into CARCENTER.TBL_MUNICIPIO (ID_MUNICIPIO,ID_DEPARTAMENTO,CODDANE_MUNICIPIO,NOMBRE_MUNICIPIO,ESTADO_MUNICIPIO) values ('1104','94','94885','LA GUADALUPE','1');
Insert into CARCENTER.TBL_MUNICIPIO (ID_MUNICIPIO,ID_DEPARTAMENTO,CODDANE_MUNICIPIO,NOMBRE_MUNICIPIO,ESTADO_MUNICIPIO) values ('1105','94','94886','CACAHUAL','1');
Insert into CARCENTER.TBL_MUNICIPIO (ID_MUNICIPIO,ID_DEPARTAMENTO,CODDANE_MUNICIPIO,NOMBRE_MUNICIPIO,ESTADO_MUNICIPIO) values ('1106','94','94887','PANA PANA','1');
Insert into CARCENTER.TBL_MUNICIPIO (ID_MUNICIPIO,ID_DEPARTAMENTO,CODDANE_MUNICIPIO,NOMBRE_MUNICIPIO,ESTADO_MUNICIPIO) values ('1107','94','94888','MORICHAL','1');
Insert into CARCENTER.TBL_MUNICIPIO (ID_MUNICIPIO,ID_DEPARTAMENTO,CODDANE_MUNICIPIO,NOMBRE_MUNICIPIO,ESTADO_MUNICIPIO) values ('1108','95','95001','SAN JOSÉ DEL GUAVIARE','1');
Insert into CARCENTER.TBL_MUNICIPIO (ID_MUNICIPIO,ID_DEPARTAMENTO,CODDANE_MUNICIPIO,NOMBRE_MUNICIPIO,ESTADO_MUNICIPIO) values ('1109','95','95015','CALAMAR','1');
Insert into CARCENTER.TBL_MUNICIPIO (ID_MUNICIPIO,ID_DEPARTAMENTO,CODDANE_MUNICIPIO,NOMBRE_MUNICIPIO,ESTADO_MUNICIPIO) values ('1110','95','95025','EL RETORNO','1');
Insert into CARCENTER.TBL_MUNICIPIO (ID_MUNICIPIO,ID_DEPARTAMENTO,CODDANE_MUNICIPIO,NOMBRE_MUNICIPIO,ESTADO_MUNICIPIO) values ('1111','95','95200','MIRAFLORES','1');
Insert into CARCENTER.TBL_MUNICIPIO (ID_MUNICIPIO,ID_DEPARTAMENTO,CODDANE_MUNICIPIO,NOMBRE_MUNICIPIO,ESTADO_MUNICIPIO) values ('1112','97','97001','MITÚ','1');
Insert into CARCENTER.TBL_MUNICIPIO (ID_MUNICIPIO,ID_DEPARTAMENTO,CODDANE_MUNICIPIO,NOMBRE_MUNICIPIO,ESTADO_MUNICIPIO) values ('1113','97','97161','CARURÚ','1');
Insert into CARCENTER.TBL_MUNICIPIO (ID_MUNICIPIO,ID_DEPARTAMENTO,CODDANE_MUNICIPIO,NOMBRE_MUNICIPIO,ESTADO_MUNICIPIO) values ('1114','97','97511','PACOA','1');
Insert into CARCENTER.TBL_MUNICIPIO (ID_MUNICIPIO,ID_DEPARTAMENTO,CODDANE_MUNICIPIO,NOMBRE_MUNICIPIO,ESTADO_MUNICIPIO) values ('1115','97','97666','TARAIRA','1');
Insert into CARCENTER.TBL_MUNICIPIO (ID_MUNICIPIO,ID_DEPARTAMENTO,CODDANE_MUNICIPIO,NOMBRE_MUNICIPIO,ESTADO_MUNICIPIO) values ('1116','97','97777','PAPUNAHUA','1');
Insert into CARCENTER.TBL_MUNICIPIO (ID_MUNICIPIO,ID_DEPARTAMENTO,CODDANE_MUNICIPIO,NOMBRE_MUNICIPIO,ESTADO_MUNICIPIO) values ('1117','97','97889','YAVARATÉ','1');
Insert into CARCENTER.TBL_MUNICIPIO (ID_MUNICIPIO,ID_DEPARTAMENTO,CODDANE_MUNICIPIO,NOMBRE_MUNICIPIO,ESTADO_MUNICIPIO) values ('1118','99','99001','PUERTO CARREÑO','1');
Insert into CARCENTER.TBL_MUNICIPIO (ID_MUNICIPIO,ID_DEPARTAMENTO,CODDANE_MUNICIPIO,NOMBRE_MUNICIPIO,ESTADO_MUNICIPIO) values ('1119','99','99524','LA PRIMAVERA','1');
Insert into CARCENTER.TBL_MUNICIPIO (ID_MUNICIPIO,ID_DEPARTAMENTO,CODDANE_MUNICIPIO,NOMBRE_MUNICIPIO,ESTADO_MUNICIPIO) values ('1120','99','99624','SANTA ROSALÍA','1');
Insert into CARCENTER.TBL_MUNICIPIO (ID_MUNICIPIO,ID_DEPARTAMENTO,CODDANE_MUNICIPIO,NOMBRE_MUNICIPIO,ESTADO_MUNICIPIO) values ('1121','99','99773','CUMARIBO','1');
Insert into CARCENTER.TBL_MUNICIPIO (ID_MUNICIPIO,ID_DEPARTAMENTO,CODDANE_MUNICIPIO,NOMBRE_MUNICIPIO,ESTADO_MUNICIPIO) values ('151','13','13006','ACHÍ','1');
Insert into CARCENTER.TBL_MUNICIPIO (ID_MUNICIPIO,ID_DEPARTAMENTO,CODDANE_MUNICIPIO,NOMBRE_MUNICIPIO,ESTADO_MUNICIPIO) values ('152','13','13030','ALTOS DEL ROSARIO','1');
Insert into CARCENTER.TBL_MUNICIPIO (ID_MUNICIPIO,ID_DEPARTAMENTO,CODDANE_MUNICIPIO,NOMBRE_MUNICIPIO,ESTADO_MUNICIPIO) values ('153','13','13042','ARENAL','1');
Insert into CARCENTER.TBL_MUNICIPIO (ID_MUNICIPIO,ID_DEPARTAMENTO,CODDANE_MUNICIPIO,NOMBRE_MUNICIPIO,ESTADO_MUNICIPIO) values ('154','13','13052','ARJONA','1');
Insert into CARCENTER.TBL_MUNICIPIO (ID_MUNICIPIO,ID_DEPARTAMENTO,CODDANE_MUNICIPIO,NOMBRE_MUNICIPIO,ESTADO_MUNICIPIO) values ('155','13','13062','ARROYOHONDO','1');
Insert into CARCENTER.TBL_MUNICIPIO (ID_MUNICIPIO,ID_DEPARTAMENTO,CODDANE_MUNICIPIO,NOMBRE_MUNICIPIO,ESTADO_MUNICIPIO) values ('156','13','13074','BARRANCO DE LOBA','1');
Insert into CARCENTER.TBL_MUNICIPIO (ID_MUNICIPIO,ID_DEPARTAMENTO,CODDANE_MUNICIPIO,NOMBRE_MUNICIPIO,ESTADO_MUNICIPIO) values ('157','13','13140','CALAMAR','1');
Insert into CARCENTER.TBL_MUNICIPIO (ID_MUNICIPIO,ID_DEPARTAMENTO,CODDANE_MUNICIPIO,NOMBRE_MUNICIPIO,ESTADO_MUNICIPIO) values ('158','13','13160','CANTAGALLO','1');
Insert into CARCENTER.TBL_MUNICIPIO (ID_MUNICIPIO,ID_DEPARTAMENTO,CODDANE_MUNICIPIO,NOMBRE_MUNICIPIO,ESTADO_MUNICIPIO) values ('159','13','13188','CICUCO','1');
Insert into CARCENTER.TBL_MUNICIPIO (ID_MUNICIPIO,ID_DEPARTAMENTO,CODDANE_MUNICIPIO,NOMBRE_MUNICIPIO,ESTADO_MUNICIPIO) values ('160','13','13212','CÓRDOBA','1');
Insert into CARCENTER.TBL_MUNICIPIO (ID_MUNICIPIO,ID_DEPARTAMENTO,CODDANE_MUNICIPIO,NOMBRE_MUNICIPIO,ESTADO_MUNICIPIO) values ('161','13','13222','CLEMENCIA','1');
Insert into CARCENTER.TBL_MUNICIPIO (ID_MUNICIPIO,ID_DEPARTAMENTO,CODDANE_MUNICIPIO,NOMBRE_MUNICIPIO,ESTADO_MUNICIPIO) values ('162','13','13244','EL CARMEN DE BOLÍVAR','1');
Insert into CARCENTER.TBL_MUNICIPIO (ID_MUNICIPIO,ID_DEPARTAMENTO,CODDANE_MUNICIPIO,NOMBRE_MUNICIPIO,ESTADO_MUNICIPIO) values ('163','13','13248','EL GUAMO','1');
Insert into CARCENTER.TBL_MUNICIPIO (ID_MUNICIPIO,ID_DEPARTAMENTO,CODDANE_MUNICIPIO,NOMBRE_MUNICIPIO,ESTADO_MUNICIPIO) values ('164','13','13268','EL PEÑÓN','1');
Insert into CARCENTER.TBL_MUNICIPIO (ID_MUNICIPIO,ID_DEPARTAMENTO,CODDANE_MUNICIPIO,NOMBRE_MUNICIPIO,ESTADO_MUNICIPIO) values ('165','13','13300','HATILLO DE LOBA','1');
Insert into CARCENTER.TBL_MUNICIPIO (ID_MUNICIPIO,ID_DEPARTAMENTO,CODDANE_MUNICIPIO,NOMBRE_MUNICIPIO,ESTADO_MUNICIPIO) values ('166','13','13430','MAGANGUÉ','1');
Insert into CARCENTER.TBL_MUNICIPIO (ID_MUNICIPIO,ID_DEPARTAMENTO,CODDANE_MUNICIPIO,NOMBRE_MUNICIPIO,ESTADO_MUNICIPIO) values ('167','13','13433','MAHATES','1');
Insert into CARCENTER.TBL_MUNICIPIO (ID_MUNICIPIO,ID_DEPARTAMENTO,CODDANE_MUNICIPIO,NOMBRE_MUNICIPIO,ESTADO_MUNICIPIO) values ('168','13','13440','MARGARITA','1');
Insert into CARCENTER.TBL_MUNICIPIO (ID_MUNICIPIO,ID_DEPARTAMENTO,CODDANE_MUNICIPIO,NOMBRE_MUNICIPIO,ESTADO_MUNICIPIO) values ('169','13','13442','MARÍA LA BAJA','1');
Insert into CARCENTER.TBL_MUNICIPIO (ID_MUNICIPIO,ID_DEPARTAMENTO,CODDANE_MUNICIPIO,NOMBRE_MUNICIPIO,ESTADO_MUNICIPIO) values ('170','13','13458','MONTECRISTO','1');
Insert into CARCENTER.TBL_MUNICIPIO (ID_MUNICIPIO,ID_DEPARTAMENTO,CODDANE_MUNICIPIO,NOMBRE_MUNICIPIO,ESTADO_MUNICIPIO) values ('171','13','13468','SANTA CRUZ DE MOMPOX','1');
Insert into CARCENTER.TBL_MUNICIPIO (ID_MUNICIPIO,ID_DEPARTAMENTO,CODDANE_MUNICIPIO,NOMBRE_MUNICIPIO,ESTADO_MUNICIPIO) values ('172','13','13473','MORALES','1');
Insert into CARCENTER.TBL_MUNICIPIO (ID_MUNICIPIO,ID_DEPARTAMENTO,CODDANE_MUNICIPIO,NOMBRE_MUNICIPIO,ESTADO_MUNICIPIO) values ('173','13','13490','NOROSÍ','1');
Insert into CARCENTER.TBL_MUNICIPIO (ID_MUNICIPIO,ID_DEPARTAMENTO,CODDANE_MUNICIPIO,NOMBRE_MUNICIPIO,ESTADO_MUNICIPIO) values ('174','13','13549','PINILLOS','1');
Insert into CARCENTER.TBL_MUNICIPIO (ID_MUNICIPIO,ID_DEPARTAMENTO,CODDANE_MUNICIPIO,NOMBRE_MUNICIPIO,ESTADO_MUNICIPIO) values ('175','13','13580','REGIDOR','1');
Insert into CARCENTER.TBL_MUNICIPIO (ID_MUNICIPIO,ID_DEPARTAMENTO,CODDANE_MUNICIPIO,NOMBRE_MUNICIPIO,ESTADO_MUNICIPIO) values ('176','13','13600','RÍO VIEJO','1');
Insert into CARCENTER.TBL_MUNICIPIO (ID_MUNICIPIO,ID_DEPARTAMENTO,CODDANE_MUNICIPIO,NOMBRE_MUNICIPIO,ESTADO_MUNICIPIO) values ('177','13','13620','SAN CRISTÓBAL','1');
Insert into CARCENTER.TBL_MUNICIPIO (ID_MUNICIPIO,ID_DEPARTAMENTO,CODDANE_MUNICIPIO,NOMBRE_MUNICIPIO,ESTADO_MUNICIPIO) values ('178','13','13647','SAN ESTANISLAO','1');
Insert into CARCENTER.TBL_MUNICIPIO (ID_MUNICIPIO,ID_DEPARTAMENTO,CODDANE_MUNICIPIO,NOMBRE_MUNICIPIO,ESTADO_MUNICIPIO) values ('179','13','13650','SAN FERNANDO','1');
Insert into CARCENTER.TBL_MUNICIPIO (ID_MUNICIPIO,ID_DEPARTAMENTO,CODDANE_MUNICIPIO,NOMBRE_MUNICIPIO,ESTADO_MUNICIPIO) values ('180','13','13654','SAN JACINTO','1');
Insert into CARCENTER.TBL_MUNICIPIO (ID_MUNICIPIO,ID_DEPARTAMENTO,CODDANE_MUNICIPIO,NOMBRE_MUNICIPIO,ESTADO_MUNICIPIO) values ('181','13','13655','SAN JACINTO DEL CAUCA','1');
Insert into CARCENTER.TBL_MUNICIPIO (ID_MUNICIPIO,ID_DEPARTAMENTO,CODDANE_MUNICIPIO,NOMBRE_MUNICIPIO,ESTADO_MUNICIPIO) values ('182','13','13657','SAN JUAN NEPOMUCENO','1');
Insert into CARCENTER.TBL_MUNICIPIO (ID_MUNICIPIO,ID_DEPARTAMENTO,CODDANE_MUNICIPIO,NOMBRE_MUNICIPIO,ESTADO_MUNICIPIO) values ('183','13','13667','SAN MARTÍN DE LOBA','1');
Insert into CARCENTER.TBL_MUNICIPIO (ID_MUNICIPIO,ID_DEPARTAMENTO,CODDANE_MUNICIPIO,NOMBRE_MUNICIPIO,ESTADO_MUNICIPIO) values ('184','13','13670','SAN PABLO','1');
Insert into CARCENTER.TBL_MUNICIPIO (ID_MUNICIPIO,ID_DEPARTAMENTO,CODDANE_MUNICIPIO,NOMBRE_MUNICIPIO,ESTADO_MUNICIPIO) values ('185','13','13673','SANTA CATALINA','1');
Insert into CARCENTER.TBL_MUNICIPIO (ID_MUNICIPIO,ID_DEPARTAMENTO,CODDANE_MUNICIPIO,NOMBRE_MUNICIPIO,ESTADO_MUNICIPIO) values ('186','13','13683','SANTA ROSA','1');
Insert into CARCENTER.TBL_MUNICIPIO (ID_MUNICIPIO,ID_DEPARTAMENTO,CODDANE_MUNICIPIO,NOMBRE_MUNICIPIO,ESTADO_MUNICIPIO) values ('187','13','13688','SANTA ROSA DEL SUR','1');
Insert into CARCENTER.TBL_MUNICIPIO (ID_MUNICIPIO,ID_DEPARTAMENTO,CODDANE_MUNICIPIO,NOMBRE_MUNICIPIO,ESTADO_MUNICIPIO) values ('188','13','13744','SIMITÍ','1');
Insert into CARCENTER.TBL_MUNICIPIO (ID_MUNICIPIO,ID_DEPARTAMENTO,CODDANE_MUNICIPIO,NOMBRE_MUNICIPIO,ESTADO_MUNICIPIO) values ('189','13','13760','SOPLAVIENTO','1');
Insert into CARCENTER.TBL_MUNICIPIO (ID_MUNICIPIO,ID_DEPARTAMENTO,CODDANE_MUNICIPIO,NOMBRE_MUNICIPIO,ESTADO_MUNICIPIO) values ('190','13','13780','TALAIGUA NUEVO','1');
Insert into CARCENTER.TBL_MUNICIPIO (ID_MUNICIPIO,ID_DEPARTAMENTO,CODDANE_MUNICIPIO,NOMBRE_MUNICIPIO,ESTADO_MUNICIPIO) values ('191','13','13810','TIQUISIO','1');
Insert into CARCENTER.TBL_MUNICIPIO (ID_MUNICIPIO,ID_DEPARTAMENTO,CODDANE_MUNICIPIO,NOMBRE_MUNICIPIO,ESTADO_MUNICIPIO) values ('192','13','13836','TURBACO','1');
Insert into CARCENTER.TBL_MUNICIPIO (ID_MUNICIPIO,ID_DEPARTAMENTO,CODDANE_MUNICIPIO,NOMBRE_MUNICIPIO,ESTADO_MUNICIPIO) values ('193','13','13838','TURBANÁ','1');
Insert into CARCENTER.TBL_MUNICIPIO (ID_MUNICIPIO,ID_DEPARTAMENTO,CODDANE_MUNICIPIO,NOMBRE_MUNICIPIO,ESTADO_MUNICIPIO) values ('194','13','13873','VILLANUEVA','1');
Insert into CARCENTER.TBL_MUNICIPIO (ID_MUNICIPIO,ID_DEPARTAMENTO,CODDANE_MUNICIPIO,NOMBRE_MUNICIPIO,ESTADO_MUNICIPIO) values ('195','13','13894','ZAMBRANO','1');
Insert into CARCENTER.TBL_MUNICIPIO (ID_MUNICIPIO,ID_DEPARTAMENTO,CODDANE_MUNICIPIO,NOMBRE_MUNICIPIO,ESTADO_MUNICIPIO) values ('196','15','15001','TUNJA','1');
Insert into CARCENTER.TBL_MUNICIPIO (ID_MUNICIPIO,ID_DEPARTAMENTO,CODDANE_MUNICIPIO,NOMBRE_MUNICIPIO,ESTADO_MUNICIPIO) values ('197','15','15022','ALMEIDA','1');
Insert into CARCENTER.TBL_MUNICIPIO (ID_MUNICIPIO,ID_DEPARTAMENTO,CODDANE_MUNICIPIO,NOMBRE_MUNICIPIO,ESTADO_MUNICIPIO) values ('198','15','15047','AQUITANIA','1');
Insert into CARCENTER.TBL_MUNICIPIO (ID_MUNICIPIO,ID_DEPARTAMENTO,CODDANE_MUNICIPIO,NOMBRE_MUNICIPIO,ESTADO_MUNICIPIO) values ('199','15','15051','ARCABUCO','1');
Insert into CARCENTER.TBL_MUNICIPIO (ID_MUNICIPIO,ID_DEPARTAMENTO,CODDANE_MUNICIPIO,NOMBRE_MUNICIPIO,ESTADO_MUNICIPIO) values ('200','15','15087','BELÉN','1');
Insert into CARCENTER.TBL_MUNICIPIO (ID_MUNICIPIO,ID_DEPARTAMENTO,CODDANE_MUNICIPIO,NOMBRE_MUNICIPIO,ESTADO_MUNICIPIO) values ('201','15','15090','BERBEO','1');
Insert into CARCENTER.TBL_MUNICIPIO (ID_MUNICIPIO,ID_DEPARTAMENTO,CODDANE_MUNICIPIO,NOMBRE_MUNICIPIO,ESTADO_MUNICIPIO) values ('202','15','15092','BETÉITIVA','1');
Insert into CARCENTER.TBL_MUNICIPIO (ID_MUNICIPIO,ID_DEPARTAMENTO,CODDANE_MUNICIPIO,NOMBRE_MUNICIPIO,ESTADO_MUNICIPIO) values ('203','15','15097','BOAVITA','1');
Insert into CARCENTER.TBL_MUNICIPIO (ID_MUNICIPIO,ID_DEPARTAMENTO,CODDANE_MUNICIPIO,NOMBRE_MUNICIPIO,ESTADO_MUNICIPIO) values ('204','15','15104','BOYACÁ','1');
Insert into CARCENTER.TBL_MUNICIPIO (ID_MUNICIPIO,ID_DEPARTAMENTO,CODDANE_MUNICIPIO,NOMBRE_MUNICIPIO,ESTADO_MUNICIPIO) values ('205','15','15106','BRICEÑO','1');
Insert into CARCENTER.TBL_MUNICIPIO (ID_MUNICIPIO,ID_DEPARTAMENTO,CODDANE_MUNICIPIO,NOMBRE_MUNICIPIO,ESTADO_MUNICIPIO) values ('206','15','15109','BUENAVISTA','1');
Insert into CARCENTER.TBL_MUNICIPIO (ID_MUNICIPIO,ID_DEPARTAMENTO,CODDANE_MUNICIPIO,NOMBRE_MUNICIPIO,ESTADO_MUNICIPIO) values ('207','15','15114','BUSBANZÁ','1');
Insert into CARCENTER.TBL_MUNICIPIO (ID_MUNICIPIO,ID_DEPARTAMENTO,CODDANE_MUNICIPIO,NOMBRE_MUNICIPIO,ESTADO_MUNICIPIO) values ('208','15','15131','CALDAS','1');
Insert into CARCENTER.TBL_MUNICIPIO (ID_MUNICIPIO,ID_DEPARTAMENTO,CODDANE_MUNICIPIO,NOMBRE_MUNICIPIO,ESTADO_MUNICIPIO) values ('209','15','15135','CAMPOHERMOSO','1');
Insert into CARCENTER.TBL_MUNICIPIO (ID_MUNICIPIO,ID_DEPARTAMENTO,CODDANE_MUNICIPIO,NOMBRE_MUNICIPIO,ESTADO_MUNICIPIO) values ('210','15','15162','CERINZA','1');
Insert into CARCENTER.TBL_MUNICIPIO (ID_MUNICIPIO,ID_DEPARTAMENTO,CODDANE_MUNICIPIO,NOMBRE_MUNICIPIO,ESTADO_MUNICIPIO) values ('211','15','15172','CHINAVITA','1');
Insert into CARCENTER.TBL_MUNICIPIO (ID_MUNICIPIO,ID_DEPARTAMENTO,CODDANE_MUNICIPIO,NOMBRE_MUNICIPIO,ESTADO_MUNICIPIO) values ('212','15','15176','CHIQUINQUIRÁ','1');
Insert into CARCENTER.TBL_MUNICIPIO (ID_MUNICIPIO,ID_DEPARTAMENTO,CODDANE_MUNICIPIO,NOMBRE_MUNICIPIO,ESTADO_MUNICIPIO) values ('213','15','15180','CHISCAS','1');
Insert into CARCENTER.TBL_MUNICIPIO (ID_MUNICIPIO,ID_DEPARTAMENTO,CODDANE_MUNICIPIO,NOMBRE_MUNICIPIO,ESTADO_MUNICIPIO) values ('214','15','15183','CHITA','1');
Insert into CARCENTER.TBL_MUNICIPIO (ID_MUNICIPIO,ID_DEPARTAMENTO,CODDANE_MUNICIPIO,NOMBRE_MUNICIPIO,ESTADO_MUNICIPIO) values ('215','15','15185','CHITARAQUE','1');
Insert into CARCENTER.TBL_MUNICIPIO (ID_MUNICIPIO,ID_DEPARTAMENTO,CODDANE_MUNICIPIO,NOMBRE_MUNICIPIO,ESTADO_MUNICIPIO) values ('216','15','15187','CHIVATÁ','1');
Insert into CARCENTER.TBL_MUNICIPIO (ID_MUNICIPIO,ID_DEPARTAMENTO,CODDANE_MUNICIPIO,NOMBRE_MUNICIPIO,ESTADO_MUNICIPIO) values ('217','15','15189','CIÉNEGA','1');
Insert into CARCENTER.TBL_MUNICIPIO (ID_MUNICIPIO,ID_DEPARTAMENTO,CODDANE_MUNICIPIO,NOMBRE_MUNICIPIO,ESTADO_MUNICIPIO) values ('218','15','15204','CÓMBITA','1');
Insert into CARCENTER.TBL_MUNICIPIO (ID_MUNICIPIO,ID_DEPARTAMENTO,CODDANE_MUNICIPIO,NOMBRE_MUNICIPIO,ESTADO_MUNICIPIO) values ('219','15','15212','COPER','1');
Insert into CARCENTER.TBL_MUNICIPIO (ID_MUNICIPIO,ID_DEPARTAMENTO,CODDANE_MUNICIPIO,NOMBRE_MUNICIPIO,ESTADO_MUNICIPIO) values ('220','15','15215','CORRALES','1');
Insert into CARCENTER.TBL_MUNICIPIO (ID_MUNICIPIO,ID_DEPARTAMENTO,CODDANE_MUNICIPIO,NOMBRE_MUNICIPIO,ESTADO_MUNICIPIO) values ('221','15','15218','COVARACHÍA','1');
Insert into CARCENTER.TBL_MUNICIPIO (ID_MUNICIPIO,ID_DEPARTAMENTO,CODDANE_MUNICIPIO,NOMBRE_MUNICIPIO,ESTADO_MUNICIPIO) values ('222','15','15223','CUBARÁ','1');
Insert into CARCENTER.TBL_MUNICIPIO (ID_MUNICIPIO,ID_DEPARTAMENTO,CODDANE_MUNICIPIO,NOMBRE_MUNICIPIO,ESTADO_MUNICIPIO) values ('223','15','15224','CUCAITA','1');
Insert into CARCENTER.TBL_MUNICIPIO (ID_MUNICIPIO,ID_DEPARTAMENTO,CODDANE_MUNICIPIO,NOMBRE_MUNICIPIO,ESTADO_MUNICIPIO) values ('224','15','15226','CUÍTIVA','1');
Insert into CARCENTER.TBL_MUNICIPIO (ID_MUNICIPIO,ID_DEPARTAMENTO,CODDANE_MUNICIPIO,NOMBRE_MUNICIPIO,ESTADO_MUNICIPIO) values ('225','15','15232','CHÍQUIZA','1');
Insert into CARCENTER.TBL_MUNICIPIO (ID_MUNICIPIO,ID_DEPARTAMENTO,CODDANE_MUNICIPIO,NOMBRE_MUNICIPIO,ESTADO_MUNICIPIO) values ('226','15','15236','CHIVOR','1');
Insert into CARCENTER.TBL_MUNICIPIO (ID_MUNICIPIO,ID_DEPARTAMENTO,CODDANE_MUNICIPIO,NOMBRE_MUNICIPIO,ESTADO_MUNICIPIO) values ('227','15','15238','DUITAMA','1');
Insert into CARCENTER.TBL_MUNICIPIO (ID_MUNICIPIO,ID_DEPARTAMENTO,CODDANE_MUNICIPIO,NOMBRE_MUNICIPIO,ESTADO_MUNICIPIO) values ('228','15','15244','EL COCUY','1');
Insert into CARCENTER.TBL_MUNICIPIO (ID_MUNICIPIO,ID_DEPARTAMENTO,CODDANE_MUNICIPIO,NOMBRE_MUNICIPIO,ESTADO_MUNICIPIO) values ('229','15','15248','EL ESPINO','1');
Insert into CARCENTER.TBL_MUNICIPIO (ID_MUNICIPIO,ID_DEPARTAMENTO,CODDANE_MUNICIPIO,NOMBRE_MUNICIPIO,ESTADO_MUNICIPIO) values ('230','15','15272','FIRAVITOBA','1');
Insert into CARCENTER.TBL_MUNICIPIO (ID_MUNICIPIO,ID_DEPARTAMENTO,CODDANE_MUNICIPIO,NOMBRE_MUNICIPIO,ESTADO_MUNICIPIO) values ('231','15','15276','FLORESTA','1');
Insert into CARCENTER.TBL_MUNICIPIO (ID_MUNICIPIO,ID_DEPARTAMENTO,CODDANE_MUNICIPIO,NOMBRE_MUNICIPIO,ESTADO_MUNICIPIO) values ('232','15','15293','GACHANTIVÁ','1');
Insert into CARCENTER.TBL_MUNICIPIO (ID_MUNICIPIO,ID_DEPARTAMENTO,CODDANE_MUNICIPIO,NOMBRE_MUNICIPIO,ESTADO_MUNICIPIO) values ('233','15','15296','GÁMEZA','1');
Insert into CARCENTER.TBL_MUNICIPIO (ID_MUNICIPIO,ID_DEPARTAMENTO,CODDANE_MUNICIPIO,NOMBRE_MUNICIPIO,ESTADO_MUNICIPIO) values ('234','15','15299','GARAGOA','1');
Insert into CARCENTER.TBL_MUNICIPIO (ID_MUNICIPIO,ID_DEPARTAMENTO,CODDANE_MUNICIPIO,NOMBRE_MUNICIPIO,ESTADO_MUNICIPIO) values ('235','15','15317','GUACAMAYAS','1');
Insert into CARCENTER.TBL_MUNICIPIO (ID_MUNICIPIO,ID_DEPARTAMENTO,CODDANE_MUNICIPIO,NOMBRE_MUNICIPIO,ESTADO_MUNICIPIO) values ('236','15','15322','GUATEQUE','1');
Insert into CARCENTER.TBL_MUNICIPIO (ID_MUNICIPIO,ID_DEPARTAMENTO,CODDANE_MUNICIPIO,NOMBRE_MUNICIPIO,ESTADO_MUNICIPIO) values ('237','15','15325','GUAYATÁ','1');
Insert into CARCENTER.TBL_MUNICIPIO (ID_MUNICIPIO,ID_DEPARTAMENTO,CODDANE_MUNICIPIO,NOMBRE_MUNICIPIO,ESTADO_MUNICIPIO) values ('238','15','15332','GÜICÁN DE LA SIERRA','1');
Insert into CARCENTER.TBL_MUNICIPIO (ID_MUNICIPIO,ID_DEPARTAMENTO,CODDANE_MUNICIPIO,NOMBRE_MUNICIPIO,ESTADO_MUNICIPIO) values ('239','15','15362','IZA','1');
Insert into CARCENTER.TBL_MUNICIPIO (ID_MUNICIPIO,ID_DEPARTAMENTO,CODDANE_MUNICIPIO,NOMBRE_MUNICIPIO,ESTADO_MUNICIPIO) values ('240','15','15367','JENESANO','1');
Insert into CARCENTER.TBL_MUNICIPIO (ID_MUNICIPIO,ID_DEPARTAMENTO,CODDANE_MUNICIPIO,NOMBRE_MUNICIPIO,ESTADO_MUNICIPIO) values ('241','15','15368','JERICÓ','1');
Insert into CARCENTER.TBL_MUNICIPIO (ID_MUNICIPIO,ID_DEPARTAMENTO,CODDANE_MUNICIPIO,NOMBRE_MUNICIPIO,ESTADO_MUNICIPIO) values ('242','15','15377','LABRANZAGRANDE','1');
Insert into CARCENTER.TBL_MUNICIPIO (ID_MUNICIPIO,ID_DEPARTAMENTO,CODDANE_MUNICIPIO,NOMBRE_MUNICIPIO,ESTADO_MUNICIPIO) values ('243','15','15380','LA CAPILLA','1');
Insert into CARCENTER.TBL_MUNICIPIO (ID_MUNICIPIO,ID_DEPARTAMENTO,CODDANE_MUNICIPIO,NOMBRE_MUNICIPIO,ESTADO_MUNICIPIO) values ('244','15','15401','LA VICTORIA','1');
Insert into CARCENTER.TBL_MUNICIPIO (ID_MUNICIPIO,ID_DEPARTAMENTO,CODDANE_MUNICIPIO,NOMBRE_MUNICIPIO,ESTADO_MUNICIPIO) values ('245','15','15403','LA UVITA','1');
Insert into CARCENTER.TBL_MUNICIPIO (ID_MUNICIPIO,ID_DEPARTAMENTO,CODDANE_MUNICIPIO,NOMBRE_MUNICIPIO,ESTADO_MUNICIPIO) values ('246','15','15407','VILLA DE LEYVA','1');
Insert into CARCENTER.TBL_MUNICIPIO (ID_MUNICIPIO,ID_DEPARTAMENTO,CODDANE_MUNICIPIO,NOMBRE_MUNICIPIO,ESTADO_MUNICIPIO) values ('247','15','15425','MACANAL','1');
Insert into CARCENTER.TBL_MUNICIPIO (ID_MUNICIPIO,ID_DEPARTAMENTO,CODDANE_MUNICIPIO,NOMBRE_MUNICIPIO,ESTADO_MUNICIPIO) values ('248','15','15442','MARIPÍ','1');
Insert into CARCENTER.TBL_MUNICIPIO (ID_MUNICIPIO,ID_DEPARTAMENTO,CODDANE_MUNICIPIO,NOMBRE_MUNICIPIO,ESTADO_MUNICIPIO) values ('249','15','15455','MIRAFLORES','1');
Insert into CARCENTER.TBL_MUNICIPIO (ID_MUNICIPIO,ID_DEPARTAMENTO,CODDANE_MUNICIPIO,NOMBRE_MUNICIPIO,ESTADO_MUNICIPIO) values ('250','15','15464','MONGUA','1');
Insert into CARCENTER.TBL_MUNICIPIO (ID_MUNICIPIO,ID_DEPARTAMENTO,CODDANE_MUNICIPIO,NOMBRE_MUNICIPIO,ESTADO_MUNICIPIO) values ('251','15','15466','MONGUÍ','1');
Insert into CARCENTER.TBL_MUNICIPIO (ID_MUNICIPIO,ID_DEPARTAMENTO,CODDANE_MUNICIPIO,NOMBRE_MUNICIPIO,ESTADO_MUNICIPIO) values ('252','15','15469','MONIQUIRÁ','1');
Insert into CARCENTER.TBL_MUNICIPIO (ID_MUNICIPIO,ID_DEPARTAMENTO,CODDANE_MUNICIPIO,NOMBRE_MUNICIPIO,ESTADO_MUNICIPIO) values ('253','15','15476','MOTAVITA','1');
Insert into CARCENTER.TBL_MUNICIPIO (ID_MUNICIPIO,ID_DEPARTAMENTO,CODDANE_MUNICIPIO,NOMBRE_MUNICIPIO,ESTADO_MUNICIPIO) values ('254','15','15480','MUZO','1');
Insert into CARCENTER.TBL_MUNICIPIO (ID_MUNICIPIO,ID_DEPARTAMENTO,CODDANE_MUNICIPIO,NOMBRE_MUNICIPIO,ESTADO_MUNICIPIO) values ('255','15','15491','NOBSA','1');
Insert into CARCENTER.TBL_MUNICIPIO (ID_MUNICIPIO,ID_DEPARTAMENTO,CODDANE_MUNICIPIO,NOMBRE_MUNICIPIO,ESTADO_MUNICIPIO) values ('256','15','15494','NUEVO COLÓN','1');
Insert into CARCENTER.TBL_MUNICIPIO (ID_MUNICIPIO,ID_DEPARTAMENTO,CODDANE_MUNICIPIO,NOMBRE_MUNICIPIO,ESTADO_MUNICIPIO) values ('257','15','15500','OICATÁ','1');
Insert into CARCENTER.TBL_MUNICIPIO (ID_MUNICIPIO,ID_DEPARTAMENTO,CODDANE_MUNICIPIO,NOMBRE_MUNICIPIO,ESTADO_MUNICIPIO) values ('258','15','15507','OTANCHE','1');
Insert into CARCENTER.TBL_MUNICIPIO (ID_MUNICIPIO,ID_DEPARTAMENTO,CODDANE_MUNICIPIO,NOMBRE_MUNICIPIO,ESTADO_MUNICIPIO) values ('259','15','15511','PACHAVITA','1');
Insert into CARCENTER.TBL_MUNICIPIO (ID_MUNICIPIO,ID_DEPARTAMENTO,CODDANE_MUNICIPIO,NOMBRE_MUNICIPIO,ESTADO_MUNICIPIO) values ('260','15','15514','PÁEZ','1');
Insert into CARCENTER.TBL_MUNICIPIO (ID_MUNICIPIO,ID_DEPARTAMENTO,CODDANE_MUNICIPIO,NOMBRE_MUNICIPIO,ESTADO_MUNICIPIO) values ('261','15','15516','PAIPA','1');
Insert into CARCENTER.TBL_MUNICIPIO (ID_MUNICIPIO,ID_DEPARTAMENTO,CODDANE_MUNICIPIO,NOMBRE_MUNICIPIO,ESTADO_MUNICIPIO) values ('262','15','15518','PAJARITO','1');
Insert into CARCENTER.TBL_MUNICIPIO (ID_MUNICIPIO,ID_DEPARTAMENTO,CODDANE_MUNICIPIO,NOMBRE_MUNICIPIO,ESTADO_MUNICIPIO) values ('263','15','15522','PANQUEBA','1');
Insert into CARCENTER.TBL_MUNICIPIO (ID_MUNICIPIO,ID_DEPARTAMENTO,CODDANE_MUNICIPIO,NOMBRE_MUNICIPIO,ESTADO_MUNICIPIO) values ('264','15','15531','PAUNA','1');
Insert into CARCENTER.TBL_MUNICIPIO (ID_MUNICIPIO,ID_DEPARTAMENTO,CODDANE_MUNICIPIO,NOMBRE_MUNICIPIO,ESTADO_MUNICIPIO) values ('265','15','15533','PAYA','1');
Insert into CARCENTER.TBL_MUNICIPIO (ID_MUNICIPIO,ID_DEPARTAMENTO,CODDANE_MUNICIPIO,NOMBRE_MUNICIPIO,ESTADO_MUNICIPIO) values ('266','15','15537','PAZ DE RÍO','1');
Insert into CARCENTER.TBL_MUNICIPIO (ID_MUNICIPIO,ID_DEPARTAMENTO,CODDANE_MUNICIPIO,NOMBRE_MUNICIPIO,ESTADO_MUNICIPIO) values ('267','15','15542','PESCA','1');
Insert into CARCENTER.TBL_MUNICIPIO (ID_MUNICIPIO,ID_DEPARTAMENTO,CODDANE_MUNICIPIO,NOMBRE_MUNICIPIO,ESTADO_MUNICIPIO) values ('268','15','15550','PISBA','1');
Insert into CARCENTER.TBL_MUNICIPIO (ID_MUNICIPIO,ID_DEPARTAMENTO,CODDANE_MUNICIPIO,NOMBRE_MUNICIPIO,ESTADO_MUNICIPIO) values ('269','15','15572','PUERTO BOYACÁ','1');
Insert into CARCENTER.TBL_MUNICIPIO (ID_MUNICIPIO,ID_DEPARTAMENTO,CODDANE_MUNICIPIO,NOMBRE_MUNICIPIO,ESTADO_MUNICIPIO) values ('270','15','15580','QUÍPAMA','1');
Insert into CARCENTER.TBL_MUNICIPIO (ID_MUNICIPIO,ID_DEPARTAMENTO,CODDANE_MUNICIPIO,NOMBRE_MUNICIPIO,ESTADO_MUNICIPIO) values ('271','15','15599','RAMIRIQUÍ','1');
Insert into CARCENTER.TBL_MUNICIPIO (ID_MUNICIPIO,ID_DEPARTAMENTO,CODDANE_MUNICIPIO,NOMBRE_MUNICIPIO,ESTADO_MUNICIPIO) values ('272','15','15600','RÁQUIRA','1');
Insert into CARCENTER.TBL_MUNICIPIO (ID_MUNICIPIO,ID_DEPARTAMENTO,CODDANE_MUNICIPIO,NOMBRE_MUNICIPIO,ESTADO_MUNICIPIO) values ('273','15','15621','RONDÓN','1');
Insert into CARCENTER.TBL_MUNICIPIO (ID_MUNICIPIO,ID_DEPARTAMENTO,CODDANE_MUNICIPIO,NOMBRE_MUNICIPIO,ESTADO_MUNICIPIO) values ('274','15','15632','SABOYÁ','1');
Insert into CARCENTER.TBL_MUNICIPIO (ID_MUNICIPIO,ID_DEPARTAMENTO,CODDANE_MUNICIPIO,NOMBRE_MUNICIPIO,ESTADO_MUNICIPIO) values ('275','15','15638','SÁCHICA','1');
Insert into CARCENTER.TBL_MUNICIPIO (ID_MUNICIPIO,ID_DEPARTAMENTO,CODDANE_MUNICIPIO,NOMBRE_MUNICIPIO,ESTADO_MUNICIPIO) values ('276','15','15646','SAMACÁ','1');
Insert into CARCENTER.TBL_MUNICIPIO (ID_MUNICIPIO,ID_DEPARTAMENTO,CODDANE_MUNICIPIO,NOMBRE_MUNICIPIO,ESTADO_MUNICIPIO) values ('277','15','15660','SAN EDUARDO','1');
Insert into CARCENTER.TBL_MUNICIPIO (ID_MUNICIPIO,ID_DEPARTAMENTO,CODDANE_MUNICIPIO,NOMBRE_MUNICIPIO,ESTADO_MUNICIPIO) values ('278','15','15664','SAN JOSÉ DE PARE','1');
Insert into CARCENTER.TBL_MUNICIPIO (ID_MUNICIPIO,ID_DEPARTAMENTO,CODDANE_MUNICIPIO,NOMBRE_MUNICIPIO,ESTADO_MUNICIPIO) values ('279','15','15667','SAN LUIS DE GACENO','1');
Insert into CARCENTER.TBL_MUNICIPIO (ID_MUNICIPIO,ID_DEPARTAMENTO,CODDANE_MUNICIPIO,NOMBRE_MUNICIPIO,ESTADO_MUNICIPIO) values ('280','15','15673','SAN MATEO','1');
Insert into CARCENTER.TBL_MUNICIPIO (ID_MUNICIPIO,ID_DEPARTAMENTO,CODDANE_MUNICIPIO,NOMBRE_MUNICIPIO,ESTADO_MUNICIPIO) values ('281','15','15676','SAN MIGUEL DE SEMA','1');
Insert into CARCENTER.TBL_MUNICIPIO (ID_MUNICIPIO,ID_DEPARTAMENTO,CODDANE_MUNICIPIO,NOMBRE_MUNICIPIO,ESTADO_MUNICIPIO) values ('282','15','15681','SAN PABLO DE BORBUR','1');
Insert into CARCENTER.TBL_MUNICIPIO (ID_MUNICIPIO,ID_DEPARTAMENTO,CODDANE_MUNICIPIO,NOMBRE_MUNICIPIO,ESTADO_MUNICIPIO) values ('283','15','15686','SANTANA','1');
Insert into CARCENTER.TBL_MUNICIPIO (ID_MUNICIPIO,ID_DEPARTAMENTO,CODDANE_MUNICIPIO,NOMBRE_MUNICIPIO,ESTADO_MUNICIPIO) values ('284','15','15690','SANTA MARÍA','1');
Insert into CARCENTER.TBL_MUNICIPIO (ID_MUNICIPIO,ID_DEPARTAMENTO,CODDANE_MUNICIPIO,NOMBRE_MUNICIPIO,ESTADO_MUNICIPIO) values ('285','15','15693','SANTA ROSA DE VITERBO','1');
Insert into CARCENTER.TBL_MUNICIPIO (ID_MUNICIPIO,ID_DEPARTAMENTO,CODDANE_MUNICIPIO,NOMBRE_MUNICIPIO,ESTADO_MUNICIPIO) values ('286','15','15696','SANTA SOFÍA','1');
Insert into CARCENTER.TBL_MUNICIPIO (ID_MUNICIPIO,ID_DEPARTAMENTO,CODDANE_MUNICIPIO,NOMBRE_MUNICIPIO,ESTADO_MUNICIPIO) values ('287','15','15720','SATIVANORTE','1');
Insert into CARCENTER.TBL_MUNICIPIO (ID_MUNICIPIO,ID_DEPARTAMENTO,CODDANE_MUNICIPIO,NOMBRE_MUNICIPIO,ESTADO_MUNICIPIO) values ('288','15','15723','SATIVASUR','1');
Insert into CARCENTER.TBL_MUNICIPIO (ID_MUNICIPIO,ID_DEPARTAMENTO,CODDANE_MUNICIPIO,NOMBRE_MUNICIPIO,ESTADO_MUNICIPIO) values ('289','15','15740','SIACHOQUE','1');
Insert into CARCENTER.TBL_MUNICIPIO (ID_MUNICIPIO,ID_DEPARTAMENTO,CODDANE_MUNICIPIO,NOMBRE_MUNICIPIO,ESTADO_MUNICIPIO) values ('290','15','15753','SOATÁ','1');
Insert into CARCENTER.TBL_MUNICIPIO (ID_MUNICIPIO,ID_DEPARTAMENTO,CODDANE_MUNICIPIO,NOMBRE_MUNICIPIO,ESTADO_MUNICIPIO) values ('291','15','15755','SOCOTÁ','1');
Insert into CARCENTER.TBL_MUNICIPIO (ID_MUNICIPIO,ID_DEPARTAMENTO,CODDANE_MUNICIPIO,NOMBRE_MUNICIPIO,ESTADO_MUNICIPIO) values ('292','15','15757','SOCHA','1');
Insert into CARCENTER.TBL_MUNICIPIO (ID_MUNICIPIO,ID_DEPARTAMENTO,CODDANE_MUNICIPIO,NOMBRE_MUNICIPIO,ESTADO_MUNICIPIO) values ('293','15','15759','SOGAMOSO','1');
Insert into CARCENTER.TBL_MUNICIPIO (ID_MUNICIPIO,ID_DEPARTAMENTO,CODDANE_MUNICIPIO,NOMBRE_MUNICIPIO,ESTADO_MUNICIPIO) values ('294','15','15761','SOMONDOCO','1');
Insert into CARCENTER.TBL_MUNICIPIO (ID_MUNICIPIO,ID_DEPARTAMENTO,CODDANE_MUNICIPIO,NOMBRE_MUNICIPIO,ESTADO_MUNICIPIO) values ('295','15','15762','SORA','1');
Insert into CARCENTER.TBL_MUNICIPIO (ID_MUNICIPIO,ID_DEPARTAMENTO,CODDANE_MUNICIPIO,NOMBRE_MUNICIPIO,ESTADO_MUNICIPIO) values ('296','15','15763','SOTAQUIRÁ','1');
Insert into CARCENTER.TBL_MUNICIPIO (ID_MUNICIPIO,ID_DEPARTAMENTO,CODDANE_MUNICIPIO,NOMBRE_MUNICIPIO,ESTADO_MUNICIPIO) values ('297','15','15764','SORACÁ','1');
Insert into CARCENTER.TBL_MUNICIPIO (ID_MUNICIPIO,ID_DEPARTAMENTO,CODDANE_MUNICIPIO,NOMBRE_MUNICIPIO,ESTADO_MUNICIPIO) values ('298','15','15774','SUSACÓN','1');
Insert into CARCENTER.TBL_MUNICIPIO (ID_MUNICIPIO,ID_DEPARTAMENTO,CODDANE_MUNICIPIO,NOMBRE_MUNICIPIO,ESTADO_MUNICIPIO) values ('299','15','15776','SUTAMARCHÁN','1');
Insert into CARCENTER.TBL_MUNICIPIO (ID_MUNICIPIO,ID_DEPARTAMENTO,CODDANE_MUNICIPIO,NOMBRE_MUNICIPIO,ESTADO_MUNICIPIO) values ('300','15','15778','SUTATENZA','1');
Insert into CARCENTER.TBL_MUNICIPIO (ID_MUNICIPIO,ID_DEPARTAMENTO,CODDANE_MUNICIPIO,NOMBRE_MUNICIPIO,ESTADO_MUNICIPIO) values ('301','15','15790','TASCO','1');
Insert into CARCENTER.TBL_MUNICIPIO (ID_MUNICIPIO,ID_DEPARTAMENTO,CODDANE_MUNICIPIO,NOMBRE_MUNICIPIO,ESTADO_MUNICIPIO) values ('302','15','15798','TENZA','1');
Insert into CARCENTER.TBL_MUNICIPIO (ID_MUNICIPIO,ID_DEPARTAMENTO,CODDANE_MUNICIPIO,NOMBRE_MUNICIPIO,ESTADO_MUNICIPIO) values ('303','15','15804','TIBANÁ','1');
Insert into CARCENTER.TBL_MUNICIPIO (ID_MUNICIPIO,ID_DEPARTAMENTO,CODDANE_MUNICIPIO,NOMBRE_MUNICIPIO,ESTADO_MUNICIPIO) values ('304','15','15806','TIBASOSA','1');
Insert into CARCENTER.TBL_MUNICIPIO (ID_MUNICIPIO,ID_DEPARTAMENTO,CODDANE_MUNICIPIO,NOMBRE_MUNICIPIO,ESTADO_MUNICIPIO) values ('305','15','15808','TINJACÁ','1');
Insert into CARCENTER.TBL_MUNICIPIO (ID_MUNICIPIO,ID_DEPARTAMENTO,CODDANE_MUNICIPIO,NOMBRE_MUNICIPIO,ESTADO_MUNICIPIO) values ('306','15','15810','TIPACOQUE','1');
Insert into CARCENTER.TBL_MUNICIPIO (ID_MUNICIPIO,ID_DEPARTAMENTO,CODDANE_MUNICIPIO,NOMBRE_MUNICIPIO,ESTADO_MUNICIPIO) values ('307','15','15814','TOCA','1');
Insert into CARCENTER.TBL_MUNICIPIO (ID_MUNICIPIO,ID_DEPARTAMENTO,CODDANE_MUNICIPIO,NOMBRE_MUNICIPIO,ESTADO_MUNICIPIO) values ('308','15','15816','TOGÜÍ','1');
Insert into CARCENTER.TBL_MUNICIPIO (ID_MUNICIPIO,ID_DEPARTAMENTO,CODDANE_MUNICIPIO,NOMBRE_MUNICIPIO,ESTADO_MUNICIPIO) values ('309','15','15820','TÓPAGA','1');
Insert into CARCENTER.TBL_MUNICIPIO (ID_MUNICIPIO,ID_DEPARTAMENTO,CODDANE_MUNICIPIO,NOMBRE_MUNICIPIO,ESTADO_MUNICIPIO) values ('310','15','15822','TOTA','1');
Insert into CARCENTER.TBL_MUNICIPIO (ID_MUNICIPIO,ID_DEPARTAMENTO,CODDANE_MUNICIPIO,NOMBRE_MUNICIPIO,ESTADO_MUNICIPIO) values ('311','15','15832','TUNUNGUÁ','1');
Insert into CARCENTER.TBL_MUNICIPIO (ID_MUNICIPIO,ID_DEPARTAMENTO,CODDANE_MUNICIPIO,NOMBRE_MUNICIPIO,ESTADO_MUNICIPIO) values ('312','15','15835','TURMEQUÉ','1');
Insert into CARCENTER.TBL_MUNICIPIO (ID_MUNICIPIO,ID_DEPARTAMENTO,CODDANE_MUNICIPIO,NOMBRE_MUNICIPIO,ESTADO_MUNICIPIO) values ('313','15','15837','TUTA','1');
Insert into CARCENTER.TBL_MUNICIPIO (ID_MUNICIPIO,ID_DEPARTAMENTO,CODDANE_MUNICIPIO,NOMBRE_MUNICIPIO,ESTADO_MUNICIPIO) values ('314','15','15839','TUTAZÁ','1');
Insert into CARCENTER.TBL_MUNICIPIO (ID_MUNICIPIO,ID_DEPARTAMENTO,CODDANE_MUNICIPIO,NOMBRE_MUNICIPIO,ESTADO_MUNICIPIO) values ('315','15','15842','ÚMBITA','1');
Insert into CARCENTER.TBL_MUNICIPIO (ID_MUNICIPIO,ID_DEPARTAMENTO,CODDANE_MUNICIPIO,NOMBRE_MUNICIPIO,ESTADO_MUNICIPIO) values ('316','15','15861','VENTAQUEMADA','1');
Insert into CARCENTER.TBL_MUNICIPIO (ID_MUNICIPIO,ID_DEPARTAMENTO,CODDANE_MUNICIPIO,NOMBRE_MUNICIPIO,ESTADO_MUNICIPIO) values ('317','15','15879','VIRACACHÁ','1');
Insert into CARCENTER.TBL_MUNICIPIO (ID_MUNICIPIO,ID_DEPARTAMENTO,CODDANE_MUNICIPIO,NOMBRE_MUNICIPIO,ESTADO_MUNICIPIO) values ('318','15','15897','ZETAQUIRA','1');
Insert into CARCENTER.TBL_MUNICIPIO (ID_MUNICIPIO,ID_DEPARTAMENTO,CODDANE_MUNICIPIO,NOMBRE_MUNICIPIO,ESTADO_MUNICIPIO) values ('319','17','17001','MANIZALES','1');
Insert into CARCENTER.TBL_MUNICIPIO (ID_MUNICIPIO,ID_DEPARTAMENTO,CODDANE_MUNICIPIO,NOMBRE_MUNICIPIO,ESTADO_MUNICIPIO) values ('320','17','17013','AGUADAS','1');
Insert into CARCENTER.TBL_MUNICIPIO (ID_MUNICIPIO,ID_DEPARTAMENTO,CODDANE_MUNICIPIO,NOMBRE_MUNICIPIO,ESTADO_MUNICIPIO) values ('321','17','17042','ANSERMA','1');
Insert into CARCENTER.TBL_MUNICIPIO (ID_MUNICIPIO,ID_DEPARTAMENTO,CODDANE_MUNICIPIO,NOMBRE_MUNICIPIO,ESTADO_MUNICIPIO) values ('322','17','17050','ARANZAZU','1');
Insert into CARCENTER.TBL_MUNICIPIO (ID_MUNICIPIO,ID_DEPARTAMENTO,CODDANE_MUNICIPIO,NOMBRE_MUNICIPIO,ESTADO_MUNICIPIO) values ('323','17','17088','BELALCÁZAR','1');
Insert into CARCENTER.TBL_MUNICIPIO (ID_MUNICIPIO,ID_DEPARTAMENTO,CODDANE_MUNICIPIO,NOMBRE_MUNICIPIO,ESTADO_MUNICIPIO) values ('324','17','17174','CHINCHINÁ','1');
Insert into CARCENTER.TBL_MUNICIPIO (ID_MUNICIPIO,ID_DEPARTAMENTO,CODDANE_MUNICIPIO,NOMBRE_MUNICIPIO,ESTADO_MUNICIPIO) values ('325','17','17272','FILADELFIA','1');
Insert into CARCENTER.TBL_MUNICIPIO (ID_MUNICIPIO,ID_DEPARTAMENTO,CODDANE_MUNICIPIO,NOMBRE_MUNICIPIO,ESTADO_MUNICIPIO) values ('326','17','17380','LA DORADA','1');
Insert into CARCENTER.TBL_MUNICIPIO (ID_MUNICIPIO,ID_DEPARTAMENTO,CODDANE_MUNICIPIO,NOMBRE_MUNICIPIO,ESTADO_MUNICIPIO) values ('327','17','17388','LA MERCED','1');
Insert into CARCENTER.TBL_MUNICIPIO (ID_MUNICIPIO,ID_DEPARTAMENTO,CODDANE_MUNICIPIO,NOMBRE_MUNICIPIO,ESTADO_MUNICIPIO) values ('328','17','17433','MANZANARES','1');
Insert into CARCENTER.TBL_MUNICIPIO (ID_MUNICIPIO,ID_DEPARTAMENTO,CODDANE_MUNICIPIO,NOMBRE_MUNICIPIO,ESTADO_MUNICIPIO) values ('329','17','17442','MARMATO','1');
Insert into CARCENTER.TBL_MUNICIPIO (ID_MUNICIPIO,ID_DEPARTAMENTO,CODDANE_MUNICIPIO,NOMBRE_MUNICIPIO,ESTADO_MUNICIPIO) values ('330','17','17444','MARQUETALIA','1');
Insert into CARCENTER.TBL_MUNICIPIO (ID_MUNICIPIO,ID_DEPARTAMENTO,CODDANE_MUNICIPIO,NOMBRE_MUNICIPIO,ESTADO_MUNICIPIO) values ('331','17','17446','MARULANDA','1');
Insert into CARCENTER.TBL_MUNICIPIO (ID_MUNICIPIO,ID_DEPARTAMENTO,CODDANE_MUNICIPIO,NOMBRE_MUNICIPIO,ESTADO_MUNICIPIO) values ('332','17','17486','NEIRA','1');
Insert into CARCENTER.TBL_MUNICIPIO (ID_MUNICIPIO,ID_DEPARTAMENTO,CODDANE_MUNICIPIO,NOMBRE_MUNICIPIO,ESTADO_MUNICIPIO) values ('333','17','17495','NORCASIA','1');
Insert into CARCENTER.TBL_MUNICIPIO (ID_MUNICIPIO,ID_DEPARTAMENTO,CODDANE_MUNICIPIO,NOMBRE_MUNICIPIO,ESTADO_MUNICIPIO) values ('334','17','17513','PÁCORA','1');
Insert into CARCENTER.TBL_MUNICIPIO (ID_MUNICIPIO,ID_DEPARTAMENTO,CODDANE_MUNICIPIO,NOMBRE_MUNICIPIO,ESTADO_MUNICIPIO) values ('335','17','17524','PALESTINA','1');
Insert into CARCENTER.TBL_MUNICIPIO (ID_MUNICIPIO,ID_DEPARTAMENTO,CODDANE_MUNICIPIO,NOMBRE_MUNICIPIO,ESTADO_MUNICIPIO) values ('336','17','17541','PENSILVANIA','1');
Insert into CARCENTER.TBL_MUNICIPIO (ID_MUNICIPIO,ID_DEPARTAMENTO,CODDANE_MUNICIPIO,NOMBRE_MUNICIPIO,ESTADO_MUNICIPIO) values ('337','17','17614','RIOSUCIO','1');
Insert into CARCENTER.TBL_MUNICIPIO (ID_MUNICIPIO,ID_DEPARTAMENTO,CODDANE_MUNICIPIO,NOMBRE_MUNICIPIO,ESTADO_MUNICIPIO) values ('338','17','17616','RISARALDA','1');
Insert into CARCENTER.TBL_MUNICIPIO (ID_MUNICIPIO,ID_DEPARTAMENTO,CODDANE_MUNICIPIO,NOMBRE_MUNICIPIO,ESTADO_MUNICIPIO) values ('339','17','17653','SALAMINA','1');
Insert into CARCENTER.TBL_MUNICIPIO (ID_MUNICIPIO,ID_DEPARTAMENTO,CODDANE_MUNICIPIO,NOMBRE_MUNICIPIO,ESTADO_MUNICIPIO) values ('340','17','17662','SAMANÁ','1');
Insert into CARCENTER.TBL_MUNICIPIO (ID_MUNICIPIO,ID_DEPARTAMENTO,CODDANE_MUNICIPIO,NOMBRE_MUNICIPIO,ESTADO_MUNICIPIO) values ('341','17','17665','SAN JOSÉ','1');
Insert into CARCENTER.TBL_MUNICIPIO (ID_MUNICIPIO,ID_DEPARTAMENTO,CODDANE_MUNICIPIO,NOMBRE_MUNICIPIO,ESTADO_MUNICIPIO) values ('342','17','17777','SUPÍA','1');
Insert into CARCENTER.TBL_MUNICIPIO (ID_MUNICIPIO,ID_DEPARTAMENTO,CODDANE_MUNICIPIO,NOMBRE_MUNICIPIO,ESTADO_MUNICIPIO) values ('343','17','17867','VICTORIA','1');
Insert into CARCENTER.TBL_MUNICIPIO (ID_MUNICIPIO,ID_DEPARTAMENTO,CODDANE_MUNICIPIO,NOMBRE_MUNICIPIO,ESTADO_MUNICIPIO) values ('344','17','17873','VILLAMARÍA','1');
Insert into CARCENTER.TBL_MUNICIPIO (ID_MUNICIPIO,ID_DEPARTAMENTO,CODDANE_MUNICIPIO,NOMBRE_MUNICIPIO,ESTADO_MUNICIPIO) values ('345','17','17877','VITERBO','1');
Insert into CARCENTER.TBL_MUNICIPIO (ID_MUNICIPIO,ID_DEPARTAMENTO,CODDANE_MUNICIPIO,NOMBRE_MUNICIPIO,ESTADO_MUNICIPIO) values ('346','18','18001','FLORENCIA','1');
Insert into CARCENTER.TBL_MUNICIPIO (ID_MUNICIPIO,ID_DEPARTAMENTO,CODDANE_MUNICIPIO,NOMBRE_MUNICIPIO,ESTADO_MUNICIPIO) values ('347','18','18029','ALBANIA','1');
Insert into CARCENTER.TBL_MUNICIPIO (ID_MUNICIPIO,ID_DEPARTAMENTO,CODDANE_MUNICIPIO,NOMBRE_MUNICIPIO,ESTADO_MUNICIPIO) values ('348','18','18094','BELÉN DE LOS ANDAQUÍES','1');
Insert into CARCENTER.TBL_MUNICIPIO (ID_MUNICIPIO,ID_DEPARTAMENTO,CODDANE_MUNICIPIO,NOMBRE_MUNICIPIO,ESTADO_MUNICIPIO) values ('349','18','18150','CARTAGENA DEL CHAIRÁ','1');
Insert into CARCENTER.TBL_MUNICIPIO (ID_MUNICIPIO,ID_DEPARTAMENTO,CODDANE_MUNICIPIO,NOMBRE_MUNICIPIO,ESTADO_MUNICIPIO) values ('350','18','18205','CURILLO','1');
Insert into CARCENTER.TBL_MUNICIPIO (ID_MUNICIPIO,ID_DEPARTAMENTO,CODDANE_MUNICIPIO,NOMBRE_MUNICIPIO,ESTADO_MUNICIPIO) values ('351','18','18247','EL DONCELLO','1');
Insert into CARCENTER.TBL_MUNICIPIO (ID_MUNICIPIO,ID_DEPARTAMENTO,CODDANE_MUNICIPIO,NOMBRE_MUNICIPIO,ESTADO_MUNICIPIO) values ('352','18','18256','EL PAUJÍL','1');
Insert into CARCENTER.TBL_MUNICIPIO (ID_MUNICIPIO,ID_DEPARTAMENTO,CODDANE_MUNICIPIO,NOMBRE_MUNICIPIO,ESTADO_MUNICIPIO) values ('353','18','18410','LA MONTAÑITA','1');
Insert into CARCENTER.TBL_MUNICIPIO (ID_MUNICIPIO,ID_DEPARTAMENTO,CODDANE_MUNICIPIO,NOMBRE_MUNICIPIO,ESTADO_MUNICIPIO) values ('354','18','18460','MILÁN','1');
Insert into CARCENTER.TBL_MUNICIPIO (ID_MUNICIPIO,ID_DEPARTAMENTO,CODDANE_MUNICIPIO,NOMBRE_MUNICIPIO,ESTADO_MUNICIPIO) values ('355','18','18479','MORELIA','1');
Insert into CARCENTER.TBL_MUNICIPIO (ID_MUNICIPIO,ID_DEPARTAMENTO,CODDANE_MUNICIPIO,NOMBRE_MUNICIPIO,ESTADO_MUNICIPIO) values ('356','18','18592','PUERTO RICO','1');
Insert into CARCENTER.TBL_MUNICIPIO (ID_MUNICIPIO,ID_DEPARTAMENTO,CODDANE_MUNICIPIO,NOMBRE_MUNICIPIO,ESTADO_MUNICIPIO) values ('357','18','18610','SAN JOSÉ DEL FRAGUA','1');
Insert into CARCENTER.TBL_MUNICIPIO (ID_MUNICIPIO,ID_DEPARTAMENTO,CODDANE_MUNICIPIO,NOMBRE_MUNICIPIO,ESTADO_MUNICIPIO) values ('358','18','18753','SAN VICENTE DEL CAGUÁN','1');
Insert into CARCENTER.TBL_MUNICIPIO (ID_MUNICIPIO,ID_DEPARTAMENTO,CODDANE_MUNICIPIO,NOMBRE_MUNICIPIO,ESTADO_MUNICIPIO) values ('359','18','18756','SOLANO','1');
Insert into CARCENTER.TBL_MUNICIPIO (ID_MUNICIPIO,ID_DEPARTAMENTO,CODDANE_MUNICIPIO,NOMBRE_MUNICIPIO,ESTADO_MUNICIPIO) values ('360','18','18785','SOLITA','1');
Insert into CARCENTER.TBL_MUNICIPIO (ID_MUNICIPIO,ID_DEPARTAMENTO,CODDANE_MUNICIPIO,NOMBRE_MUNICIPIO,ESTADO_MUNICIPIO) values ('361','18','18860','VALPARAÍSO','1');
Insert into CARCENTER.TBL_MUNICIPIO (ID_MUNICIPIO,ID_DEPARTAMENTO,CODDANE_MUNICIPIO,NOMBRE_MUNICIPIO,ESTADO_MUNICIPIO) values ('362','19','19001','POPAYÁN','1');
Insert into CARCENTER.TBL_MUNICIPIO (ID_MUNICIPIO,ID_DEPARTAMENTO,CODDANE_MUNICIPIO,NOMBRE_MUNICIPIO,ESTADO_MUNICIPIO) values ('363','19','19022','ALMAGUER','1');
Insert into CARCENTER.TBL_MUNICIPIO (ID_MUNICIPIO,ID_DEPARTAMENTO,CODDANE_MUNICIPIO,NOMBRE_MUNICIPIO,ESTADO_MUNICIPIO) values ('364','19','19050','ARGELIA','1');
Insert into CARCENTER.TBL_MUNICIPIO (ID_MUNICIPIO,ID_DEPARTAMENTO,CODDANE_MUNICIPIO,NOMBRE_MUNICIPIO,ESTADO_MUNICIPIO) values ('365','19','19075','BALBOA','1');
Insert into CARCENTER.TBL_MUNICIPIO (ID_MUNICIPIO,ID_DEPARTAMENTO,CODDANE_MUNICIPIO,NOMBRE_MUNICIPIO,ESTADO_MUNICIPIO) values ('366','19','19100','BOLÍVAR','1');
Insert into CARCENTER.TBL_MUNICIPIO (ID_MUNICIPIO,ID_DEPARTAMENTO,CODDANE_MUNICIPIO,NOMBRE_MUNICIPIO,ESTADO_MUNICIPIO) values ('367','19','19110','BUENOS AIRES','1');
Insert into CARCENTER.TBL_MUNICIPIO (ID_MUNICIPIO,ID_DEPARTAMENTO,CODDANE_MUNICIPIO,NOMBRE_MUNICIPIO,ESTADO_MUNICIPIO) values ('368','19','19130','CAJIBÍO','1');
Insert into CARCENTER.TBL_MUNICIPIO (ID_MUNICIPIO,ID_DEPARTAMENTO,CODDANE_MUNICIPIO,NOMBRE_MUNICIPIO,ESTADO_MUNICIPIO) values ('369','19','19137','CALDONO','1');
Insert into CARCENTER.TBL_MUNICIPIO (ID_MUNICIPIO,ID_DEPARTAMENTO,CODDANE_MUNICIPIO,NOMBRE_MUNICIPIO,ESTADO_MUNICIPIO) values ('370','19','19142','CALOTO','1');
Insert into CARCENTER.TBL_MUNICIPIO (ID_MUNICIPIO,ID_DEPARTAMENTO,CODDANE_MUNICIPIO,NOMBRE_MUNICIPIO,ESTADO_MUNICIPIO) values ('371','19','19212','CORINTO','1');
Insert into CARCENTER.TBL_MUNICIPIO (ID_MUNICIPIO,ID_DEPARTAMENTO,CODDANE_MUNICIPIO,NOMBRE_MUNICIPIO,ESTADO_MUNICIPIO) values ('372','19','19256','EL TAMBO','1');
Insert into CARCENTER.TBL_MUNICIPIO (ID_MUNICIPIO,ID_DEPARTAMENTO,CODDANE_MUNICIPIO,NOMBRE_MUNICIPIO,ESTADO_MUNICIPIO) values ('373','19','19290','FLORENCIA','1');
Insert into CARCENTER.TBL_MUNICIPIO (ID_MUNICIPIO,ID_DEPARTAMENTO,CODDANE_MUNICIPIO,NOMBRE_MUNICIPIO,ESTADO_MUNICIPIO) values ('374','19','19300','GUACHENÉ','1');
Insert into CARCENTER.TBL_MUNICIPIO (ID_MUNICIPIO,ID_DEPARTAMENTO,CODDANE_MUNICIPIO,NOMBRE_MUNICIPIO,ESTADO_MUNICIPIO) values ('375','19','19318','GUAPI','1');
Insert into CARCENTER.TBL_MUNICIPIO (ID_MUNICIPIO,ID_DEPARTAMENTO,CODDANE_MUNICIPIO,NOMBRE_MUNICIPIO,ESTADO_MUNICIPIO) values ('376','19','19355','INZÁ','1');
Insert into CARCENTER.TBL_MUNICIPIO (ID_MUNICIPIO,ID_DEPARTAMENTO,CODDANE_MUNICIPIO,NOMBRE_MUNICIPIO,ESTADO_MUNICIPIO) values ('377','19','19364','JAMBALÓ','1');
Insert into CARCENTER.TBL_MUNICIPIO (ID_MUNICIPIO,ID_DEPARTAMENTO,CODDANE_MUNICIPIO,NOMBRE_MUNICIPIO,ESTADO_MUNICIPIO) values ('378','19','19392','LA SIERRA','1');
Insert into CARCENTER.TBL_MUNICIPIO (ID_MUNICIPIO,ID_DEPARTAMENTO,CODDANE_MUNICIPIO,NOMBRE_MUNICIPIO,ESTADO_MUNICIPIO) values ('379','19','19397','LA VEGA','1');
Insert into CARCENTER.TBL_MUNICIPIO (ID_MUNICIPIO,ID_DEPARTAMENTO,CODDANE_MUNICIPIO,NOMBRE_MUNICIPIO,ESTADO_MUNICIPIO) values ('380','19','19418','LÓPEZ DE MICAY','1');
Insert into CARCENTER.TBL_MUNICIPIO (ID_MUNICIPIO,ID_DEPARTAMENTO,CODDANE_MUNICIPIO,NOMBRE_MUNICIPIO,ESTADO_MUNICIPIO) values ('381','19','19450','MERCADERES','1');
Insert into CARCENTER.TBL_MUNICIPIO (ID_MUNICIPIO,ID_DEPARTAMENTO,CODDANE_MUNICIPIO,NOMBRE_MUNICIPIO,ESTADO_MUNICIPIO) values ('382','19','19455','MIRANDA','1');
Insert into CARCENTER.TBL_MUNICIPIO (ID_MUNICIPIO,ID_DEPARTAMENTO,CODDANE_MUNICIPIO,NOMBRE_MUNICIPIO,ESTADO_MUNICIPIO) values ('383','19','19473','MORALES','1');
Insert into CARCENTER.TBL_MUNICIPIO (ID_MUNICIPIO,ID_DEPARTAMENTO,CODDANE_MUNICIPIO,NOMBRE_MUNICIPIO,ESTADO_MUNICIPIO) values ('384','19','19513','PADILLA','1');
Insert into CARCENTER.TBL_MUNICIPIO (ID_MUNICIPIO,ID_DEPARTAMENTO,CODDANE_MUNICIPIO,NOMBRE_MUNICIPIO,ESTADO_MUNICIPIO) values ('385','19','19517','PÁEZ','1');
Insert into CARCENTER.TBL_MUNICIPIO (ID_MUNICIPIO,ID_DEPARTAMENTO,CODDANE_MUNICIPIO,NOMBRE_MUNICIPIO,ESTADO_MUNICIPIO) values ('386','19','19532','PATÍA','1');
Insert into CARCENTER.TBL_MUNICIPIO (ID_MUNICIPIO,ID_DEPARTAMENTO,CODDANE_MUNICIPIO,NOMBRE_MUNICIPIO,ESTADO_MUNICIPIO) values ('387','19','19533','PIAMONTE','1');
Insert into CARCENTER.TBL_MUNICIPIO (ID_MUNICIPIO,ID_DEPARTAMENTO,CODDANE_MUNICIPIO,NOMBRE_MUNICIPIO,ESTADO_MUNICIPIO) values ('388','19','19548','PIENDAMÓ - TUNÍA','1');
Insert into CARCENTER.TBL_MUNICIPIO (ID_MUNICIPIO,ID_DEPARTAMENTO,CODDANE_MUNICIPIO,NOMBRE_MUNICIPIO,ESTADO_MUNICIPIO) values ('389','19','19573','PUERTO TEJADA','1');
Insert into CARCENTER.TBL_MUNICIPIO (ID_MUNICIPIO,ID_DEPARTAMENTO,CODDANE_MUNICIPIO,NOMBRE_MUNICIPIO,ESTADO_MUNICIPIO) values ('390','19','19585','PURACÉ','1');
Insert into CARCENTER.TBL_MUNICIPIO (ID_MUNICIPIO,ID_DEPARTAMENTO,CODDANE_MUNICIPIO,NOMBRE_MUNICIPIO,ESTADO_MUNICIPIO) values ('391','19','19622','ROSAS','1');
Insert into CARCENTER.TBL_MUNICIPIO (ID_MUNICIPIO,ID_DEPARTAMENTO,CODDANE_MUNICIPIO,NOMBRE_MUNICIPIO,ESTADO_MUNICIPIO) values ('392','19','19693','SAN SEBASTIÁN','1');
Insert into CARCENTER.TBL_MUNICIPIO (ID_MUNICIPIO,ID_DEPARTAMENTO,CODDANE_MUNICIPIO,NOMBRE_MUNICIPIO,ESTADO_MUNICIPIO) values ('393','19','19698','SANTANDER DE QUILICHAO','1');
Insert into CARCENTER.TBL_MUNICIPIO (ID_MUNICIPIO,ID_DEPARTAMENTO,CODDANE_MUNICIPIO,NOMBRE_MUNICIPIO,ESTADO_MUNICIPIO) values ('394','19','19701','SANTA ROSA','1');
Insert into CARCENTER.TBL_MUNICIPIO (ID_MUNICIPIO,ID_DEPARTAMENTO,CODDANE_MUNICIPIO,NOMBRE_MUNICIPIO,ESTADO_MUNICIPIO) values ('395','19','19743','SILVIA','1');
Insert into CARCENTER.TBL_MUNICIPIO (ID_MUNICIPIO,ID_DEPARTAMENTO,CODDANE_MUNICIPIO,NOMBRE_MUNICIPIO,ESTADO_MUNICIPIO) values ('396','19','19760','SOTARÁ PAISPAMBA','1');
Insert into CARCENTER.TBL_MUNICIPIO (ID_MUNICIPIO,ID_DEPARTAMENTO,CODDANE_MUNICIPIO,NOMBRE_MUNICIPIO,ESTADO_MUNICIPIO) values ('397','19','19780','SUÁREZ','1');
Insert into CARCENTER.TBL_MUNICIPIO (ID_MUNICIPIO,ID_DEPARTAMENTO,CODDANE_MUNICIPIO,NOMBRE_MUNICIPIO,ESTADO_MUNICIPIO) values ('398','19','19785','SUCRE','1');
Insert into CARCENTER.TBL_MUNICIPIO (ID_MUNICIPIO,ID_DEPARTAMENTO,CODDANE_MUNICIPIO,NOMBRE_MUNICIPIO,ESTADO_MUNICIPIO) values ('399','19','19807','TIMBÍO','1');
Insert into CARCENTER.TBL_MUNICIPIO (ID_MUNICIPIO,ID_DEPARTAMENTO,CODDANE_MUNICIPIO,NOMBRE_MUNICIPIO,ESTADO_MUNICIPIO) values ('400','19','19809','TIMBIQUÍ','1');
Insert into CARCENTER.TBL_MUNICIPIO (ID_MUNICIPIO,ID_DEPARTAMENTO,CODDANE_MUNICIPIO,NOMBRE_MUNICIPIO,ESTADO_MUNICIPIO) values ('401','19','19821','TORIBÍO','1');
Insert into CARCENTER.TBL_MUNICIPIO (ID_MUNICIPIO,ID_DEPARTAMENTO,CODDANE_MUNICIPIO,NOMBRE_MUNICIPIO,ESTADO_MUNICIPIO) values ('402','19','19824','TOTORÓ','1');
Insert into CARCENTER.TBL_MUNICIPIO (ID_MUNICIPIO,ID_DEPARTAMENTO,CODDANE_MUNICIPIO,NOMBRE_MUNICIPIO,ESTADO_MUNICIPIO) values ('403','19','19845','VILLA RICA','1');
Insert into CARCENTER.TBL_MUNICIPIO (ID_MUNICIPIO,ID_DEPARTAMENTO,CODDANE_MUNICIPIO,NOMBRE_MUNICIPIO,ESTADO_MUNICIPIO) values ('404','20','20001','VALLEDUPAR','1');
Insert into CARCENTER.TBL_MUNICIPIO (ID_MUNICIPIO,ID_DEPARTAMENTO,CODDANE_MUNICIPIO,NOMBRE_MUNICIPIO,ESTADO_MUNICIPIO) values ('405','20','20011','AGUACHICA','1');
Insert into CARCENTER.TBL_MUNICIPIO (ID_MUNICIPIO,ID_DEPARTAMENTO,CODDANE_MUNICIPIO,NOMBRE_MUNICIPIO,ESTADO_MUNICIPIO) values ('406','20','20013','AGUSTÍN CODAZZI','1');
Insert into CARCENTER.TBL_MUNICIPIO (ID_MUNICIPIO,ID_DEPARTAMENTO,CODDANE_MUNICIPIO,NOMBRE_MUNICIPIO,ESTADO_MUNICIPIO) values ('407','20','20032','ASTREA','1');
Insert into CARCENTER.TBL_MUNICIPIO (ID_MUNICIPIO,ID_DEPARTAMENTO,CODDANE_MUNICIPIO,NOMBRE_MUNICIPIO,ESTADO_MUNICIPIO) values ('408','20','20045','BECERRIL','1');
Insert into CARCENTER.TBL_MUNICIPIO (ID_MUNICIPIO,ID_DEPARTAMENTO,CODDANE_MUNICIPIO,NOMBRE_MUNICIPIO,ESTADO_MUNICIPIO) values ('409','20','20060','BOSCONIA','1');
Insert into CARCENTER.TBL_MUNICIPIO (ID_MUNICIPIO,ID_DEPARTAMENTO,CODDANE_MUNICIPIO,NOMBRE_MUNICIPIO,ESTADO_MUNICIPIO) values ('410','20','20175','CHIMICHAGUA','1');
Insert into CARCENTER.TBL_MUNICIPIO (ID_MUNICIPIO,ID_DEPARTAMENTO,CODDANE_MUNICIPIO,NOMBRE_MUNICIPIO,ESTADO_MUNICIPIO) values ('411','20','20178','CHIRIGUANÁ','1');
Insert into CARCENTER.TBL_MUNICIPIO (ID_MUNICIPIO,ID_DEPARTAMENTO,CODDANE_MUNICIPIO,NOMBRE_MUNICIPIO,ESTADO_MUNICIPIO) values ('412','20','20228','CURUMANÍ','1');
Insert into CARCENTER.TBL_MUNICIPIO (ID_MUNICIPIO,ID_DEPARTAMENTO,CODDANE_MUNICIPIO,NOMBRE_MUNICIPIO,ESTADO_MUNICIPIO) values ('413','20','20238','EL COPEY','1');
Insert into CARCENTER.TBL_MUNICIPIO (ID_MUNICIPIO,ID_DEPARTAMENTO,CODDANE_MUNICIPIO,NOMBRE_MUNICIPIO,ESTADO_MUNICIPIO) values ('414','20','20250','EL PASO','1');
Insert into CARCENTER.TBL_MUNICIPIO (ID_MUNICIPIO,ID_DEPARTAMENTO,CODDANE_MUNICIPIO,NOMBRE_MUNICIPIO,ESTADO_MUNICIPIO) values ('415','20','20295','GAMARRA','1');
Insert into CARCENTER.TBL_MUNICIPIO (ID_MUNICIPIO,ID_DEPARTAMENTO,CODDANE_MUNICIPIO,NOMBRE_MUNICIPIO,ESTADO_MUNICIPIO) values ('416','20','20310','GONZÁLEZ','1');
Insert into CARCENTER.TBL_MUNICIPIO (ID_MUNICIPIO,ID_DEPARTAMENTO,CODDANE_MUNICIPIO,NOMBRE_MUNICIPIO,ESTADO_MUNICIPIO) values ('417','20','20383','LA GLORIA','1');
Insert into CARCENTER.TBL_MUNICIPIO (ID_MUNICIPIO,ID_DEPARTAMENTO,CODDANE_MUNICIPIO,NOMBRE_MUNICIPIO,ESTADO_MUNICIPIO) values ('418','20','20400','LA JAGUA DE IBIRICO','1');
Insert into CARCENTER.TBL_MUNICIPIO (ID_MUNICIPIO,ID_DEPARTAMENTO,CODDANE_MUNICIPIO,NOMBRE_MUNICIPIO,ESTADO_MUNICIPIO) values ('419','20','20443','MANAURE BALCÓN DEL CESAR','1');
Insert into CARCENTER.TBL_MUNICIPIO (ID_MUNICIPIO,ID_DEPARTAMENTO,CODDANE_MUNICIPIO,NOMBRE_MUNICIPIO,ESTADO_MUNICIPIO) values ('420','20','20517','PAILITAS','1');
Insert into CARCENTER.TBL_MUNICIPIO (ID_MUNICIPIO,ID_DEPARTAMENTO,CODDANE_MUNICIPIO,NOMBRE_MUNICIPIO,ESTADO_MUNICIPIO) values ('421','20','20550','PELAYA','1');
Insert into CARCENTER.TBL_MUNICIPIO (ID_MUNICIPIO,ID_DEPARTAMENTO,CODDANE_MUNICIPIO,NOMBRE_MUNICIPIO,ESTADO_MUNICIPIO) values ('422','20','20570','PUEBLO BELLO','1');
Insert into CARCENTER.TBL_MUNICIPIO (ID_MUNICIPIO,ID_DEPARTAMENTO,CODDANE_MUNICIPIO,NOMBRE_MUNICIPIO,ESTADO_MUNICIPIO) values ('423','20','20614','RÍO DE ORO','1');
Insert into CARCENTER.TBL_MUNICIPIO (ID_MUNICIPIO,ID_DEPARTAMENTO,CODDANE_MUNICIPIO,NOMBRE_MUNICIPIO,ESTADO_MUNICIPIO) values ('424','20','20621','LA PAZ','1');
Insert into CARCENTER.TBL_MUNICIPIO (ID_MUNICIPIO,ID_DEPARTAMENTO,CODDANE_MUNICIPIO,NOMBRE_MUNICIPIO,ESTADO_MUNICIPIO) values ('425','20','20710','SAN ALBERTO','1');
Insert into CARCENTER.TBL_MUNICIPIO (ID_MUNICIPIO,ID_DEPARTAMENTO,CODDANE_MUNICIPIO,NOMBRE_MUNICIPIO,ESTADO_MUNICIPIO) values ('426','20','20750','SAN DIEGO','1');
Insert into CARCENTER.TBL_MUNICIPIO (ID_MUNICIPIO,ID_DEPARTAMENTO,CODDANE_MUNICIPIO,NOMBRE_MUNICIPIO,ESTADO_MUNICIPIO) values ('427','20','20770','SAN MARTÍN','1');
Insert into CARCENTER.TBL_MUNICIPIO (ID_MUNICIPIO,ID_DEPARTAMENTO,CODDANE_MUNICIPIO,NOMBRE_MUNICIPIO,ESTADO_MUNICIPIO) values ('428','20','20787','TAMALAMEQUE','1');
Insert into CARCENTER.TBL_MUNICIPIO (ID_MUNICIPIO,ID_DEPARTAMENTO,CODDANE_MUNICIPIO,NOMBRE_MUNICIPIO,ESTADO_MUNICIPIO) values ('429','23','23001','MONTERÍA','1');
Insert into CARCENTER.TBL_MUNICIPIO (ID_MUNICIPIO,ID_DEPARTAMENTO,CODDANE_MUNICIPIO,NOMBRE_MUNICIPIO,ESTADO_MUNICIPIO) values ('430','23','23068','AYAPEL','1');
Insert into CARCENTER.TBL_MUNICIPIO (ID_MUNICIPIO,ID_DEPARTAMENTO,CODDANE_MUNICIPIO,NOMBRE_MUNICIPIO,ESTADO_MUNICIPIO) values ('431','23','23079','BUENAVISTA','1');
Insert into CARCENTER.TBL_MUNICIPIO (ID_MUNICIPIO,ID_DEPARTAMENTO,CODDANE_MUNICIPIO,NOMBRE_MUNICIPIO,ESTADO_MUNICIPIO) values ('432','23','23090','CANALETE','1');
Insert into CARCENTER.TBL_MUNICIPIO (ID_MUNICIPIO,ID_DEPARTAMENTO,CODDANE_MUNICIPIO,NOMBRE_MUNICIPIO,ESTADO_MUNICIPIO) values ('433','23','23162','CERETÉ','1');
Insert into CARCENTER.TBL_MUNICIPIO (ID_MUNICIPIO,ID_DEPARTAMENTO,CODDANE_MUNICIPIO,NOMBRE_MUNICIPIO,ESTADO_MUNICIPIO) values ('434','23','23168','CHIMÁ','1');
Insert into CARCENTER.TBL_MUNICIPIO (ID_MUNICIPIO,ID_DEPARTAMENTO,CODDANE_MUNICIPIO,NOMBRE_MUNICIPIO,ESTADO_MUNICIPIO) values ('435','23','23182','CHINÚ','1');
Insert into CARCENTER.TBL_MUNICIPIO (ID_MUNICIPIO,ID_DEPARTAMENTO,CODDANE_MUNICIPIO,NOMBRE_MUNICIPIO,ESTADO_MUNICIPIO) values ('436','23','23189','CIÉNAGA DE ORO','1');
Insert into CARCENTER.TBL_MUNICIPIO (ID_MUNICIPIO,ID_DEPARTAMENTO,CODDANE_MUNICIPIO,NOMBRE_MUNICIPIO,ESTADO_MUNICIPIO) values ('437','23','23300','COTORRA','1');
Insert into CARCENTER.TBL_MUNICIPIO (ID_MUNICIPIO,ID_DEPARTAMENTO,CODDANE_MUNICIPIO,NOMBRE_MUNICIPIO,ESTADO_MUNICIPIO) values ('438','23','23350','LA APARTADA','1');
Insert into CARCENTER.TBL_MUNICIPIO (ID_MUNICIPIO,ID_DEPARTAMENTO,CODDANE_MUNICIPIO,NOMBRE_MUNICIPIO,ESTADO_MUNICIPIO) values ('439','23','23417','LORICA','1');
Insert into CARCENTER.TBL_MUNICIPIO (ID_MUNICIPIO,ID_DEPARTAMENTO,CODDANE_MUNICIPIO,NOMBRE_MUNICIPIO,ESTADO_MUNICIPIO) values ('440','23','23419','LOS CÓRDOBAS','1');
Insert into CARCENTER.TBL_MUNICIPIO (ID_MUNICIPIO,ID_DEPARTAMENTO,CODDANE_MUNICIPIO,NOMBRE_MUNICIPIO,ESTADO_MUNICIPIO) values ('441','23','23464','MOMIL','1');
Insert into CARCENTER.TBL_MUNICIPIO (ID_MUNICIPIO,ID_DEPARTAMENTO,CODDANE_MUNICIPIO,NOMBRE_MUNICIPIO,ESTADO_MUNICIPIO) values ('442','23','23466','MONTELÍBANO','1');
Insert into CARCENTER.TBL_MUNICIPIO (ID_MUNICIPIO,ID_DEPARTAMENTO,CODDANE_MUNICIPIO,NOMBRE_MUNICIPIO,ESTADO_MUNICIPIO) values ('443','23','23500','MOÑITOS','1');
Insert into CARCENTER.TBL_MUNICIPIO (ID_MUNICIPIO,ID_DEPARTAMENTO,CODDANE_MUNICIPIO,NOMBRE_MUNICIPIO,ESTADO_MUNICIPIO) values ('444','23','23555','PLANETA RICA','1');
Insert into CARCENTER.TBL_MUNICIPIO (ID_MUNICIPIO,ID_DEPARTAMENTO,CODDANE_MUNICIPIO,NOMBRE_MUNICIPIO,ESTADO_MUNICIPIO) values ('445','23','23570','PUEBLO NUEVO','1');
Insert into CARCENTER.TBL_MUNICIPIO (ID_MUNICIPIO,ID_DEPARTAMENTO,CODDANE_MUNICIPIO,NOMBRE_MUNICIPIO,ESTADO_MUNICIPIO) values ('446','23','23574','PUERTO ESCONDIDO','1');
Insert into CARCENTER.TBL_MUNICIPIO (ID_MUNICIPIO,ID_DEPARTAMENTO,CODDANE_MUNICIPIO,NOMBRE_MUNICIPIO,ESTADO_MUNICIPIO) values ('447','23','23580','PUERTO LIBERTADOR','1');
Insert into CARCENTER.TBL_MUNICIPIO (ID_MUNICIPIO,ID_DEPARTAMENTO,CODDANE_MUNICIPIO,NOMBRE_MUNICIPIO,ESTADO_MUNICIPIO) values ('448','23','23586','PURÍSIMA DE LA CONCEPCIÓN','1');
Insert into CARCENTER.TBL_MUNICIPIO (ID_MUNICIPIO,ID_DEPARTAMENTO,CODDANE_MUNICIPIO,NOMBRE_MUNICIPIO,ESTADO_MUNICIPIO) values ('449','23','23660','SAHAGÚN','1');
Insert into CARCENTER.TBL_MUNICIPIO (ID_MUNICIPIO,ID_DEPARTAMENTO,CODDANE_MUNICIPIO,NOMBRE_MUNICIPIO,ESTADO_MUNICIPIO) values ('450','23','23670','SAN ANDRÉS DE SOTAVENTO','1');
Insert into CARCENTER.TBL_MUNICIPIO (ID_MUNICIPIO,ID_DEPARTAMENTO,CODDANE_MUNICIPIO,NOMBRE_MUNICIPIO,ESTADO_MUNICIPIO) values ('451','23','23672','SAN ANTERO','1');
Insert into CARCENTER.TBL_MUNICIPIO (ID_MUNICIPIO,ID_DEPARTAMENTO,CODDANE_MUNICIPIO,NOMBRE_MUNICIPIO,ESTADO_MUNICIPIO) values ('452','23','23675','SAN BERNARDO DEL VIENTO','1');
Insert into CARCENTER.TBL_MUNICIPIO (ID_MUNICIPIO,ID_DEPARTAMENTO,CODDANE_MUNICIPIO,NOMBRE_MUNICIPIO,ESTADO_MUNICIPIO) values ('453','23','23678','SAN CARLOS','1');
Insert into CARCENTER.TBL_MUNICIPIO (ID_MUNICIPIO,ID_DEPARTAMENTO,CODDANE_MUNICIPIO,NOMBRE_MUNICIPIO,ESTADO_MUNICIPIO) values ('454','23','23682','SAN JOSÉ DE URÉ','1');
Insert into CARCENTER.TBL_MUNICIPIO (ID_MUNICIPIO,ID_DEPARTAMENTO,CODDANE_MUNICIPIO,NOMBRE_MUNICIPIO,ESTADO_MUNICIPIO) values ('455','23','23686','SAN PELAYO','1');
Insert into CARCENTER.TBL_MUNICIPIO (ID_MUNICIPIO,ID_DEPARTAMENTO,CODDANE_MUNICIPIO,NOMBRE_MUNICIPIO,ESTADO_MUNICIPIO) values ('456','23','23807','TIERRALTA','1');
Insert into CARCENTER.TBL_MUNICIPIO (ID_MUNICIPIO,ID_DEPARTAMENTO,CODDANE_MUNICIPIO,NOMBRE_MUNICIPIO,ESTADO_MUNICIPIO) values ('457','23','23815','TUCHÍN','1');
Insert into CARCENTER.TBL_MUNICIPIO (ID_MUNICIPIO,ID_DEPARTAMENTO,CODDANE_MUNICIPIO,NOMBRE_MUNICIPIO,ESTADO_MUNICIPIO) values ('458','23','23855','VALENCIA','1');
Insert into CARCENTER.TBL_MUNICIPIO (ID_MUNICIPIO,ID_DEPARTAMENTO,CODDANE_MUNICIPIO,NOMBRE_MUNICIPIO,ESTADO_MUNICIPIO) values ('459','25','25001','AGUA DE DIOS','1');
Insert into CARCENTER.TBL_MUNICIPIO (ID_MUNICIPIO,ID_DEPARTAMENTO,CODDANE_MUNICIPIO,NOMBRE_MUNICIPIO,ESTADO_MUNICIPIO) values ('460','25','25019','ALBÁN','1');
Insert into CARCENTER.TBL_MUNICIPIO (ID_MUNICIPIO,ID_DEPARTAMENTO,CODDANE_MUNICIPIO,NOMBRE_MUNICIPIO,ESTADO_MUNICIPIO) values ('461','25','25035','ANAPOIMA','1');
Insert into CARCENTER.TBL_MUNICIPIO (ID_MUNICIPIO,ID_DEPARTAMENTO,CODDANE_MUNICIPIO,NOMBRE_MUNICIPIO,ESTADO_MUNICIPIO) values ('462','25','25040','ANOLAIMA','1');
Insert into CARCENTER.TBL_MUNICIPIO (ID_MUNICIPIO,ID_DEPARTAMENTO,CODDANE_MUNICIPIO,NOMBRE_MUNICIPIO,ESTADO_MUNICIPIO) values ('463','25','25053','ARBELÁEZ','1');
Insert into CARCENTER.TBL_MUNICIPIO (ID_MUNICIPIO,ID_DEPARTAMENTO,CODDANE_MUNICIPIO,NOMBRE_MUNICIPIO,ESTADO_MUNICIPIO) values ('464','25','25086','BELTRÁN','1');
Insert into CARCENTER.TBL_MUNICIPIO (ID_MUNICIPIO,ID_DEPARTAMENTO,CODDANE_MUNICIPIO,NOMBRE_MUNICIPIO,ESTADO_MUNICIPIO) values ('465','25','25095','BITUIMA','1');
Insert into CARCENTER.TBL_MUNICIPIO (ID_MUNICIPIO,ID_DEPARTAMENTO,CODDANE_MUNICIPIO,NOMBRE_MUNICIPIO,ESTADO_MUNICIPIO) values ('466','25','25099','BOJACÁ','1');
Insert into CARCENTER.TBL_MUNICIPIO (ID_MUNICIPIO,ID_DEPARTAMENTO,CODDANE_MUNICIPIO,NOMBRE_MUNICIPIO,ESTADO_MUNICIPIO) values ('467','25','25120','CABRERA','1');
Insert into CARCENTER.TBL_MUNICIPIO (ID_MUNICIPIO,ID_DEPARTAMENTO,CODDANE_MUNICIPIO,NOMBRE_MUNICIPIO,ESTADO_MUNICIPIO) values ('468','25','25123','CACHIPAY','1');
Insert into CARCENTER.TBL_MUNICIPIO (ID_MUNICIPIO,ID_DEPARTAMENTO,CODDANE_MUNICIPIO,NOMBRE_MUNICIPIO,ESTADO_MUNICIPIO) values ('469','25','25126','CAJICÁ','1');
Insert into CARCENTER.TBL_MUNICIPIO (ID_MUNICIPIO,ID_DEPARTAMENTO,CODDANE_MUNICIPIO,NOMBRE_MUNICIPIO,ESTADO_MUNICIPIO) values ('470','25','25148','CAPARRAPÍ','1');
Insert into CARCENTER.TBL_MUNICIPIO (ID_MUNICIPIO,ID_DEPARTAMENTO,CODDANE_MUNICIPIO,NOMBRE_MUNICIPIO,ESTADO_MUNICIPIO) values ('471','25','25151','CÁQUEZA','1');
Insert into CARCENTER.TBL_MUNICIPIO (ID_MUNICIPIO,ID_DEPARTAMENTO,CODDANE_MUNICIPIO,NOMBRE_MUNICIPIO,ESTADO_MUNICIPIO) values ('472','25','25154','CARMEN DE CARUPA','1');
Insert into CARCENTER.TBL_MUNICIPIO (ID_MUNICIPIO,ID_DEPARTAMENTO,CODDANE_MUNICIPIO,NOMBRE_MUNICIPIO,ESTADO_MUNICIPIO) values ('473','25','25168','CHAGUANÍ','1');
Insert into CARCENTER.TBL_MUNICIPIO (ID_MUNICIPIO,ID_DEPARTAMENTO,CODDANE_MUNICIPIO,NOMBRE_MUNICIPIO,ESTADO_MUNICIPIO) values ('474','25','25175','CHÍA','1');
Insert into CARCENTER.TBL_MUNICIPIO (ID_MUNICIPIO,ID_DEPARTAMENTO,CODDANE_MUNICIPIO,NOMBRE_MUNICIPIO,ESTADO_MUNICIPIO) values ('475','25','25178','CHIPAQUE','1');
Insert into CARCENTER.TBL_MUNICIPIO (ID_MUNICIPIO,ID_DEPARTAMENTO,CODDANE_MUNICIPIO,NOMBRE_MUNICIPIO,ESTADO_MUNICIPIO) values ('476','25','25181','CHOACHÍ','1');
Insert into CARCENTER.TBL_MUNICIPIO (ID_MUNICIPIO,ID_DEPARTAMENTO,CODDANE_MUNICIPIO,NOMBRE_MUNICIPIO,ESTADO_MUNICIPIO) values ('477','25','25183','CHOCONTÁ','1');
Insert into CARCENTER.TBL_MUNICIPIO (ID_MUNICIPIO,ID_DEPARTAMENTO,CODDANE_MUNICIPIO,NOMBRE_MUNICIPIO,ESTADO_MUNICIPIO) values ('478','25','25200','COGUA','1');
Insert into CARCENTER.TBL_MUNICIPIO (ID_MUNICIPIO,ID_DEPARTAMENTO,CODDANE_MUNICIPIO,NOMBRE_MUNICIPIO,ESTADO_MUNICIPIO) values ('479','25','25214','COTA','1');
Insert into CARCENTER.TBL_MUNICIPIO (ID_MUNICIPIO,ID_DEPARTAMENTO,CODDANE_MUNICIPIO,NOMBRE_MUNICIPIO,ESTADO_MUNICIPIO) values ('480','25','25224','CUCUNUBÁ','1');
Insert into CARCENTER.TBL_MUNICIPIO (ID_MUNICIPIO,ID_DEPARTAMENTO,CODDANE_MUNICIPIO,NOMBRE_MUNICIPIO,ESTADO_MUNICIPIO) values ('481','25','25245','EL COLEGIO','1');
Insert into CARCENTER.TBL_MUNICIPIO (ID_MUNICIPIO,ID_DEPARTAMENTO,CODDANE_MUNICIPIO,NOMBRE_MUNICIPIO,ESTADO_MUNICIPIO) values ('482','25','25258','EL PEÑÓN','1');
Insert into CARCENTER.TBL_MUNICIPIO (ID_MUNICIPIO,ID_DEPARTAMENTO,CODDANE_MUNICIPIO,NOMBRE_MUNICIPIO,ESTADO_MUNICIPIO) values ('483','25','25260','EL ROSAL','1');
Insert into CARCENTER.TBL_MUNICIPIO (ID_MUNICIPIO,ID_DEPARTAMENTO,CODDANE_MUNICIPIO,NOMBRE_MUNICIPIO,ESTADO_MUNICIPIO) values ('484','25','25269','FACATATIVÁ','1');
Insert into CARCENTER.TBL_MUNICIPIO (ID_MUNICIPIO,ID_DEPARTAMENTO,CODDANE_MUNICIPIO,NOMBRE_MUNICIPIO,ESTADO_MUNICIPIO) values ('485','25','25279','FÓMEQUE','1');
Insert into CARCENTER.TBL_MUNICIPIO (ID_MUNICIPIO,ID_DEPARTAMENTO,CODDANE_MUNICIPIO,NOMBRE_MUNICIPIO,ESTADO_MUNICIPIO) values ('486','25','25281','FOSCA','1');
Insert into CARCENTER.TBL_MUNICIPIO (ID_MUNICIPIO,ID_DEPARTAMENTO,CODDANE_MUNICIPIO,NOMBRE_MUNICIPIO,ESTADO_MUNICIPIO) values ('487','25','25286','FUNZA','1');
Insert into CARCENTER.TBL_MUNICIPIO (ID_MUNICIPIO,ID_DEPARTAMENTO,CODDANE_MUNICIPIO,NOMBRE_MUNICIPIO,ESTADO_MUNICIPIO) values ('488','25','25288','FÚQUENE','1');
Insert into CARCENTER.TBL_MUNICIPIO (ID_MUNICIPIO,ID_DEPARTAMENTO,CODDANE_MUNICIPIO,NOMBRE_MUNICIPIO,ESTADO_MUNICIPIO) values ('489','25','25290','FUSAGASUGÁ','1');
Insert into CARCENTER.TBL_MUNICIPIO (ID_MUNICIPIO,ID_DEPARTAMENTO,CODDANE_MUNICIPIO,NOMBRE_MUNICIPIO,ESTADO_MUNICIPIO) values ('490','25','25293','GACHALÁ','1');
Insert into CARCENTER.TBL_MUNICIPIO (ID_MUNICIPIO,ID_DEPARTAMENTO,CODDANE_MUNICIPIO,NOMBRE_MUNICIPIO,ESTADO_MUNICIPIO) values ('491','25','25295','GACHANCIPÁ','1');
Insert into CARCENTER.TBL_MUNICIPIO (ID_MUNICIPIO,ID_DEPARTAMENTO,CODDANE_MUNICIPIO,NOMBRE_MUNICIPIO,ESTADO_MUNICIPIO) values ('492','25','25297','GACHETÁ','1');
Insert into CARCENTER.TBL_MUNICIPIO (ID_MUNICIPIO,ID_DEPARTAMENTO,CODDANE_MUNICIPIO,NOMBRE_MUNICIPIO,ESTADO_MUNICIPIO) values ('493','25','25299','GAMA','1');
Insert into CARCENTER.TBL_MUNICIPIO (ID_MUNICIPIO,ID_DEPARTAMENTO,CODDANE_MUNICIPIO,NOMBRE_MUNICIPIO,ESTADO_MUNICIPIO) values ('494','25','25307','GIRARDOT','1');
Insert into CARCENTER.TBL_MUNICIPIO (ID_MUNICIPIO,ID_DEPARTAMENTO,CODDANE_MUNICIPIO,NOMBRE_MUNICIPIO,ESTADO_MUNICIPIO) values ('495','25','25312','GRANADA','1');
Insert into CARCENTER.TBL_MUNICIPIO (ID_MUNICIPIO,ID_DEPARTAMENTO,CODDANE_MUNICIPIO,NOMBRE_MUNICIPIO,ESTADO_MUNICIPIO) values ('496','25','25317','GUACHETÁ','1');
Insert into CARCENTER.TBL_MUNICIPIO (ID_MUNICIPIO,ID_DEPARTAMENTO,CODDANE_MUNICIPIO,NOMBRE_MUNICIPIO,ESTADO_MUNICIPIO) values ('497','25','25320','GUADUAS','1');
Insert into CARCENTER.TBL_MUNICIPIO (ID_MUNICIPIO,ID_DEPARTAMENTO,CODDANE_MUNICIPIO,NOMBRE_MUNICIPIO,ESTADO_MUNICIPIO) values ('498','25','25322','GUASCA','1');
Insert into CARCENTER.TBL_MUNICIPIO (ID_MUNICIPIO,ID_DEPARTAMENTO,CODDANE_MUNICIPIO,NOMBRE_MUNICIPIO,ESTADO_MUNICIPIO) values ('499','25','25324','GUATAQUÍ','1');
Insert into CARCENTER.TBL_MUNICIPIO (ID_MUNICIPIO,ID_DEPARTAMENTO,CODDANE_MUNICIPIO,NOMBRE_MUNICIPIO,ESTADO_MUNICIPIO) values ('500','25','25326','GUATAVITA','1');
Insert into CARCENTER.TBL_MUNICIPIO (ID_MUNICIPIO,ID_DEPARTAMENTO,CODDANE_MUNICIPIO,NOMBRE_MUNICIPIO,ESTADO_MUNICIPIO) values ('501','25','25328','GUAYABAL DE SÍQUIMA','1');
Insert into CARCENTER.TBL_MUNICIPIO (ID_MUNICIPIO,ID_DEPARTAMENTO,CODDANE_MUNICIPIO,NOMBRE_MUNICIPIO,ESTADO_MUNICIPIO) values ('502','25','25335','GUAYABETAL','1');
Insert into CARCENTER.TBL_MUNICIPIO (ID_MUNICIPIO,ID_DEPARTAMENTO,CODDANE_MUNICIPIO,NOMBRE_MUNICIPIO,ESTADO_MUNICIPIO) values ('503','25','25339','GUTIÉRREZ','1');
Insert into CARCENTER.TBL_MUNICIPIO (ID_MUNICIPIO,ID_DEPARTAMENTO,CODDANE_MUNICIPIO,NOMBRE_MUNICIPIO,ESTADO_MUNICIPIO) values ('504','25','25368','JERUSALÉN','1');
Insert into CARCENTER.TBL_MUNICIPIO (ID_MUNICIPIO,ID_DEPARTAMENTO,CODDANE_MUNICIPIO,NOMBRE_MUNICIPIO,ESTADO_MUNICIPIO) values ('505','25','25372','JUNÍN','1');
Insert into CARCENTER.TBL_MUNICIPIO (ID_MUNICIPIO,ID_DEPARTAMENTO,CODDANE_MUNICIPIO,NOMBRE_MUNICIPIO,ESTADO_MUNICIPIO) values ('506','25','25377','LA CALERA','1');
Insert into CARCENTER.TBL_MUNICIPIO (ID_MUNICIPIO,ID_DEPARTAMENTO,CODDANE_MUNICIPIO,NOMBRE_MUNICIPIO,ESTADO_MUNICIPIO) values ('507','25','25386','LA MESA','1');
Insert into CARCENTER.TBL_MUNICIPIO (ID_MUNICIPIO,ID_DEPARTAMENTO,CODDANE_MUNICIPIO,NOMBRE_MUNICIPIO,ESTADO_MUNICIPIO) values ('508','25','25394','LA PALMA','1');
Insert into CARCENTER.TBL_MUNICIPIO (ID_MUNICIPIO,ID_DEPARTAMENTO,CODDANE_MUNICIPIO,NOMBRE_MUNICIPIO,ESTADO_MUNICIPIO) values ('509','25','25398','LA PEÑA','1');
Insert into CARCENTER.TBL_MUNICIPIO (ID_MUNICIPIO,ID_DEPARTAMENTO,CODDANE_MUNICIPIO,NOMBRE_MUNICIPIO,ESTADO_MUNICIPIO) values ('510','25','25402','LA VEGA','1');
Insert into CARCENTER.TBL_MUNICIPIO (ID_MUNICIPIO,ID_DEPARTAMENTO,CODDANE_MUNICIPIO,NOMBRE_MUNICIPIO,ESTADO_MUNICIPIO) values ('511','25','25407','LENGUAZAQUE','1');
Insert into CARCENTER.TBL_MUNICIPIO (ID_MUNICIPIO,ID_DEPARTAMENTO,CODDANE_MUNICIPIO,NOMBRE_MUNICIPIO,ESTADO_MUNICIPIO) values ('512','25','25426','MACHETÁ','1');
Insert into CARCENTER.TBL_MUNICIPIO (ID_MUNICIPIO,ID_DEPARTAMENTO,CODDANE_MUNICIPIO,NOMBRE_MUNICIPIO,ESTADO_MUNICIPIO) values ('513','25','25430','MADRID','1');
Insert into CARCENTER.TBL_MUNICIPIO (ID_MUNICIPIO,ID_DEPARTAMENTO,CODDANE_MUNICIPIO,NOMBRE_MUNICIPIO,ESTADO_MUNICIPIO) values ('514','25','25436','MANTA','1');
Insert into CARCENTER.TBL_MUNICIPIO (ID_MUNICIPIO,ID_DEPARTAMENTO,CODDANE_MUNICIPIO,NOMBRE_MUNICIPIO,ESTADO_MUNICIPIO) values ('515','25','25438','MEDINA','1');
Insert into CARCENTER.TBL_MUNICIPIO (ID_MUNICIPIO,ID_DEPARTAMENTO,CODDANE_MUNICIPIO,NOMBRE_MUNICIPIO,ESTADO_MUNICIPIO) values ('516','25','25473','MOSQUERA','1');
Insert into CARCENTER.TBL_MUNICIPIO (ID_MUNICIPIO,ID_DEPARTAMENTO,CODDANE_MUNICIPIO,NOMBRE_MUNICIPIO,ESTADO_MUNICIPIO) values ('517','25','25483','NARIÑO','1');
Insert into CARCENTER.TBL_MUNICIPIO (ID_MUNICIPIO,ID_DEPARTAMENTO,CODDANE_MUNICIPIO,NOMBRE_MUNICIPIO,ESTADO_MUNICIPIO) values ('518','25','25486','NEMOCÓN','1');
Insert into CARCENTER.TBL_MUNICIPIO (ID_MUNICIPIO,ID_DEPARTAMENTO,CODDANE_MUNICIPIO,NOMBRE_MUNICIPIO,ESTADO_MUNICIPIO) values ('519','25','25488','NILO','1');
Insert into CARCENTER.TBL_MUNICIPIO (ID_MUNICIPIO,ID_DEPARTAMENTO,CODDANE_MUNICIPIO,NOMBRE_MUNICIPIO,ESTADO_MUNICIPIO) values ('520','25','25489','NIMAIMA','1');
Insert into CARCENTER.TBL_MUNICIPIO (ID_MUNICIPIO,ID_DEPARTAMENTO,CODDANE_MUNICIPIO,NOMBRE_MUNICIPIO,ESTADO_MUNICIPIO) values ('521','25','25491','NOCAIMA','1');
Insert into CARCENTER.TBL_MUNICIPIO (ID_MUNICIPIO,ID_DEPARTAMENTO,CODDANE_MUNICIPIO,NOMBRE_MUNICIPIO,ESTADO_MUNICIPIO) values ('522','25','25506','VENECIA','1');
Insert into CARCENTER.TBL_MUNICIPIO (ID_MUNICIPIO,ID_DEPARTAMENTO,CODDANE_MUNICIPIO,NOMBRE_MUNICIPIO,ESTADO_MUNICIPIO) values ('523','25','25513','PACHO','1');
Insert into CARCENTER.TBL_MUNICIPIO (ID_MUNICIPIO,ID_DEPARTAMENTO,CODDANE_MUNICIPIO,NOMBRE_MUNICIPIO,ESTADO_MUNICIPIO) values ('524','25','25518','PAIME','1');
Insert into CARCENTER.TBL_MUNICIPIO (ID_MUNICIPIO,ID_DEPARTAMENTO,CODDANE_MUNICIPIO,NOMBRE_MUNICIPIO,ESTADO_MUNICIPIO) values ('525','25','25524','PANDI','1');
Insert into CARCENTER.TBL_MUNICIPIO (ID_MUNICIPIO,ID_DEPARTAMENTO,CODDANE_MUNICIPIO,NOMBRE_MUNICIPIO,ESTADO_MUNICIPIO) values ('526','25','25530','PARATEBUENO','1');
Insert into CARCENTER.TBL_MUNICIPIO (ID_MUNICIPIO,ID_DEPARTAMENTO,CODDANE_MUNICIPIO,NOMBRE_MUNICIPIO,ESTADO_MUNICIPIO) values ('527','25','25535','PASCA','1');
Insert into CARCENTER.TBL_MUNICIPIO (ID_MUNICIPIO,ID_DEPARTAMENTO,CODDANE_MUNICIPIO,NOMBRE_MUNICIPIO,ESTADO_MUNICIPIO) values ('528','25','25572','PUERTO SALGAR','1');
Insert into CARCENTER.TBL_MUNICIPIO (ID_MUNICIPIO,ID_DEPARTAMENTO,CODDANE_MUNICIPIO,NOMBRE_MUNICIPIO,ESTADO_MUNICIPIO) values ('529','25','25580','PULÍ','1');
Insert into CARCENTER.TBL_MUNICIPIO (ID_MUNICIPIO,ID_DEPARTAMENTO,CODDANE_MUNICIPIO,NOMBRE_MUNICIPIO,ESTADO_MUNICIPIO) values ('530','25','25592','QUEBRADANEGRA','1');
Insert into CARCENTER.TBL_MUNICIPIO (ID_MUNICIPIO,ID_DEPARTAMENTO,CODDANE_MUNICIPIO,NOMBRE_MUNICIPIO,ESTADO_MUNICIPIO) values ('531','25','25594','QUETAME','1');
Insert into CARCENTER.TBL_MUNICIPIO (ID_MUNICIPIO,ID_DEPARTAMENTO,CODDANE_MUNICIPIO,NOMBRE_MUNICIPIO,ESTADO_MUNICIPIO) values ('532','25','25596','QUIPILE','1');
Insert into CARCENTER.TBL_MUNICIPIO (ID_MUNICIPIO,ID_DEPARTAMENTO,CODDANE_MUNICIPIO,NOMBRE_MUNICIPIO,ESTADO_MUNICIPIO) values ('533','25','25599','APULO','1');
Insert into CARCENTER.TBL_MUNICIPIO (ID_MUNICIPIO,ID_DEPARTAMENTO,CODDANE_MUNICIPIO,NOMBRE_MUNICIPIO,ESTADO_MUNICIPIO) values ('534','25','25612','RICAURTE','1');
Insert into CARCENTER.TBL_MUNICIPIO (ID_MUNICIPIO,ID_DEPARTAMENTO,CODDANE_MUNICIPIO,NOMBRE_MUNICIPIO,ESTADO_MUNICIPIO) values ('535','25','25645','SAN ANTONIO DEL TEQUENDAMA','1');
Insert into CARCENTER.TBL_MUNICIPIO (ID_MUNICIPIO,ID_DEPARTAMENTO,CODDANE_MUNICIPIO,NOMBRE_MUNICIPIO,ESTADO_MUNICIPIO) values ('536','25','25649','SAN BERNARDO','1');
Insert into CARCENTER.TBL_MUNICIPIO (ID_MUNICIPIO,ID_DEPARTAMENTO,CODDANE_MUNICIPIO,NOMBRE_MUNICIPIO,ESTADO_MUNICIPIO) values ('537','25','25653','SAN CAYETANO','1');
Insert into CARCENTER.TBL_MUNICIPIO (ID_MUNICIPIO,ID_DEPARTAMENTO,CODDANE_MUNICIPIO,NOMBRE_MUNICIPIO,ESTADO_MUNICIPIO) values ('538','25','25658','SAN FRANCISCO','1');
Insert into CARCENTER.TBL_MUNICIPIO (ID_MUNICIPIO,ID_DEPARTAMENTO,CODDANE_MUNICIPIO,NOMBRE_MUNICIPIO,ESTADO_MUNICIPIO) values ('539','25','25662','SAN JUAN DE RIOSECO','1');
Insert into CARCENTER.TBL_MUNICIPIO (ID_MUNICIPIO,ID_DEPARTAMENTO,CODDANE_MUNICIPIO,NOMBRE_MUNICIPIO,ESTADO_MUNICIPIO) values ('540','25','25718','SASAIMA','1');
Insert into CARCENTER.TBL_MUNICIPIO (ID_MUNICIPIO,ID_DEPARTAMENTO,CODDANE_MUNICIPIO,NOMBRE_MUNICIPIO,ESTADO_MUNICIPIO) values ('541','25','25736','SESQUILÉ','1');
Insert into CARCENTER.TBL_MUNICIPIO (ID_MUNICIPIO,ID_DEPARTAMENTO,CODDANE_MUNICIPIO,NOMBRE_MUNICIPIO,ESTADO_MUNICIPIO) values ('542','25','25740','SIBATÉ','1');
Insert into CARCENTER.TBL_MUNICIPIO (ID_MUNICIPIO,ID_DEPARTAMENTO,CODDANE_MUNICIPIO,NOMBRE_MUNICIPIO,ESTADO_MUNICIPIO) values ('543','25','25743','SILVANIA','1');
Insert into CARCENTER.TBL_MUNICIPIO (ID_MUNICIPIO,ID_DEPARTAMENTO,CODDANE_MUNICIPIO,NOMBRE_MUNICIPIO,ESTADO_MUNICIPIO) values ('544','25','25745','SIMIJACA','1');
Insert into CARCENTER.TBL_MUNICIPIO (ID_MUNICIPIO,ID_DEPARTAMENTO,CODDANE_MUNICIPIO,NOMBRE_MUNICIPIO,ESTADO_MUNICIPIO) values ('545','25','25754','SOACHA','1');
Insert into CARCENTER.TBL_MUNICIPIO (ID_MUNICIPIO,ID_DEPARTAMENTO,CODDANE_MUNICIPIO,NOMBRE_MUNICIPIO,ESTADO_MUNICIPIO) values ('546','25','25758','SOPÓ','1');
Insert into CARCENTER.TBL_MUNICIPIO (ID_MUNICIPIO,ID_DEPARTAMENTO,CODDANE_MUNICIPIO,NOMBRE_MUNICIPIO,ESTADO_MUNICIPIO) values ('547','25','25769','SUBACHOQUE','1');
Insert into CARCENTER.TBL_MUNICIPIO (ID_MUNICIPIO,ID_DEPARTAMENTO,CODDANE_MUNICIPIO,NOMBRE_MUNICIPIO,ESTADO_MUNICIPIO) values ('548','25','25772','SUESCA','1');
Insert into CARCENTER.TBL_MUNICIPIO (ID_MUNICIPIO,ID_DEPARTAMENTO,CODDANE_MUNICIPIO,NOMBRE_MUNICIPIO,ESTADO_MUNICIPIO) values ('549','25','25777','SUPATÁ','1');
Insert into CARCENTER.TBL_MUNICIPIO (ID_MUNICIPIO,ID_DEPARTAMENTO,CODDANE_MUNICIPIO,NOMBRE_MUNICIPIO,ESTADO_MUNICIPIO) values ('550','25','25779','SUSA','1');
Insert into CARCENTER.TBL_MUNICIPIO (ID_MUNICIPIO,ID_DEPARTAMENTO,CODDANE_MUNICIPIO,NOMBRE_MUNICIPIO,ESTADO_MUNICIPIO) values ('551','25','25781','SUTATAUSA','1');
Insert into CARCENTER.TBL_MUNICIPIO (ID_MUNICIPIO,ID_DEPARTAMENTO,CODDANE_MUNICIPIO,NOMBRE_MUNICIPIO,ESTADO_MUNICIPIO) values ('552','25','25785','TABIO','1');
Insert into CARCENTER.TBL_MUNICIPIO (ID_MUNICIPIO,ID_DEPARTAMENTO,CODDANE_MUNICIPIO,NOMBRE_MUNICIPIO,ESTADO_MUNICIPIO) values ('553','25','25793','TAUSA','1');
Insert into CARCENTER.TBL_MUNICIPIO (ID_MUNICIPIO,ID_DEPARTAMENTO,CODDANE_MUNICIPIO,NOMBRE_MUNICIPIO,ESTADO_MUNICIPIO) values ('554','25','25797','TENA','1');
Insert into CARCENTER.TBL_MUNICIPIO (ID_MUNICIPIO,ID_DEPARTAMENTO,CODDANE_MUNICIPIO,NOMBRE_MUNICIPIO,ESTADO_MUNICIPIO) values ('555','25','25799','TENJO','1');
Insert into CARCENTER.TBL_MUNICIPIO (ID_MUNICIPIO,ID_DEPARTAMENTO,CODDANE_MUNICIPIO,NOMBRE_MUNICIPIO,ESTADO_MUNICIPIO) values ('556','25','25805','TIBACUY','1');
Insert into CARCENTER.TBL_MUNICIPIO (ID_MUNICIPIO,ID_DEPARTAMENTO,CODDANE_MUNICIPIO,NOMBRE_MUNICIPIO,ESTADO_MUNICIPIO) values ('557','25','25807','TIBIRITA','1');
Insert into CARCENTER.TBL_MUNICIPIO (ID_MUNICIPIO,ID_DEPARTAMENTO,CODDANE_MUNICIPIO,NOMBRE_MUNICIPIO,ESTADO_MUNICIPIO) values ('558','25','25815','TOCAIMA','1');
Insert into CARCENTER.TBL_MUNICIPIO (ID_MUNICIPIO,ID_DEPARTAMENTO,CODDANE_MUNICIPIO,NOMBRE_MUNICIPIO,ESTADO_MUNICIPIO) values ('559','25','25817','TOCANCIPÁ','1');
Insert into CARCENTER.TBL_MUNICIPIO (ID_MUNICIPIO,ID_DEPARTAMENTO,CODDANE_MUNICIPIO,NOMBRE_MUNICIPIO,ESTADO_MUNICIPIO) values ('560','25','25823','TOPAIPÍ','1');
Insert into CARCENTER.TBL_MUNICIPIO (ID_MUNICIPIO,ID_DEPARTAMENTO,CODDANE_MUNICIPIO,NOMBRE_MUNICIPIO,ESTADO_MUNICIPIO) values ('561','25','25839','UBALÁ','1');
Insert into CARCENTER.TBL_MUNICIPIO (ID_MUNICIPIO,ID_DEPARTAMENTO,CODDANE_MUNICIPIO,NOMBRE_MUNICIPIO,ESTADO_MUNICIPIO) values ('562','25','25841','UBAQUE','1');
Insert into CARCENTER.TBL_MUNICIPIO (ID_MUNICIPIO,ID_DEPARTAMENTO,CODDANE_MUNICIPIO,NOMBRE_MUNICIPIO,ESTADO_MUNICIPIO) values ('563','25','25843','VILLA DE SAN DIEGO DE UBATÉ','1');
Insert into CARCENTER.TBL_MUNICIPIO (ID_MUNICIPIO,ID_DEPARTAMENTO,CODDANE_MUNICIPIO,NOMBRE_MUNICIPIO,ESTADO_MUNICIPIO) values ('564','25','25845','UNE','1');
Insert into CARCENTER.TBL_MUNICIPIO (ID_MUNICIPIO,ID_DEPARTAMENTO,CODDANE_MUNICIPIO,NOMBRE_MUNICIPIO,ESTADO_MUNICIPIO) values ('565','25','25851','ÚTICA','1');
Insert into CARCENTER.TBL_MUNICIPIO (ID_MUNICIPIO,ID_DEPARTAMENTO,CODDANE_MUNICIPIO,NOMBRE_MUNICIPIO,ESTADO_MUNICIPIO) values ('566','25','25862','VERGARA','1');
Insert into CARCENTER.TBL_MUNICIPIO (ID_MUNICIPIO,ID_DEPARTAMENTO,CODDANE_MUNICIPIO,NOMBRE_MUNICIPIO,ESTADO_MUNICIPIO) values ('567','25','25867','VIANÍ','1');
Insert into CARCENTER.TBL_MUNICIPIO (ID_MUNICIPIO,ID_DEPARTAMENTO,CODDANE_MUNICIPIO,NOMBRE_MUNICIPIO,ESTADO_MUNICIPIO) values ('568','25','25871','VILLAGÓMEZ','1');
Insert into CARCENTER.TBL_MUNICIPIO (ID_MUNICIPIO,ID_DEPARTAMENTO,CODDANE_MUNICIPIO,NOMBRE_MUNICIPIO,ESTADO_MUNICIPIO) values ('569','25','25873','VILLAPINZÓN','1');
Insert into CARCENTER.TBL_MUNICIPIO (ID_MUNICIPIO,ID_DEPARTAMENTO,CODDANE_MUNICIPIO,NOMBRE_MUNICIPIO,ESTADO_MUNICIPIO) values ('570','25','25875','VILLETA','1');
Insert into CARCENTER.TBL_MUNICIPIO (ID_MUNICIPIO,ID_DEPARTAMENTO,CODDANE_MUNICIPIO,NOMBRE_MUNICIPIO,ESTADO_MUNICIPIO) values ('571','25','25878','VIOTÁ','1');
Insert into CARCENTER.TBL_MUNICIPIO (ID_MUNICIPIO,ID_DEPARTAMENTO,CODDANE_MUNICIPIO,NOMBRE_MUNICIPIO,ESTADO_MUNICIPIO) values ('572','25','25885','YACOPÍ','1');
Insert into CARCENTER.TBL_MUNICIPIO (ID_MUNICIPIO,ID_DEPARTAMENTO,CODDANE_MUNICIPIO,NOMBRE_MUNICIPIO,ESTADO_MUNICIPIO) values ('573','25','25898','ZIPACÓN','1');
Insert into CARCENTER.TBL_MUNICIPIO (ID_MUNICIPIO,ID_DEPARTAMENTO,CODDANE_MUNICIPIO,NOMBRE_MUNICIPIO,ESTADO_MUNICIPIO) values ('574','25','25899','ZIPAQUIRÁ','1');
Insert into CARCENTER.TBL_MUNICIPIO (ID_MUNICIPIO,ID_DEPARTAMENTO,CODDANE_MUNICIPIO,NOMBRE_MUNICIPIO,ESTADO_MUNICIPIO) values ('575','27','27001','QUIBDÓ','1');
Insert into CARCENTER.TBL_MUNICIPIO (ID_MUNICIPIO,ID_DEPARTAMENTO,CODDANE_MUNICIPIO,NOMBRE_MUNICIPIO,ESTADO_MUNICIPIO) values ('576','27','27006','ACANDÍ','1');
Insert into CARCENTER.TBL_MUNICIPIO (ID_MUNICIPIO,ID_DEPARTAMENTO,CODDANE_MUNICIPIO,NOMBRE_MUNICIPIO,ESTADO_MUNICIPIO) values ('577','27','27025','ALTO BAUDÓ','1');
Insert into CARCENTER.TBL_MUNICIPIO (ID_MUNICIPIO,ID_DEPARTAMENTO,CODDANE_MUNICIPIO,NOMBRE_MUNICIPIO,ESTADO_MUNICIPIO) values ('578','27','27050','ATRATO','1');
Insert into CARCENTER.TBL_MUNICIPIO (ID_MUNICIPIO,ID_DEPARTAMENTO,CODDANE_MUNICIPIO,NOMBRE_MUNICIPIO,ESTADO_MUNICIPIO) values ('579','27','27073','BAGADÓ','1');
Insert into CARCENTER.TBL_MUNICIPIO (ID_MUNICIPIO,ID_DEPARTAMENTO,CODDANE_MUNICIPIO,NOMBRE_MUNICIPIO,ESTADO_MUNICIPIO) values ('580','27','27075','BAHÍA SOLANO','1');
Insert into CARCENTER.TBL_MUNICIPIO (ID_MUNICIPIO,ID_DEPARTAMENTO,CODDANE_MUNICIPIO,NOMBRE_MUNICIPIO,ESTADO_MUNICIPIO) values ('581','27','27077','BAJO BAUDÓ','1');
Insert into CARCENTER.TBL_MUNICIPIO (ID_MUNICIPIO,ID_DEPARTAMENTO,CODDANE_MUNICIPIO,NOMBRE_MUNICIPIO,ESTADO_MUNICIPIO) values ('582','27','27099','BOJAYÁ','1');
Insert into CARCENTER.TBL_MUNICIPIO (ID_MUNICIPIO,ID_DEPARTAMENTO,CODDANE_MUNICIPIO,NOMBRE_MUNICIPIO,ESTADO_MUNICIPIO) values ('583','27','27135','EL CANTÓN DEL SAN PABLO','1');
Insert into CARCENTER.TBL_MUNICIPIO (ID_MUNICIPIO,ID_DEPARTAMENTO,CODDANE_MUNICIPIO,NOMBRE_MUNICIPIO,ESTADO_MUNICIPIO) values ('584','27','27150','CARMEN DEL DARIÉN','1');
Insert into CARCENTER.TBL_MUNICIPIO (ID_MUNICIPIO,ID_DEPARTAMENTO,CODDANE_MUNICIPIO,NOMBRE_MUNICIPIO,ESTADO_MUNICIPIO) values ('585','27','27160','CÉRTEGUI','1');
Insert into CARCENTER.TBL_MUNICIPIO (ID_MUNICIPIO,ID_DEPARTAMENTO,CODDANE_MUNICIPIO,NOMBRE_MUNICIPIO,ESTADO_MUNICIPIO) values ('586','27','27205','CONDOTO','1');
Insert into CARCENTER.TBL_MUNICIPIO (ID_MUNICIPIO,ID_DEPARTAMENTO,CODDANE_MUNICIPIO,NOMBRE_MUNICIPIO,ESTADO_MUNICIPIO) values ('587','27','27245','EL CARMEN DE ATRATO','1');
Insert into CARCENTER.TBL_MUNICIPIO (ID_MUNICIPIO,ID_DEPARTAMENTO,CODDANE_MUNICIPIO,NOMBRE_MUNICIPIO,ESTADO_MUNICIPIO) values ('588','27','27250','EL LITORAL DEL SAN JUAN','1');
Insert into CARCENTER.TBL_MUNICIPIO (ID_MUNICIPIO,ID_DEPARTAMENTO,CODDANE_MUNICIPIO,NOMBRE_MUNICIPIO,ESTADO_MUNICIPIO) values ('589','27','27361','ISTMINA','1');
Insert into CARCENTER.TBL_MUNICIPIO (ID_MUNICIPIO,ID_DEPARTAMENTO,CODDANE_MUNICIPIO,NOMBRE_MUNICIPIO,ESTADO_MUNICIPIO) values ('590','27','27372','JURADÓ','1');
Insert into CARCENTER.TBL_MUNICIPIO (ID_MUNICIPIO,ID_DEPARTAMENTO,CODDANE_MUNICIPIO,NOMBRE_MUNICIPIO,ESTADO_MUNICIPIO) values ('591','27','27413','LLORÓ','1');
Insert into CARCENTER.TBL_MUNICIPIO (ID_MUNICIPIO,ID_DEPARTAMENTO,CODDANE_MUNICIPIO,NOMBRE_MUNICIPIO,ESTADO_MUNICIPIO) values ('592','27','27425','MEDIO ATRATO','1');
Insert into CARCENTER.TBL_MUNICIPIO (ID_MUNICIPIO,ID_DEPARTAMENTO,CODDANE_MUNICIPIO,NOMBRE_MUNICIPIO,ESTADO_MUNICIPIO) values ('593','27','27430','MEDIO BAUDÓ','1');
Insert into CARCENTER.TBL_MUNICIPIO (ID_MUNICIPIO,ID_DEPARTAMENTO,CODDANE_MUNICIPIO,NOMBRE_MUNICIPIO,ESTADO_MUNICIPIO) values ('594','27','27450','MEDIO SAN JUAN','1');
Insert into CARCENTER.TBL_MUNICIPIO (ID_MUNICIPIO,ID_DEPARTAMENTO,CODDANE_MUNICIPIO,NOMBRE_MUNICIPIO,ESTADO_MUNICIPIO) values ('595','27','27491','NÓVITA','1');
Insert into CARCENTER.TBL_MUNICIPIO (ID_MUNICIPIO,ID_DEPARTAMENTO,CODDANE_MUNICIPIO,NOMBRE_MUNICIPIO,ESTADO_MUNICIPIO) values ('596','27','27495','NUQUÍ','1');
Insert into CARCENTER.TBL_MUNICIPIO (ID_MUNICIPIO,ID_DEPARTAMENTO,CODDANE_MUNICIPIO,NOMBRE_MUNICIPIO,ESTADO_MUNICIPIO) values ('597','27','27580','RÍO IRÓ','1');
Insert into CARCENTER.TBL_MUNICIPIO (ID_MUNICIPIO,ID_DEPARTAMENTO,CODDANE_MUNICIPIO,NOMBRE_MUNICIPIO,ESTADO_MUNICIPIO) values ('598','27','27600','RÍO QUITO','1');
Insert into CARCENTER.TBL_MUNICIPIO (ID_MUNICIPIO,ID_DEPARTAMENTO,CODDANE_MUNICIPIO,NOMBRE_MUNICIPIO,ESTADO_MUNICIPIO) values ('599','27','27615','RIOSUCIO','1');
Insert into CARCENTER.TBL_MUNICIPIO (ID_MUNICIPIO,ID_DEPARTAMENTO,CODDANE_MUNICIPIO,NOMBRE_MUNICIPIO,ESTADO_MUNICIPIO) values ('600','27','27660','SAN JOSÉ DEL PALMAR','1');
Insert into CARCENTER.TBL_MUNICIPIO (ID_MUNICIPIO,ID_DEPARTAMENTO,CODDANE_MUNICIPIO,NOMBRE_MUNICIPIO,ESTADO_MUNICIPIO) values ('601','27','27745','SIPÍ','1');
Insert into CARCENTER.TBL_MUNICIPIO (ID_MUNICIPIO,ID_DEPARTAMENTO,CODDANE_MUNICIPIO,NOMBRE_MUNICIPIO,ESTADO_MUNICIPIO) values ('602','27','27787','TADÓ','1');
Insert into CARCENTER.TBL_MUNICIPIO (ID_MUNICIPIO,ID_DEPARTAMENTO,CODDANE_MUNICIPIO,NOMBRE_MUNICIPIO,ESTADO_MUNICIPIO) values ('603','27','27800','UNGUÍA','1');
Insert into CARCENTER.TBL_MUNICIPIO (ID_MUNICIPIO,ID_DEPARTAMENTO,CODDANE_MUNICIPIO,NOMBRE_MUNICIPIO,ESTADO_MUNICIPIO) values ('604','27','27810','UNIÓN PANAMERICANA','1');
Insert into CARCENTER.TBL_MUNICIPIO (ID_MUNICIPIO,ID_DEPARTAMENTO,CODDANE_MUNICIPIO,NOMBRE_MUNICIPIO,ESTADO_MUNICIPIO) values ('605','41','41001','NEIVA','1');
Insert into CARCENTER.TBL_MUNICIPIO (ID_MUNICIPIO,ID_DEPARTAMENTO,CODDANE_MUNICIPIO,NOMBRE_MUNICIPIO,ESTADO_MUNICIPIO) values ('606','41','41006','ACEVEDO','1');
Insert into CARCENTER.TBL_MUNICIPIO (ID_MUNICIPIO,ID_DEPARTAMENTO,CODDANE_MUNICIPIO,NOMBRE_MUNICIPIO,ESTADO_MUNICIPIO) values ('607','41','41013','AGRADO','1');
Insert into CARCENTER.TBL_MUNICIPIO (ID_MUNICIPIO,ID_DEPARTAMENTO,CODDANE_MUNICIPIO,NOMBRE_MUNICIPIO,ESTADO_MUNICIPIO) values ('608','41','41016','AIPE','1');
Insert into CARCENTER.TBL_MUNICIPIO (ID_MUNICIPIO,ID_DEPARTAMENTO,CODDANE_MUNICIPIO,NOMBRE_MUNICIPIO,ESTADO_MUNICIPIO) values ('609','41','41020','ALGECIRAS','1');
Insert into CARCENTER.TBL_MUNICIPIO (ID_MUNICIPIO,ID_DEPARTAMENTO,CODDANE_MUNICIPIO,NOMBRE_MUNICIPIO,ESTADO_MUNICIPIO) values ('610','41','41026','ALTAMIRA','1');
Insert into CARCENTER.TBL_MUNICIPIO (ID_MUNICIPIO,ID_DEPARTAMENTO,CODDANE_MUNICIPIO,NOMBRE_MUNICIPIO,ESTADO_MUNICIPIO) values ('611','41','41078','BARAYA','1');
Insert into CARCENTER.TBL_MUNICIPIO (ID_MUNICIPIO,ID_DEPARTAMENTO,CODDANE_MUNICIPIO,NOMBRE_MUNICIPIO,ESTADO_MUNICIPIO) values ('612','41','41132','CAMPOALEGRE','1');
Insert into CARCENTER.TBL_MUNICIPIO (ID_MUNICIPIO,ID_DEPARTAMENTO,CODDANE_MUNICIPIO,NOMBRE_MUNICIPIO,ESTADO_MUNICIPIO) values ('613','41','41206','COLOMBIA','1');
Insert into CARCENTER.TBL_MUNICIPIO (ID_MUNICIPIO,ID_DEPARTAMENTO,CODDANE_MUNICIPIO,NOMBRE_MUNICIPIO,ESTADO_MUNICIPIO) values ('614','41','41244','ELÍAS','1');
Insert into CARCENTER.TBL_MUNICIPIO (ID_MUNICIPIO,ID_DEPARTAMENTO,CODDANE_MUNICIPIO,NOMBRE_MUNICIPIO,ESTADO_MUNICIPIO) values ('615','41','41298','GARZÓN','1');
Insert into CARCENTER.TBL_MUNICIPIO (ID_MUNICIPIO,ID_DEPARTAMENTO,CODDANE_MUNICIPIO,NOMBRE_MUNICIPIO,ESTADO_MUNICIPIO) values ('616','41','41306','GIGANTE','1');
Insert into CARCENTER.TBL_MUNICIPIO (ID_MUNICIPIO,ID_DEPARTAMENTO,CODDANE_MUNICIPIO,NOMBRE_MUNICIPIO,ESTADO_MUNICIPIO) values ('617','41','41319','GUADALUPE','1');
Insert into CARCENTER.TBL_MUNICIPIO (ID_MUNICIPIO,ID_DEPARTAMENTO,CODDANE_MUNICIPIO,NOMBRE_MUNICIPIO,ESTADO_MUNICIPIO) values ('618','41','41349','HOBO','1');
Insert into CARCENTER.TBL_MUNICIPIO (ID_MUNICIPIO,ID_DEPARTAMENTO,CODDANE_MUNICIPIO,NOMBRE_MUNICIPIO,ESTADO_MUNICIPIO) values ('619','41','41357','ÍQUIRA','1');
Insert into CARCENTER.TBL_MUNICIPIO (ID_MUNICIPIO,ID_DEPARTAMENTO,CODDANE_MUNICIPIO,NOMBRE_MUNICIPIO,ESTADO_MUNICIPIO) values ('620','41','41359','ISNOS','1');
Insert into CARCENTER.TBL_MUNICIPIO (ID_MUNICIPIO,ID_DEPARTAMENTO,CODDANE_MUNICIPIO,NOMBRE_MUNICIPIO,ESTADO_MUNICIPIO) values ('621','41','41378','LA ARGENTINA','1');
Insert into CARCENTER.TBL_MUNICIPIO (ID_MUNICIPIO,ID_DEPARTAMENTO,CODDANE_MUNICIPIO,NOMBRE_MUNICIPIO,ESTADO_MUNICIPIO) values ('622','41','41396','LA PLATA','1');
Insert into CARCENTER.TBL_MUNICIPIO (ID_MUNICIPIO,ID_DEPARTAMENTO,CODDANE_MUNICIPIO,NOMBRE_MUNICIPIO,ESTADO_MUNICIPIO) values ('623','41','41483','NÁTAGA','1');
Insert into CARCENTER.TBL_MUNICIPIO (ID_MUNICIPIO,ID_DEPARTAMENTO,CODDANE_MUNICIPIO,NOMBRE_MUNICIPIO,ESTADO_MUNICIPIO) values ('624','41','41503','OPORAPA','1');
Insert into CARCENTER.TBL_MUNICIPIO (ID_MUNICIPIO,ID_DEPARTAMENTO,CODDANE_MUNICIPIO,NOMBRE_MUNICIPIO,ESTADO_MUNICIPIO) values ('625','41','41518','PAICOL','1');
Insert into CARCENTER.TBL_MUNICIPIO (ID_MUNICIPIO,ID_DEPARTAMENTO,CODDANE_MUNICIPIO,NOMBRE_MUNICIPIO,ESTADO_MUNICIPIO) values ('626','41','41524','PALERMO','1');
Insert into CARCENTER.TBL_MUNICIPIO (ID_MUNICIPIO,ID_DEPARTAMENTO,CODDANE_MUNICIPIO,NOMBRE_MUNICIPIO,ESTADO_MUNICIPIO) values ('627','41','41530','PALESTINA','1');
Insert into CARCENTER.TBL_MUNICIPIO (ID_MUNICIPIO,ID_DEPARTAMENTO,CODDANE_MUNICIPIO,NOMBRE_MUNICIPIO,ESTADO_MUNICIPIO) values ('628','41','41548','PITAL','1');
Insert into CARCENTER.TBL_MUNICIPIO (ID_MUNICIPIO,ID_DEPARTAMENTO,CODDANE_MUNICIPIO,NOMBRE_MUNICIPIO,ESTADO_MUNICIPIO) values ('629','41','41551','PITALITO','1');
Insert into CARCENTER.TBL_MUNICIPIO (ID_MUNICIPIO,ID_DEPARTAMENTO,CODDANE_MUNICIPIO,NOMBRE_MUNICIPIO,ESTADO_MUNICIPIO) values ('630','41','41615','RIVERA','1');
Insert into CARCENTER.TBL_MUNICIPIO (ID_MUNICIPIO,ID_DEPARTAMENTO,CODDANE_MUNICIPIO,NOMBRE_MUNICIPIO,ESTADO_MUNICIPIO) values ('631','41','41660','SALADOBLANCO','1');
Insert into CARCENTER.TBL_MUNICIPIO (ID_MUNICIPIO,ID_DEPARTAMENTO,CODDANE_MUNICIPIO,NOMBRE_MUNICIPIO,ESTADO_MUNICIPIO) values ('632','41','41668','SAN AGUSTÍN','1');
Insert into CARCENTER.TBL_MUNICIPIO (ID_MUNICIPIO,ID_DEPARTAMENTO,CODDANE_MUNICIPIO,NOMBRE_MUNICIPIO,ESTADO_MUNICIPIO) values ('633','41','41676','SANTA MARÍA','1');
Insert into CARCENTER.TBL_MUNICIPIO (ID_MUNICIPIO,ID_DEPARTAMENTO,CODDANE_MUNICIPIO,NOMBRE_MUNICIPIO,ESTADO_MUNICIPIO) values ('634','41','41770','SUAZA','1');
Insert into CARCENTER.TBL_MUNICIPIO (ID_MUNICIPIO,ID_DEPARTAMENTO,CODDANE_MUNICIPIO,NOMBRE_MUNICIPIO,ESTADO_MUNICIPIO) values ('635','41','41791','TARQUI','1');
Insert into CARCENTER.TBL_MUNICIPIO (ID_MUNICIPIO,ID_DEPARTAMENTO,CODDANE_MUNICIPIO,NOMBRE_MUNICIPIO,ESTADO_MUNICIPIO) values ('636','41','41797','TESALIA','1');
Insert into CARCENTER.TBL_MUNICIPIO (ID_MUNICIPIO,ID_DEPARTAMENTO,CODDANE_MUNICIPIO,NOMBRE_MUNICIPIO,ESTADO_MUNICIPIO) values ('637','41','41799','TELLO','1');
Insert into CARCENTER.TBL_MUNICIPIO (ID_MUNICIPIO,ID_DEPARTAMENTO,CODDANE_MUNICIPIO,NOMBRE_MUNICIPIO,ESTADO_MUNICIPIO) values ('638','41','41801','TERUEL','1');
Insert into CARCENTER.TBL_MUNICIPIO (ID_MUNICIPIO,ID_DEPARTAMENTO,CODDANE_MUNICIPIO,NOMBRE_MUNICIPIO,ESTADO_MUNICIPIO) values ('639','41','41807','TIMANÁ','1');
Insert into CARCENTER.TBL_MUNICIPIO (ID_MUNICIPIO,ID_DEPARTAMENTO,CODDANE_MUNICIPIO,NOMBRE_MUNICIPIO,ESTADO_MUNICIPIO) values ('640','41','41872','VILLAVIEJA','1');
Insert into CARCENTER.TBL_MUNICIPIO (ID_MUNICIPIO,ID_DEPARTAMENTO,CODDANE_MUNICIPIO,NOMBRE_MUNICIPIO,ESTADO_MUNICIPIO) values ('641','41','41885','YAGUARÁ','1');
Insert into CARCENTER.TBL_MUNICIPIO (ID_MUNICIPIO,ID_DEPARTAMENTO,CODDANE_MUNICIPIO,NOMBRE_MUNICIPIO,ESTADO_MUNICIPIO) values ('642','44','44001','RIOHACHA','1');
Insert into CARCENTER.TBL_MUNICIPIO (ID_MUNICIPIO,ID_DEPARTAMENTO,CODDANE_MUNICIPIO,NOMBRE_MUNICIPIO,ESTADO_MUNICIPIO) values ('643','44','44035','ALBANIA','1');
Insert into CARCENTER.TBL_MUNICIPIO (ID_MUNICIPIO,ID_DEPARTAMENTO,CODDANE_MUNICIPIO,NOMBRE_MUNICIPIO,ESTADO_MUNICIPIO) values ('644','44','44078','BARRANCAS','1');
Insert into CARCENTER.TBL_MUNICIPIO (ID_MUNICIPIO,ID_DEPARTAMENTO,CODDANE_MUNICIPIO,NOMBRE_MUNICIPIO,ESTADO_MUNICIPIO) values ('645','44','44090','DIBULLA','1');
Insert into CARCENTER.TBL_MUNICIPIO (ID_MUNICIPIO,ID_DEPARTAMENTO,CODDANE_MUNICIPIO,NOMBRE_MUNICIPIO,ESTADO_MUNICIPIO) values ('646','44','44098','DISTRACCIÓN','1');
Insert into CARCENTER.TBL_MUNICIPIO (ID_MUNICIPIO,ID_DEPARTAMENTO,CODDANE_MUNICIPIO,NOMBRE_MUNICIPIO,ESTADO_MUNICIPIO) values ('647','44','44110','EL MOLINO','1');
Insert into CARCENTER.TBL_MUNICIPIO (ID_MUNICIPIO,ID_DEPARTAMENTO,CODDANE_MUNICIPIO,NOMBRE_MUNICIPIO,ESTADO_MUNICIPIO) values ('648','44','44279','FONSECA','1');
Insert into CARCENTER.TBL_MUNICIPIO (ID_MUNICIPIO,ID_DEPARTAMENTO,CODDANE_MUNICIPIO,NOMBRE_MUNICIPIO,ESTADO_MUNICIPIO) values ('649','44','44378','HATONUEVO','1');
Insert into CARCENTER.TBL_MUNICIPIO (ID_MUNICIPIO,ID_DEPARTAMENTO,CODDANE_MUNICIPIO,NOMBRE_MUNICIPIO,ESTADO_MUNICIPIO) values ('650','44','44420','LA JAGUA DEL PILAR','1');
Insert into CARCENTER.TBL_MUNICIPIO (ID_MUNICIPIO,ID_DEPARTAMENTO,CODDANE_MUNICIPIO,NOMBRE_MUNICIPIO,ESTADO_MUNICIPIO) values ('651','44','44430','MAICAO','1');
Insert into CARCENTER.TBL_MUNICIPIO (ID_MUNICIPIO,ID_DEPARTAMENTO,CODDANE_MUNICIPIO,NOMBRE_MUNICIPIO,ESTADO_MUNICIPIO) values ('652','44','44560','MANAURE','1');
Insert into CARCENTER.TBL_MUNICIPIO (ID_MUNICIPIO,ID_DEPARTAMENTO,CODDANE_MUNICIPIO,NOMBRE_MUNICIPIO,ESTADO_MUNICIPIO) values ('653','44','44650','SAN JUAN DEL CESAR','1');
Insert into CARCENTER.TBL_MUNICIPIO (ID_MUNICIPIO,ID_DEPARTAMENTO,CODDANE_MUNICIPIO,NOMBRE_MUNICIPIO,ESTADO_MUNICIPIO) values ('654','44','44847','URIBIA','1');
Insert into CARCENTER.TBL_MUNICIPIO (ID_MUNICIPIO,ID_DEPARTAMENTO,CODDANE_MUNICIPIO,NOMBRE_MUNICIPIO,ESTADO_MUNICIPIO) values ('655','44','44855','URUMITA','1');
Insert into CARCENTER.TBL_MUNICIPIO (ID_MUNICIPIO,ID_DEPARTAMENTO,CODDANE_MUNICIPIO,NOMBRE_MUNICIPIO,ESTADO_MUNICIPIO) values ('656','44','44874','VILLANUEVA','1');
Insert into CARCENTER.TBL_MUNICIPIO (ID_MUNICIPIO,ID_DEPARTAMENTO,CODDANE_MUNICIPIO,NOMBRE_MUNICIPIO,ESTADO_MUNICIPIO) values ('657','47','47001','SANTA MARTA','1');
Insert into CARCENTER.TBL_MUNICIPIO (ID_MUNICIPIO,ID_DEPARTAMENTO,CODDANE_MUNICIPIO,NOMBRE_MUNICIPIO,ESTADO_MUNICIPIO) values ('658','47','47030','ALGARROBO','1');
Insert into CARCENTER.TBL_MUNICIPIO (ID_MUNICIPIO,ID_DEPARTAMENTO,CODDANE_MUNICIPIO,NOMBRE_MUNICIPIO,ESTADO_MUNICIPIO) values ('659','47','47053','ARACATACA','1');
Insert into CARCENTER.TBL_MUNICIPIO (ID_MUNICIPIO,ID_DEPARTAMENTO,CODDANE_MUNICIPIO,NOMBRE_MUNICIPIO,ESTADO_MUNICIPIO) values ('660','47','47058','ARIGUANÍ','1');
Insert into CARCENTER.TBL_MUNICIPIO (ID_MUNICIPIO,ID_DEPARTAMENTO,CODDANE_MUNICIPIO,NOMBRE_MUNICIPIO,ESTADO_MUNICIPIO) values ('661','47','47161','CERRO DE SAN ANTONIO','1');
Insert into CARCENTER.TBL_MUNICIPIO (ID_MUNICIPIO,ID_DEPARTAMENTO,CODDANE_MUNICIPIO,NOMBRE_MUNICIPIO,ESTADO_MUNICIPIO) values ('662','47','47170','CHIVOLO','1');
Insert into CARCENTER.TBL_MUNICIPIO (ID_MUNICIPIO,ID_DEPARTAMENTO,CODDANE_MUNICIPIO,NOMBRE_MUNICIPIO,ESTADO_MUNICIPIO) values ('663','47','47189','CIÉNAGA','1');
Insert into CARCENTER.TBL_MUNICIPIO (ID_MUNICIPIO,ID_DEPARTAMENTO,CODDANE_MUNICIPIO,NOMBRE_MUNICIPIO,ESTADO_MUNICIPIO) values ('664','47','47205','CONCORDIA','1');
Insert into CARCENTER.TBL_MUNICIPIO (ID_MUNICIPIO,ID_DEPARTAMENTO,CODDANE_MUNICIPIO,NOMBRE_MUNICIPIO,ESTADO_MUNICIPIO) values ('665','47','47245','EL BANCO','1');
Insert into CARCENTER.TBL_MUNICIPIO (ID_MUNICIPIO,ID_DEPARTAMENTO,CODDANE_MUNICIPIO,NOMBRE_MUNICIPIO,ESTADO_MUNICIPIO) values ('666','47','47258','EL PIÑÓN','1');
Insert into CARCENTER.TBL_MUNICIPIO (ID_MUNICIPIO,ID_DEPARTAMENTO,CODDANE_MUNICIPIO,NOMBRE_MUNICIPIO,ESTADO_MUNICIPIO) values ('667','47','47268','EL RETÉN','1');
Insert into CARCENTER.TBL_MUNICIPIO (ID_MUNICIPIO,ID_DEPARTAMENTO,CODDANE_MUNICIPIO,NOMBRE_MUNICIPIO,ESTADO_MUNICIPIO) values ('668','47','47288','FUNDACIÓN','1');
Insert into CARCENTER.TBL_MUNICIPIO (ID_MUNICIPIO,ID_DEPARTAMENTO,CODDANE_MUNICIPIO,NOMBRE_MUNICIPIO,ESTADO_MUNICIPIO) values ('669','47','47318','GUAMAL','1');
Insert into CARCENTER.TBL_MUNICIPIO (ID_MUNICIPIO,ID_DEPARTAMENTO,CODDANE_MUNICIPIO,NOMBRE_MUNICIPIO,ESTADO_MUNICIPIO) values ('670','47','47460','NUEVA GRANADA','1');
Insert into CARCENTER.TBL_MUNICIPIO (ID_MUNICIPIO,ID_DEPARTAMENTO,CODDANE_MUNICIPIO,NOMBRE_MUNICIPIO,ESTADO_MUNICIPIO) values ('671','47','47541','PEDRAZA','1');
Insert into CARCENTER.TBL_MUNICIPIO (ID_MUNICIPIO,ID_DEPARTAMENTO,CODDANE_MUNICIPIO,NOMBRE_MUNICIPIO,ESTADO_MUNICIPIO) values ('672','47','47545','PIJIÑO DEL CARMEN','1');
Insert into CARCENTER.TBL_MUNICIPIO (ID_MUNICIPIO,ID_DEPARTAMENTO,CODDANE_MUNICIPIO,NOMBRE_MUNICIPIO,ESTADO_MUNICIPIO) values ('673','47','47551','PIVIJAY','1');
Insert into CARCENTER.TBL_MUNICIPIO (ID_MUNICIPIO,ID_DEPARTAMENTO,CODDANE_MUNICIPIO,NOMBRE_MUNICIPIO,ESTADO_MUNICIPIO) values ('674','47','47555','PLATO','1');
Insert into CARCENTER.TBL_MUNICIPIO (ID_MUNICIPIO,ID_DEPARTAMENTO,CODDANE_MUNICIPIO,NOMBRE_MUNICIPIO,ESTADO_MUNICIPIO) values ('675','47','47570','PUEBLOVIEJO','1');
Insert into CARCENTER.TBL_MUNICIPIO (ID_MUNICIPIO,ID_DEPARTAMENTO,CODDANE_MUNICIPIO,NOMBRE_MUNICIPIO,ESTADO_MUNICIPIO) values ('676','47','47605','REMOLINO','1');
Insert into CARCENTER.TBL_MUNICIPIO (ID_MUNICIPIO,ID_DEPARTAMENTO,CODDANE_MUNICIPIO,NOMBRE_MUNICIPIO,ESTADO_MUNICIPIO) values ('677','47','47660','SABANAS DE SAN ÁNGEL','1');
Insert into CARCENTER.TBL_MUNICIPIO (ID_MUNICIPIO,ID_DEPARTAMENTO,CODDANE_MUNICIPIO,NOMBRE_MUNICIPIO,ESTADO_MUNICIPIO) values ('678','47','47675','SALAMINA','1');
Insert into CARCENTER.TBL_MUNICIPIO (ID_MUNICIPIO,ID_DEPARTAMENTO,CODDANE_MUNICIPIO,NOMBRE_MUNICIPIO,ESTADO_MUNICIPIO) values ('679','47','47692','SAN SEBASTIÁN DE BUENAVISTA','1');
Insert into CARCENTER.TBL_MUNICIPIO (ID_MUNICIPIO,ID_DEPARTAMENTO,CODDANE_MUNICIPIO,NOMBRE_MUNICIPIO,ESTADO_MUNICIPIO) values ('680','47','47703','SAN ZENÓN','1');
Insert into CARCENTER.TBL_MUNICIPIO (ID_MUNICIPIO,ID_DEPARTAMENTO,CODDANE_MUNICIPIO,NOMBRE_MUNICIPIO,ESTADO_MUNICIPIO) values ('681','47','47707','SANTA ANA','1');
Insert into CARCENTER.TBL_MUNICIPIO (ID_MUNICIPIO,ID_DEPARTAMENTO,CODDANE_MUNICIPIO,NOMBRE_MUNICIPIO,ESTADO_MUNICIPIO) values ('682','47','47720','SANTA BÁRBARA DE PINTO','1');
Insert into CARCENTER.TBL_MUNICIPIO (ID_MUNICIPIO,ID_DEPARTAMENTO,CODDANE_MUNICIPIO,NOMBRE_MUNICIPIO,ESTADO_MUNICIPIO) values ('683','47','47745','SITIONUEVO','1');
Insert into CARCENTER.TBL_MUNICIPIO (ID_MUNICIPIO,ID_DEPARTAMENTO,CODDANE_MUNICIPIO,NOMBRE_MUNICIPIO,ESTADO_MUNICIPIO) values ('684','47','47798','TENERIFE','1');
Insert into CARCENTER.TBL_MUNICIPIO (ID_MUNICIPIO,ID_DEPARTAMENTO,CODDANE_MUNICIPIO,NOMBRE_MUNICIPIO,ESTADO_MUNICIPIO) values ('685','47','47960','ZAPAYÁN','1');
Insert into CARCENTER.TBL_MUNICIPIO (ID_MUNICIPIO,ID_DEPARTAMENTO,CODDANE_MUNICIPIO,NOMBRE_MUNICIPIO,ESTADO_MUNICIPIO) values ('686','47','47980','ZONA BANANERA','1');
Insert into CARCENTER.TBL_MUNICIPIO (ID_MUNICIPIO,ID_DEPARTAMENTO,CODDANE_MUNICIPIO,NOMBRE_MUNICIPIO,ESTADO_MUNICIPIO) values ('687','50','50001','VILLAVICENCIO','1');
Insert into CARCENTER.TBL_MUNICIPIO (ID_MUNICIPIO,ID_DEPARTAMENTO,CODDANE_MUNICIPIO,NOMBRE_MUNICIPIO,ESTADO_MUNICIPIO) values ('688','50','50006','ACACÍAS','1');
Insert into CARCENTER.TBL_MUNICIPIO (ID_MUNICIPIO,ID_DEPARTAMENTO,CODDANE_MUNICIPIO,NOMBRE_MUNICIPIO,ESTADO_MUNICIPIO) values ('689','50','50110','BARRANCA DE UPÍA','1');
Insert into CARCENTER.TBL_MUNICIPIO (ID_MUNICIPIO,ID_DEPARTAMENTO,CODDANE_MUNICIPIO,NOMBRE_MUNICIPIO,ESTADO_MUNICIPIO) values ('690','50','50124','CABUYARO','1');
Insert into CARCENTER.TBL_MUNICIPIO (ID_MUNICIPIO,ID_DEPARTAMENTO,CODDANE_MUNICIPIO,NOMBRE_MUNICIPIO,ESTADO_MUNICIPIO) values ('691','50','50150','CASTILLA LA NUEVA','1');
Insert into CARCENTER.TBL_MUNICIPIO (ID_MUNICIPIO,ID_DEPARTAMENTO,CODDANE_MUNICIPIO,NOMBRE_MUNICIPIO,ESTADO_MUNICIPIO) values ('692','50','50223','CUBARRAL','1');
Insert into CARCENTER.TBL_MUNICIPIO (ID_MUNICIPIO,ID_DEPARTAMENTO,CODDANE_MUNICIPIO,NOMBRE_MUNICIPIO,ESTADO_MUNICIPIO) values ('693','50','50226','CUMARAL','1');
Insert into CARCENTER.TBL_MUNICIPIO (ID_MUNICIPIO,ID_DEPARTAMENTO,CODDANE_MUNICIPIO,NOMBRE_MUNICIPIO,ESTADO_MUNICIPIO) values ('694','50','50245','EL CALVARIO','1');
Insert into CARCENTER.TBL_MUNICIPIO (ID_MUNICIPIO,ID_DEPARTAMENTO,CODDANE_MUNICIPIO,NOMBRE_MUNICIPIO,ESTADO_MUNICIPIO) values ('695','50','50251','EL CASTILLO','1');
Insert into CARCENTER.TBL_MUNICIPIO (ID_MUNICIPIO,ID_DEPARTAMENTO,CODDANE_MUNICIPIO,NOMBRE_MUNICIPIO,ESTADO_MUNICIPIO) values ('696','50','50270','EL DORADO','1');
Insert into CARCENTER.TBL_MUNICIPIO (ID_MUNICIPIO,ID_DEPARTAMENTO,CODDANE_MUNICIPIO,NOMBRE_MUNICIPIO,ESTADO_MUNICIPIO) values ('697','50','50287','FUENTE DE ORO','1');
Insert into CARCENTER.TBL_MUNICIPIO (ID_MUNICIPIO,ID_DEPARTAMENTO,CODDANE_MUNICIPIO,NOMBRE_MUNICIPIO,ESTADO_MUNICIPIO) values ('698','50','50313','GRANADA','1');
Insert into CARCENTER.TBL_MUNICIPIO (ID_MUNICIPIO,ID_DEPARTAMENTO,CODDANE_MUNICIPIO,NOMBRE_MUNICIPIO,ESTADO_MUNICIPIO) values ('699','50','50318','GUAMAL','1');
Insert into CARCENTER.TBL_MUNICIPIO (ID_MUNICIPIO,ID_DEPARTAMENTO,CODDANE_MUNICIPIO,NOMBRE_MUNICIPIO,ESTADO_MUNICIPIO) values ('700','50','50325','MAPIRIPÁN','1');
Insert into CARCENTER.TBL_MUNICIPIO (ID_MUNICIPIO,ID_DEPARTAMENTO,CODDANE_MUNICIPIO,NOMBRE_MUNICIPIO,ESTADO_MUNICIPIO) values ('701','50','50330','MESETAS','1');
Insert into CARCENTER.TBL_MUNICIPIO (ID_MUNICIPIO,ID_DEPARTAMENTO,CODDANE_MUNICIPIO,NOMBRE_MUNICIPIO,ESTADO_MUNICIPIO) values ('702','50','50350','LA MACARENA','1');
Insert into CARCENTER.TBL_MUNICIPIO (ID_MUNICIPIO,ID_DEPARTAMENTO,CODDANE_MUNICIPIO,NOMBRE_MUNICIPIO,ESTADO_MUNICIPIO) values ('703','50','50370','URIBE','1');
Insert into CARCENTER.TBL_MUNICIPIO (ID_MUNICIPIO,ID_DEPARTAMENTO,CODDANE_MUNICIPIO,NOMBRE_MUNICIPIO,ESTADO_MUNICIPIO) values ('704','50','50400','LEJANÍAS','1');
Insert into CARCENTER.TBL_MUNICIPIO (ID_MUNICIPIO,ID_DEPARTAMENTO,CODDANE_MUNICIPIO,NOMBRE_MUNICIPIO,ESTADO_MUNICIPIO) values ('705','50','50450','PUERTO CONCORDIA','1');
Insert into CARCENTER.TBL_MUNICIPIO (ID_MUNICIPIO,ID_DEPARTAMENTO,CODDANE_MUNICIPIO,NOMBRE_MUNICIPIO,ESTADO_MUNICIPIO) values ('706','50','50568','PUERTO GAITÁN','1');
Insert into CARCENTER.TBL_MUNICIPIO (ID_MUNICIPIO,ID_DEPARTAMENTO,CODDANE_MUNICIPIO,NOMBRE_MUNICIPIO,ESTADO_MUNICIPIO) values ('707','50','50573','PUERTO LÓPEZ','1');
Insert into CARCENTER.TBL_MUNICIPIO (ID_MUNICIPIO,ID_DEPARTAMENTO,CODDANE_MUNICIPIO,NOMBRE_MUNICIPIO,ESTADO_MUNICIPIO) values ('708','50','50577','PUERTO LLERAS','1');
Insert into CARCENTER.TBL_MUNICIPIO (ID_MUNICIPIO,ID_DEPARTAMENTO,CODDANE_MUNICIPIO,NOMBRE_MUNICIPIO,ESTADO_MUNICIPIO) values ('709','50','50590','PUERTO RICO','1');
Insert into CARCENTER.TBL_MUNICIPIO (ID_MUNICIPIO,ID_DEPARTAMENTO,CODDANE_MUNICIPIO,NOMBRE_MUNICIPIO,ESTADO_MUNICIPIO) values ('710','50','50606','RESTREPO','1');
Insert into CARCENTER.TBL_MUNICIPIO (ID_MUNICIPIO,ID_DEPARTAMENTO,CODDANE_MUNICIPIO,NOMBRE_MUNICIPIO,ESTADO_MUNICIPIO) values ('711','50','50680','SAN CARLOS DE GUAROA','1');
Insert into CARCENTER.TBL_MUNICIPIO (ID_MUNICIPIO,ID_DEPARTAMENTO,CODDANE_MUNICIPIO,NOMBRE_MUNICIPIO,ESTADO_MUNICIPIO) values ('712','50','50683','SAN JUAN DE ARAMA','1');
Insert into CARCENTER.TBL_MUNICIPIO (ID_MUNICIPIO,ID_DEPARTAMENTO,CODDANE_MUNICIPIO,NOMBRE_MUNICIPIO,ESTADO_MUNICIPIO) values ('713','50','50686','SAN JUANITO','1');
Insert into CARCENTER.TBL_MUNICIPIO (ID_MUNICIPIO,ID_DEPARTAMENTO,CODDANE_MUNICIPIO,NOMBRE_MUNICIPIO,ESTADO_MUNICIPIO) values ('714','50','50689','SAN MARTÍN','1');
Insert into CARCENTER.TBL_MUNICIPIO (ID_MUNICIPIO,ID_DEPARTAMENTO,CODDANE_MUNICIPIO,NOMBRE_MUNICIPIO,ESTADO_MUNICIPIO) values ('715','50','50711','VISTAHERMOSA','1');
Insert into CARCENTER.TBL_MUNICIPIO (ID_MUNICIPIO,ID_DEPARTAMENTO,CODDANE_MUNICIPIO,NOMBRE_MUNICIPIO,ESTADO_MUNICIPIO) values ('716','52','52001','PASTO','1');
Insert into CARCENTER.TBL_MUNICIPIO (ID_MUNICIPIO,ID_DEPARTAMENTO,CODDANE_MUNICIPIO,NOMBRE_MUNICIPIO,ESTADO_MUNICIPIO) values ('717','52','52019','ALBÁN','1');
Insert into CARCENTER.TBL_MUNICIPIO (ID_MUNICIPIO,ID_DEPARTAMENTO,CODDANE_MUNICIPIO,NOMBRE_MUNICIPIO,ESTADO_MUNICIPIO) values ('718','52','52022','ALDANA','1');
Insert into CARCENTER.TBL_MUNICIPIO (ID_MUNICIPIO,ID_DEPARTAMENTO,CODDANE_MUNICIPIO,NOMBRE_MUNICIPIO,ESTADO_MUNICIPIO) values ('719','52','52036','ANCUYA','1');
Insert into CARCENTER.TBL_MUNICIPIO (ID_MUNICIPIO,ID_DEPARTAMENTO,CODDANE_MUNICIPIO,NOMBRE_MUNICIPIO,ESTADO_MUNICIPIO) values ('720','52','52051','ARBOLEDA','1');
Insert into CARCENTER.TBL_MUNICIPIO (ID_MUNICIPIO,ID_DEPARTAMENTO,CODDANE_MUNICIPIO,NOMBRE_MUNICIPIO,ESTADO_MUNICIPIO) values ('721','52','52079','BARBACOAS','1');
Insert into CARCENTER.TBL_MUNICIPIO (ID_MUNICIPIO,ID_DEPARTAMENTO,CODDANE_MUNICIPIO,NOMBRE_MUNICIPIO,ESTADO_MUNICIPIO) values ('722','52','52083','BELÉN','1');
Insert into CARCENTER.TBL_MUNICIPIO (ID_MUNICIPIO,ID_DEPARTAMENTO,CODDANE_MUNICIPIO,NOMBRE_MUNICIPIO,ESTADO_MUNICIPIO) values ('723','52','52110','BUESACO','1');
Insert into CARCENTER.TBL_MUNICIPIO (ID_MUNICIPIO,ID_DEPARTAMENTO,CODDANE_MUNICIPIO,NOMBRE_MUNICIPIO,ESTADO_MUNICIPIO) values ('724','52','52203','COLÓN','1');
Insert into CARCENTER.TBL_MUNICIPIO (ID_MUNICIPIO,ID_DEPARTAMENTO,CODDANE_MUNICIPIO,NOMBRE_MUNICIPIO,ESTADO_MUNICIPIO) values ('725','52','52207','CONSACÁ','1');
Insert into CARCENTER.TBL_MUNICIPIO (ID_MUNICIPIO,ID_DEPARTAMENTO,CODDANE_MUNICIPIO,NOMBRE_MUNICIPIO,ESTADO_MUNICIPIO) values ('726','52','52210','CONTADERO','1');
Insert into CARCENTER.TBL_MUNICIPIO (ID_MUNICIPIO,ID_DEPARTAMENTO,CODDANE_MUNICIPIO,NOMBRE_MUNICIPIO,ESTADO_MUNICIPIO) values ('727','52','52215','CÓRDOBA','1');
Insert into CARCENTER.TBL_MUNICIPIO (ID_MUNICIPIO,ID_DEPARTAMENTO,CODDANE_MUNICIPIO,NOMBRE_MUNICIPIO,ESTADO_MUNICIPIO) values ('728','52','52224','CUASPUD CARLOSAMA','1');
Insert into CARCENTER.TBL_MUNICIPIO (ID_MUNICIPIO,ID_DEPARTAMENTO,CODDANE_MUNICIPIO,NOMBRE_MUNICIPIO,ESTADO_MUNICIPIO) values ('729','52','52227','CUMBAL','1');
Insert into CARCENTER.TBL_MUNICIPIO (ID_MUNICIPIO,ID_DEPARTAMENTO,CODDANE_MUNICIPIO,NOMBRE_MUNICIPIO,ESTADO_MUNICIPIO) values ('730','52','52233','CUMBITARA','1');
Insert into CARCENTER.TBL_MUNICIPIO (ID_MUNICIPIO,ID_DEPARTAMENTO,CODDANE_MUNICIPIO,NOMBRE_MUNICIPIO,ESTADO_MUNICIPIO) values ('731','52','52240','CHACHAGÜÍ','1');
Insert into CARCENTER.TBL_MUNICIPIO (ID_MUNICIPIO,ID_DEPARTAMENTO,CODDANE_MUNICIPIO,NOMBRE_MUNICIPIO,ESTADO_MUNICIPIO) values ('732','52','52250','EL CHARCO','1');
Insert into CARCENTER.TBL_MUNICIPIO (ID_MUNICIPIO,ID_DEPARTAMENTO,CODDANE_MUNICIPIO,NOMBRE_MUNICIPIO,ESTADO_MUNICIPIO) values ('733','52','52254','EL PEÑOL','1');
Insert into CARCENTER.TBL_MUNICIPIO (ID_MUNICIPIO,ID_DEPARTAMENTO,CODDANE_MUNICIPIO,NOMBRE_MUNICIPIO,ESTADO_MUNICIPIO) values ('734','52','52256','EL ROSARIO','1');
Insert into CARCENTER.TBL_MUNICIPIO (ID_MUNICIPIO,ID_DEPARTAMENTO,CODDANE_MUNICIPIO,NOMBRE_MUNICIPIO,ESTADO_MUNICIPIO) values ('735','52','52258','EL TABLÓN DE GÓMEZ','1');
Insert into CARCENTER.TBL_MUNICIPIO (ID_MUNICIPIO,ID_DEPARTAMENTO,CODDANE_MUNICIPIO,NOMBRE_MUNICIPIO,ESTADO_MUNICIPIO) values ('736','52','52260','EL TAMBO','1');
Insert into CARCENTER.TBL_MUNICIPIO (ID_MUNICIPIO,ID_DEPARTAMENTO,CODDANE_MUNICIPIO,NOMBRE_MUNICIPIO,ESTADO_MUNICIPIO) values ('737','52','52287','FUNES','1');
Insert into CARCENTER.TBL_MUNICIPIO (ID_MUNICIPIO,ID_DEPARTAMENTO,CODDANE_MUNICIPIO,NOMBRE_MUNICIPIO,ESTADO_MUNICIPIO) values ('738','52','52317','GUACHUCAL','1');
Insert into CARCENTER.TBL_MUNICIPIO (ID_MUNICIPIO,ID_DEPARTAMENTO,CODDANE_MUNICIPIO,NOMBRE_MUNICIPIO,ESTADO_MUNICIPIO) values ('739','52','52320','GUAITARILLA','1');
Insert into CARCENTER.TBL_MUNICIPIO (ID_MUNICIPIO,ID_DEPARTAMENTO,CODDANE_MUNICIPIO,NOMBRE_MUNICIPIO,ESTADO_MUNICIPIO) values ('740','52','52323','GUALMATÁN','1');
Insert into CARCENTER.TBL_MUNICIPIO (ID_MUNICIPIO,ID_DEPARTAMENTO,CODDANE_MUNICIPIO,NOMBRE_MUNICIPIO,ESTADO_MUNICIPIO) values ('741','52','52352','ILES','1');
Insert into CARCENTER.TBL_MUNICIPIO (ID_MUNICIPIO,ID_DEPARTAMENTO,CODDANE_MUNICIPIO,NOMBRE_MUNICIPIO,ESTADO_MUNICIPIO) values ('742','52','52354','IMUÉS','1');
Insert into CARCENTER.TBL_MUNICIPIO (ID_MUNICIPIO,ID_DEPARTAMENTO,CODDANE_MUNICIPIO,NOMBRE_MUNICIPIO,ESTADO_MUNICIPIO) values ('743','52','52356','IPIALES','1');
Insert into CARCENTER.TBL_MUNICIPIO (ID_MUNICIPIO,ID_DEPARTAMENTO,CODDANE_MUNICIPIO,NOMBRE_MUNICIPIO,ESTADO_MUNICIPIO) values ('744','52','52378','LA CRUZ','1');
Insert into CARCENTER.TBL_MUNICIPIO (ID_MUNICIPIO,ID_DEPARTAMENTO,CODDANE_MUNICIPIO,NOMBRE_MUNICIPIO,ESTADO_MUNICIPIO) values ('745','52','52381','LA FLORIDA','1');
Insert into CARCENTER.TBL_MUNICIPIO (ID_MUNICIPIO,ID_DEPARTAMENTO,CODDANE_MUNICIPIO,NOMBRE_MUNICIPIO,ESTADO_MUNICIPIO) values ('746','52','52385','LA LLANADA','1');
Insert into CARCENTER.TBL_MUNICIPIO (ID_MUNICIPIO,ID_DEPARTAMENTO,CODDANE_MUNICIPIO,NOMBRE_MUNICIPIO,ESTADO_MUNICIPIO) values ('747','52','52390','LA TOLA','1');
Insert into CARCENTER.TBL_MUNICIPIO (ID_MUNICIPIO,ID_DEPARTAMENTO,CODDANE_MUNICIPIO,NOMBRE_MUNICIPIO,ESTADO_MUNICIPIO) values ('748','52','52399','LA UNIÓN','1');
Insert into CARCENTER.TBL_MUNICIPIO (ID_MUNICIPIO,ID_DEPARTAMENTO,CODDANE_MUNICIPIO,NOMBRE_MUNICIPIO,ESTADO_MUNICIPIO) values ('749','52','52405','LEIVA','1');
Insert into CARCENTER.TBL_MUNICIPIO (ID_MUNICIPIO,ID_DEPARTAMENTO,CODDANE_MUNICIPIO,NOMBRE_MUNICIPIO,ESTADO_MUNICIPIO) values ('750','52','52411','LINARES','1');
Insert into CARCENTER.TBL_MUNICIPIO (ID_MUNICIPIO,ID_DEPARTAMENTO,CODDANE_MUNICIPIO,NOMBRE_MUNICIPIO,ESTADO_MUNICIPIO) values ('751','52','52418','LOS ANDES','1');
Insert into CARCENTER.TBL_MUNICIPIO (ID_MUNICIPIO,ID_DEPARTAMENTO,CODDANE_MUNICIPIO,NOMBRE_MUNICIPIO,ESTADO_MUNICIPIO) values ('752','52','52427','MAGÜÍ','1');
Insert into CARCENTER.TBL_MUNICIPIO (ID_MUNICIPIO,ID_DEPARTAMENTO,CODDANE_MUNICIPIO,NOMBRE_MUNICIPIO,ESTADO_MUNICIPIO) values ('753','52','52435','MALLAMA','1');
Insert into CARCENTER.TBL_MUNICIPIO (ID_MUNICIPIO,ID_DEPARTAMENTO,CODDANE_MUNICIPIO,NOMBRE_MUNICIPIO,ESTADO_MUNICIPIO) values ('754','52','52473','MOSQUERA','1');
Insert into CARCENTER.TBL_MUNICIPIO (ID_MUNICIPIO,ID_DEPARTAMENTO,CODDANE_MUNICIPIO,NOMBRE_MUNICIPIO,ESTADO_MUNICIPIO) values ('755','52','52480','NARIÑO','1');
Insert into CARCENTER.TBL_MUNICIPIO (ID_MUNICIPIO,ID_DEPARTAMENTO,CODDANE_MUNICIPIO,NOMBRE_MUNICIPIO,ESTADO_MUNICIPIO) values ('756','52','52490','OLAYA HERRERA','1');
Insert into CARCENTER.TBL_MUNICIPIO (ID_MUNICIPIO,ID_DEPARTAMENTO,CODDANE_MUNICIPIO,NOMBRE_MUNICIPIO,ESTADO_MUNICIPIO) values ('757','52','52506','OSPINA','1');
Insert into CARCENTER.TBL_MUNICIPIO (ID_MUNICIPIO,ID_DEPARTAMENTO,CODDANE_MUNICIPIO,NOMBRE_MUNICIPIO,ESTADO_MUNICIPIO) values ('758','52','52520','FRANCISCO PIZARRO','1');
Insert into CARCENTER.TBL_MUNICIPIO (ID_MUNICIPIO,ID_DEPARTAMENTO,CODDANE_MUNICIPIO,NOMBRE_MUNICIPIO,ESTADO_MUNICIPIO) values ('759','52','52540','POLICARPA','1');
Insert into CARCENTER.TBL_MUNICIPIO (ID_MUNICIPIO,ID_DEPARTAMENTO,CODDANE_MUNICIPIO,NOMBRE_MUNICIPIO,ESTADO_MUNICIPIO) values ('760','52','52560','POTOSÍ','1');
Insert into CARCENTER.TBL_MUNICIPIO (ID_MUNICIPIO,ID_DEPARTAMENTO,CODDANE_MUNICIPIO,NOMBRE_MUNICIPIO,ESTADO_MUNICIPIO) values ('761','52','52565','PROVIDENCIA','1');
Insert into CARCENTER.TBL_MUNICIPIO (ID_MUNICIPIO,ID_DEPARTAMENTO,CODDANE_MUNICIPIO,NOMBRE_MUNICIPIO,ESTADO_MUNICIPIO) values ('762','52','52573','PUERRES','1');
Insert into CARCENTER.TBL_MUNICIPIO (ID_MUNICIPIO,ID_DEPARTAMENTO,CODDANE_MUNICIPIO,NOMBRE_MUNICIPIO,ESTADO_MUNICIPIO) values ('763','52','52585','PUPIALES','1');
Insert into CARCENTER.TBL_MUNICIPIO (ID_MUNICIPIO,ID_DEPARTAMENTO,CODDANE_MUNICIPIO,NOMBRE_MUNICIPIO,ESTADO_MUNICIPIO) values ('764','52','52612','RICAURTE','1');
Insert into CARCENTER.TBL_MUNICIPIO (ID_MUNICIPIO,ID_DEPARTAMENTO,CODDANE_MUNICIPIO,NOMBRE_MUNICIPIO,ESTADO_MUNICIPIO) values ('765','52','52621','ROBERTO PAYÁN','1');
Insert into CARCENTER.TBL_MUNICIPIO (ID_MUNICIPIO,ID_DEPARTAMENTO,CODDANE_MUNICIPIO,NOMBRE_MUNICIPIO,ESTADO_MUNICIPIO) values ('766','52','52678','SAMANIEGO','1');
Insert into CARCENTER.TBL_MUNICIPIO (ID_MUNICIPIO,ID_DEPARTAMENTO,CODDANE_MUNICIPIO,NOMBRE_MUNICIPIO,ESTADO_MUNICIPIO) values ('767','52','52683','SANDONÁ','1');
Insert into CARCENTER.TBL_MUNICIPIO (ID_MUNICIPIO,ID_DEPARTAMENTO,CODDANE_MUNICIPIO,NOMBRE_MUNICIPIO,ESTADO_MUNICIPIO) values ('768','52','52685','SAN BERNARDO','1');
Insert into CARCENTER.TBL_MUNICIPIO (ID_MUNICIPIO,ID_DEPARTAMENTO,CODDANE_MUNICIPIO,NOMBRE_MUNICIPIO,ESTADO_MUNICIPIO) values ('769','52','52687','SAN LORENZO','1');
Insert into CARCENTER.TBL_MUNICIPIO (ID_MUNICIPIO,ID_DEPARTAMENTO,CODDANE_MUNICIPIO,NOMBRE_MUNICIPIO,ESTADO_MUNICIPIO) values ('770','52','52693','SAN PABLO','1');
Insert into CARCENTER.TBL_MUNICIPIO (ID_MUNICIPIO,ID_DEPARTAMENTO,CODDANE_MUNICIPIO,NOMBRE_MUNICIPIO,ESTADO_MUNICIPIO) values ('771','52','52694','SAN PEDRO DE CARTAGO','1');
Insert into CARCENTER.TBL_MUNICIPIO (ID_MUNICIPIO,ID_DEPARTAMENTO,CODDANE_MUNICIPIO,NOMBRE_MUNICIPIO,ESTADO_MUNICIPIO) values ('772','52','52696','SANTA BÁRBARA','1');
Insert into CARCENTER.TBL_MUNICIPIO (ID_MUNICIPIO,ID_DEPARTAMENTO,CODDANE_MUNICIPIO,NOMBRE_MUNICIPIO,ESTADO_MUNICIPIO) values ('773','52','52699','SANTACRUZ','1');
Insert into CARCENTER.TBL_MUNICIPIO (ID_MUNICIPIO,ID_DEPARTAMENTO,CODDANE_MUNICIPIO,NOMBRE_MUNICIPIO,ESTADO_MUNICIPIO) values ('774','52','52720','SAPUYES','1');
Insert into CARCENTER.TBL_MUNICIPIO (ID_MUNICIPIO,ID_DEPARTAMENTO,CODDANE_MUNICIPIO,NOMBRE_MUNICIPIO,ESTADO_MUNICIPIO) values ('775','52','52786','TAMINANGO','1');
Insert into CARCENTER.TBL_MUNICIPIO (ID_MUNICIPIO,ID_DEPARTAMENTO,CODDANE_MUNICIPIO,NOMBRE_MUNICIPIO,ESTADO_MUNICIPIO) values ('776','52','52788','TANGUA','1');
Insert into CARCENTER.TBL_MUNICIPIO (ID_MUNICIPIO,ID_DEPARTAMENTO,CODDANE_MUNICIPIO,NOMBRE_MUNICIPIO,ESTADO_MUNICIPIO) values ('777','52','52835','SAN ANDRÉS DE TUMACO','1');
Insert into CARCENTER.TBL_MUNICIPIO (ID_MUNICIPIO,ID_DEPARTAMENTO,CODDANE_MUNICIPIO,NOMBRE_MUNICIPIO,ESTADO_MUNICIPIO) values ('778','52','52838','TÚQUERRES','1');
Insert into CARCENTER.TBL_MUNICIPIO (ID_MUNICIPIO,ID_DEPARTAMENTO,CODDANE_MUNICIPIO,NOMBRE_MUNICIPIO,ESTADO_MUNICIPIO) values ('779','52','52885','YACUANQUER','1');
Insert into CARCENTER.TBL_MUNICIPIO (ID_MUNICIPIO,ID_DEPARTAMENTO,CODDANE_MUNICIPIO,NOMBRE_MUNICIPIO,ESTADO_MUNICIPIO) values ('780','54','54001','SAN JOSÉ DE CÚCUTA','1');
Insert into CARCENTER.TBL_MUNICIPIO (ID_MUNICIPIO,ID_DEPARTAMENTO,CODDANE_MUNICIPIO,NOMBRE_MUNICIPIO,ESTADO_MUNICIPIO) values ('781','54','54003','ÁBREGO','1');
Insert into CARCENTER.TBL_MUNICIPIO (ID_MUNICIPIO,ID_DEPARTAMENTO,CODDANE_MUNICIPIO,NOMBRE_MUNICIPIO,ESTADO_MUNICIPIO) values ('782','54','54051','ARBOLEDAS','1');
Insert into CARCENTER.TBL_MUNICIPIO (ID_MUNICIPIO,ID_DEPARTAMENTO,CODDANE_MUNICIPIO,NOMBRE_MUNICIPIO,ESTADO_MUNICIPIO) values ('783','54','54099','BOCHALEMA','1');
Insert into CARCENTER.TBL_MUNICIPIO (ID_MUNICIPIO,ID_DEPARTAMENTO,CODDANE_MUNICIPIO,NOMBRE_MUNICIPIO,ESTADO_MUNICIPIO) values ('784','54','54109','BUCARASICA','1');
Insert into CARCENTER.TBL_MUNICIPIO (ID_MUNICIPIO,ID_DEPARTAMENTO,CODDANE_MUNICIPIO,NOMBRE_MUNICIPIO,ESTADO_MUNICIPIO) values ('785','54','54125','CÁCOTA','1');
Insert into CARCENTER.TBL_MUNICIPIO (ID_MUNICIPIO,ID_DEPARTAMENTO,CODDANE_MUNICIPIO,NOMBRE_MUNICIPIO,ESTADO_MUNICIPIO) values ('786','54','54128','CÁCHIRA','1');
Insert into CARCENTER.TBL_MUNICIPIO (ID_MUNICIPIO,ID_DEPARTAMENTO,CODDANE_MUNICIPIO,NOMBRE_MUNICIPIO,ESTADO_MUNICIPIO) values ('787','54','54172','CHINÁCOTA','1');
Insert into CARCENTER.TBL_MUNICIPIO (ID_MUNICIPIO,ID_DEPARTAMENTO,CODDANE_MUNICIPIO,NOMBRE_MUNICIPIO,ESTADO_MUNICIPIO) values ('788','54','54174','CHITAGÁ','1');
Insert into CARCENTER.TBL_MUNICIPIO (ID_MUNICIPIO,ID_DEPARTAMENTO,CODDANE_MUNICIPIO,NOMBRE_MUNICIPIO,ESTADO_MUNICIPIO) values ('789','54','54206','CONVENCIÓN','1');
Insert into CARCENTER.TBL_MUNICIPIO (ID_MUNICIPIO,ID_DEPARTAMENTO,CODDANE_MUNICIPIO,NOMBRE_MUNICIPIO,ESTADO_MUNICIPIO) values ('790','54','54223','CUCUTILLA','1');
Insert into CARCENTER.TBL_MUNICIPIO (ID_MUNICIPIO,ID_DEPARTAMENTO,CODDANE_MUNICIPIO,NOMBRE_MUNICIPIO,ESTADO_MUNICIPIO) values ('791','54','54239','DURANIA','1');
Insert into CARCENTER.TBL_MUNICIPIO (ID_MUNICIPIO,ID_DEPARTAMENTO,CODDANE_MUNICIPIO,NOMBRE_MUNICIPIO,ESTADO_MUNICIPIO) values ('792','54','54245','EL CARMEN','1');
Insert into CARCENTER.TBL_MUNICIPIO (ID_MUNICIPIO,ID_DEPARTAMENTO,CODDANE_MUNICIPIO,NOMBRE_MUNICIPIO,ESTADO_MUNICIPIO) values ('793','54','54250','EL TARRA','1');
Insert into CARCENTER.TBL_MUNICIPIO (ID_MUNICIPIO,ID_DEPARTAMENTO,CODDANE_MUNICIPIO,NOMBRE_MUNICIPIO,ESTADO_MUNICIPIO) values ('794','54','54261','EL ZULIA','1');
Insert into CARCENTER.TBL_MUNICIPIO (ID_MUNICIPIO,ID_DEPARTAMENTO,CODDANE_MUNICIPIO,NOMBRE_MUNICIPIO,ESTADO_MUNICIPIO) values ('795','54','54313','GRAMALOTE','1');
Insert into CARCENTER.TBL_MUNICIPIO (ID_MUNICIPIO,ID_DEPARTAMENTO,CODDANE_MUNICIPIO,NOMBRE_MUNICIPIO,ESTADO_MUNICIPIO) values ('796','54','54344','HACARÍ','1');
Insert into CARCENTER.TBL_MUNICIPIO (ID_MUNICIPIO,ID_DEPARTAMENTO,CODDANE_MUNICIPIO,NOMBRE_MUNICIPIO,ESTADO_MUNICIPIO) values ('797','54','54347','HERRÁN','1');
Insert into CARCENTER.TBL_MUNICIPIO (ID_MUNICIPIO,ID_DEPARTAMENTO,CODDANE_MUNICIPIO,NOMBRE_MUNICIPIO,ESTADO_MUNICIPIO) values ('798','54','54377','LABATECA','1');
Insert into CARCENTER.TBL_MUNICIPIO (ID_MUNICIPIO,ID_DEPARTAMENTO,CODDANE_MUNICIPIO,NOMBRE_MUNICIPIO,ESTADO_MUNICIPIO) values ('799','54','54385','LA ESPERANZA','1');
Insert into CARCENTER.TBL_MUNICIPIO (ID_MUNICIPIO,ID_DEPARTAMENTO,CODDANE_MUNICIPIO,NOMBRE_MUNICIPIO,ESTADO_MUNICIPIO) values ('800','54','54398','LA PLAYA','1');
Insert into CARCENTER.TBL_MUNICIPIO (ID_MUNICIPIO,ID_DEPARTAMENTO,CODDANE_MUNICIPIO,NOMBRE_MUNICIPIO,ESTADO_MUNICIPIO) values ('801','54','54405','LOS PATIOS','1');
Insert into CARCENTER.TBL_MUNICIPIO (ID_MUNICIPIO,ID_DEPARTAMENTO,CODDANE_MUNICIPIO,NOMBRE_MUNICIPIO,ESTADO_MUNICIPIO) values ('802','54','54418','LOURDES','1');
Insert into CARCENTER.TBL_MUNICIPIO (ID_MUNICIPIO,ID_DEPARTAMENTO,CODDANE_MUNICIPIO,NOMBRE_MUNICIPIO,ESTADO_MUNICIPIO) values ('803','54','54480','MUTISCUA','1');
Insert into CARCENTER.TBL_MUNICIPIO (ID_MUNICIPIO,ID_DEPARTAMENTO,CODDANE_MUNICIPIO,NOMBRE_MUNICIPIO,ESTADO_MUNICIPIO) values ('804','54','54498','OCAÑA','1');
Insert into CARCENTER.TBL_MUNICIPIO (ID_MUNICIPIO,ID_DEPARTAMENTO,CODDANE_MUNICIPIO,NOMBRE_MUNICIPIO,ESTADO_MUNICIPIO) values ('805','54','54518','PAMPLONA','1');
Insert into CARCENTER.TBL_MUNICIPIO (ID_MUNICIPIO,ID_DEPARTAMENTO,CODDANE_MUNICIPIO,NOMBRE_MUNICIPIO,ESTADO_MUNICIPIO) values ('806','54','54520','PAMPLONITA','1');
Insert into CARCENTER.TBL_MUNICIPIO (ID_MUNICIPIO,ID_DEPARTAMENTO,CODDANE_MUNICIPIO,NOMBRE_MUNICIPIO,ESTADO_MUNICIPIO) values ('807','54','54553','PUERTO SANTANDER','1');
Insert into CARCENTER.TBL_MUNICIPIO (ID_MUNICIPIO,ID_DEPARTAMENTO,CODDANE_MUNICIPIO,NOMBRE_MUNICIPIO,ESTADO_MUNICIPIO) values ('808','54','54599','RAGONVALIA','1');
Insert into CARCENTER.TBL_MUNICIPIO (ID_MUNICIPIO,ID_DEPARTAMENTO,CODDANE_MUNICIPIO,NOMBRE_MUNICIPIO,ESTADO_MUNICIPIO) values ('809','54','54660','SALAZAR','1');
Insert into CARCENTER.TBL_MUNICIPIO (ID_MUNICIPIO,ID_DEPARTAMENTO,CODDANE_MUNICIPIO,NOMBRE_MUNICIPIO,ESTADO_MUNICIPIO) values ('810','54','54670','SAN CALIXTO','1');
Insert into CARCENTER.TBL_MUNICIPIO (ID_MUNICIPIO,ID_DEPARTAMENTO,CODDANE_MUNICIPIO,NOMBRE_MUNICIPIO,ESTADO_MUNICIPIO) values ('811','54','54673','SAN CAYETANO','1');
Insert into CARCENTER.TBL_MUNICIPIO (ID_MUNICIPIO,ID_DEPARTAMENTO,CODDANE_MUNICIPIO,NOMBRE_MUNICIPIO,ESTADO_MUNICIPIO) values ('812','54','54680','SANTIAGO','1');
Insert into CARCENTER.TBL_MUNICIPIO (ID_MUNICIPIO,ID_DEPARTAMENTO,CODDANE_MUNICIPIO,NOMBRE_MUNICIPIO,ESTADO_MUNICIPIO) values ('813','54','54720','SARDINATA','1');
Insert into CARCENTER.TBL_MUNICIPIO (ID_MUNICIPIO,ID_DEPARTAMENTO,CODDANE_MUNICIPIO,NOMBRE_MUNICIPIO,ESTADO_MUNICIPIO) values ('814','54','54743','SILOS','1');
Insert into CARCENTER.TBL_MUNICIPIO (ID_MUNICIPIO,ID_DEPARTAMENTO,CODDANE_MUNICIPIO,NOMBRE_MUNICIPIO,ESTADO_MUNICIPIO) values ('815','54','54800','TEORAMA','1');
Insert into CARCENTER.TBL_MUNICIPIO (ID_MUNICIPIO,ID_DEPARTAMENTO,CODDANE_MUNICIPIO,NOMBRE_MUNICIPIO,ESTADO_MUNICIPIO) values ('816','54','54810','TIBÚ','1');
Insert into CARCENTER.TBL_MUNICIPIO (ID_MUNICIPIO,ID_DEPARTAMENTO,CODDANE_MUNICIPIO,NOMBRE_MUNICIPIO,ESTADO_MUNICIPIO) values ('817','54','54820','TOLEDO','1');
Insert into CARCENTER.TBL_MUNICIPIO (ID_MUNICIPIO,ID_DEPARTAMENTO,CODDANE_MUNICIPIO,NOMBRE_MUNICIPIO,ESTADO_MUNICIPIO) values ('818','54','54871','VILLA CARO','1');
Insert into CARCENTER.TBL_MUNICIPIO (ID_MUNICIPIO,ID_DEPARTAMENTO,CODDANE_MUNICIPIO,NOMBRE_MUNICIPIO,ESTADO_MUNICIPIO) values ('819','54','54874','VILLA DEL ROSARIO','1');
Insert into CARCENTER.TBL_MUNICIPIO (ID_MUNICIPIO,ID_DEPARTAMENTO,CODDANE_MUNICIPIO,NOMBRE_MUNICIPIO,ESTADO_MUNICIPIO) values ('820','63','63001','ARMENIA','1');
Insert into CARCENTER.TBL_MUNICIPIO (ID_MUNICIPIO,ID_DEPARTAMENTO,CODDANE_MUNICIPIO,NOMBRE_MUNICIPIO,ESTADO_MUNICIPIO) values ('821','63','63111','BUENAVISTA','1');
Insert into CARCENTER.TBL_MUNICIPIO (ID_MUNICIPIO,ID_DEPARTAMENTO,CODDANE_MUNICIPIO,NOMBRE_MUNICIPIO,ESTADO_MUNICIPIO) values ('822','63','63130','CALARCÁ','1');
Insert into CARCENTER.TBL_MUNICIPIO (ID_MUNICIPIO,ID_DEPARTAMENTO,CODDANE_MUNICIPIO,NOMBRE_MUNICIPIO,ESTADO_MUNICIPIO) values ('823','63','63190','CIRCASIA','1');
Insert into CARCENTER.TBL_MUNICIPIO (ID_MUNICIPIO,ID_DEPARTAMENTO,CODDANE_MUNICIPIO,NOMBRE_MUNICIPIO,ESTADO_MUNICIPIO) values ('824','63','63212','CÓRDOBA','1');
Insert into CARCENTER.TBL_MUNICIPIO (ID_MUNICIPIO,ID_DEPARTAMENTO,CODDANE_MUNICIPIO,NOMBRE_MUNICIPIO,ESTADO_MUNICIPIO) values ('825','63','63272','FILANDIA','1');
Insert into CARCENTER.TBL_MUNICIPIO (ID_MUNICIPIO,ID_DEPARTAMENTO,CODDANE_MUNICIPIO,NOMBRE_MUNICIPIO,ESTADO_MUNICIPIO) values ('826','63','63302','GÉNOVA','1');
Insert into CARCENTER.TBL_MUNICIPIO (ID_MUNICIPIO,ID_DEPARTAMENTO,CODDANE_MUNICIPIO,NOMBRE_MUNICIPIO,ESTADO_MUNICIPIO) values ('827','63','63401','LA TEBAIDA','1');
Insert into CARCENTER.TBL_MUNICIPIO (ID_MUNICIPIO,ID_DEPARTAMENTO,CODDANE_MUNICIPIO,NOMBRE_MUNICIPIO,ESTADO_MUNICIPIO) values ('828','63','63470','MONTENEGRO','1');
Insert into CARCENTER.TBL_MUNICIPIO (ID_MUNICIPIO,ID_DEPARTAMENTO,CODDANE_MUNICIPIO,NOMBRE_MUNICIPIO,ESTADO_MUNICIPIO) values ('829','63','63548','PIJAO','1');
Insert into CARCENTER.TBL_MUNICIPIO (ID_MUNICIPIO,ID_DEPARTAMENTO,CODDANE_MUNICIPIO,NOMBRE_MUNICIPIO,ESTADO_MUNICIPIO) values ('830','63','63594','QUIMBAYA','1');
Insert into CARCENTER.TBL_MUNICIPIO (ID_MUNICIPIO,ID_DEPARTAMENTO,CODDANE_MUNICIPIO,NOMBRE_MUNICIPIO,ESTADO_MUNICIPIO) values ('831','63','63690','SALENTO','1');
Insert into CARCENTER.TBL_MUNICIPIO (ID_MUNICIPIO,ID_DEPARTAMENTO,CODDANE_MUNICIPIO,NOMBRE_MUNICIPIO,ESTADO_MUNICIPIO) values ('832','66','66001','PEREIRA','1');
Insert into CARCENTER.TBL_MUNICIPIO (ID_MUNICIPIO,ID_DEPARTAMENTO,CODDANE_MUNICIPIO,NOMBRE_MUNICIPIO,ESTADO_MUNICIPIO) values ('833','66','66045','APÍA','1');
Insert into CARCENTER.TBL_MUNICIPIO (ID_MUNICIPIO,ID_DEPARTAMENTO,CODDANE_MUNICIPIO,NOMBRE_MUNICIPIO,ESTADO_MUNICIPIO) values ('834','66','66075','BALBOA','1');
Insert into CARCENTER.TBL_MUNICIPIO (ID_MUNICIPIO,ID_DEPARTAMENTO,CODDANE_MUNICIPIO,NOMBRE_MUNICIPIO,ESTADO_MUNICIPIO) values ('835','66','66088','BELÉN DE UMBRÍA','1');
Insert into CARCENTER.TBL_MUNICIPIO (ID_MUNICIPIO,ID_DEPARTAMENTO,CODDANE_MUNICIPIO,NOMBRE_MUNICIPIO,ESTADO_MUNICIPIO) values ('836','66','66170','DOSQUEBRADAS','1');
Insert into CARCENTER.TBL_MUNICIPIO (ID_MUNICIPIO,ID_DEPARTAMENTO,CODDANE_MUNICIPIO,NOMBRE_MUNICIPIO,ESTADO_MUNICIPIO) values ('837','66','66318','GUÁTICA','1');
Insert into CARCENTER.TBL_MUNICIPIO (ID_MUNICIPIO,ID_DEPARTAMENTO,CODDANE_MUNICIPIO,NOMBRE_MUNICIPIO,ESTADO_MUNICIPIO) values ('838','66','66383','LA CELIA','1');
Insert into CARCENTER.TBL_MUNICIPIO (ID_MUNICIPIO,ID_DEPARTAMENTO,CODDANE_MUNICIPIO,NOMBRE_MUNICIPIO,ESTADO_MUNICIPIO) values ('839','66','66400','LA VIRGINIA','1');
Insert into CARCENTER.TBL_MUNICIPIO (ID_MUNICIPIO,ID_DEPARTAMENTO,CODDANE_MUNICIPIO,NOMBRE_MUNICIPIO,ESTADO_MUNICIPIO) values ('840','66','66440','MARSELLA','1');
Insert into CARCENTER.TBL_MUNICIPIO (ID_MUNICIPIO,ID_DEPARTAMENTO,CODDANE_MUNICIPIO,NOMBRE_MUNICIPIO,ESTADO_MUNICIPIO) values ('841','66','66456','MISTRATÓ','1');
Insert into CARCENTER.TBL_MUNICIPIO (ID_MUNICIPIO,ID_DEPARTAMENTO,CODDANE_MUNICIPIO,NOMBRE_MUNICIPIO,ESTADO_MUNICIPIO) values ('842','66','66572','PUEBLO RICO','1');
Insert into CARCENTER.TBL_MUNICIPIO (ID_MUNICIPIO,ID_DEPARTAMENTO,CODDANE_MUNICIPIO,NOMBRE_MUNICIPIO,ESTADO_MUNICIPIO) values ('843','66','66594','QUINCHÍA','1');
Insert into CARCENTER.TBL_MUNICIPIO (ID_MUNICIPIO,ID_DEPARTAMENTO,CODDANE_MUNICIPIO,NOMBRE_MUNICIPIO,ESTADO_MUNICIPIO) values ('844','66','66682','SANTA ROSA DE CABAL','1');
Insert into CARCENTER.TBL_MUNICIPIO (ID_MUNICIPIO,ID_DEPARTAMENTO,CODDANE_MUNICIPIO,NOMBRE_MUNICIPIO,ESTADO_MUNICIPIO) values ('845','66','66687','SANTUARIO','1');
Insert into CARCENTER.TBL_MUNICIPIO (ID_MUNICIPIO,ID_DEPARTAMENTO,CODDANE_MUNICIPIO,NOMBRE_MUNICIPIO,ESTADO_MUNICIPIO) values ('846','68','68001','BUCARAMANGA','1');
Insert into CARCENTER.TBL_MUNICIPIO (ID_MUNICIPIO,ID_DEPARTAMENTO,CODDANE_MUNICIPIO,NOMBRE_MUNICIPIO,ESTADO_MUNICIPIO) values ('847','68','68013','AGUADA','1');
Insert into CARCENTER.TBL_MUNICIPIO (ID_MUNICIPIO,ID_DEPARTAMENTO,CODDANE_MUNICIPIO,NOMBRE_MUNICIPIO,ESTADO_MUNICIPIO) values ('848','68','68020','ALBANIA','1');
Insert into CARCENTER.TBL_MUNICIPIO (ID_MUNICIPIO,ID_DEPARTAMENTO,CODDANE_MUNICIPIO,NOMBRE_MUNICIPIO,ESTADO_MUNICIPIO) values ('849','68','68051','ARATOCA','1');
Insert into CARCENTER.TBL_MUNICIPIO (ID_MUNICIPIO,ID_DEPARTAMENTO,CODDANE_MUNICIPIO,NOMBRE_MUNICIPIO,ESTADO_MUNICIPIO) values ('850','68','68077','BARBOSA','1');
Insert into CARCENTER.TBL_MUNICIPIO (ID_MUNICIPIO,ID_DEPARTAMENTO,CODDANE_MUNICIPIO,NOMBRE_MUNICIPIO,ESTADO_MUNICIPIO) values ('851','68','68079','BARICHARA','1');
Insert into CARCENTER.TBL_MUNICIPIO (ID_MUNICIPIO,ID_DEPARTAMENTO,CODDANE_MUNICIPIO,NOMBRE_MUNICIPIO,ESTADO_MUNICIPIO) values ('852','68','68081','BARRANCABERMEJA','1');
Insert into CARCENTER.TBL_MUNICIPIO (ID_MUNICIPIO,ID_DEPARTAMENTO,CODDANE_MUNICIPIO,NOMBRE_MUNICIPIO,ESTADO_MUNICIPIO) values ('853','68','68092','BETULIA','1');
Insert into CARCENTER.TBL_MUNICIPIO (ID_MUNICIPIO,ID_DEPARTAMENTO,CODDANE_MUNICIPIO,NOMBRE_MUNICIPIO,ESTADO_MUNICIPIO) values ('854','68','68101','BOLÍVAR','1');
Insert into CARCENTER.TBL_MUNICIPIO (ID_MUNICIPIO,ID_DEPARTAMENTO,CODDANE_MUNICIPIO,NOMBRE_MUNICIPIO,ESTADO_MUNICIPIO) values ('855','68','68121','CABRERA','1');
Insert into CARCENTER.TBL_MUNICIPIO (ID_MUNICIPIO,ID_DEPARTAMENTO,CODDANE_MUNICIPIO,NOMBRE_MUNICIPIO,ESTADO_MUNICIPIO) values ('856','68','68132','CALIFORNIA','1');
Insert into CARCENTER.TBL_MUNICIPIO (ID_MUNICIPIO,ID_DEPARTAMENTO,CODDANE_MUNICIPIO,NOMBRE_MUNICIPIO,ESTADO_MUNICIPIO) values ('857','68','68147','CAPITANEJO','1');
Insert into CARCENTER.TBL_MUNICIPIO (ID_MUNICIPIO,ID_DEPARTAMENTO,CODDANE_MUNICIPIO,NOMBRE_MUNICIPIO,ESTADO_MUNICIPIO) values ('858','68','68152','CARCASÍ','1');
Insert into CARCENTER.TBL_MUNICIPIO (ID_MUNICIPIO,ID_DEPARTAMENTO,CODDANE_MUNICIPIO,NOMBRE_MUNICIPIO,ESTADO_MUNICIPIO) values ('859','68','68160','CEPITÁ','1');
Insert into CARCENTER.TBL_MUNICIPIO (ID_MUNICIPIO,ID_DEPARTAMENTO,CODDANE_MUNICIPIO,NOMBRE_MUNICIPIO,ESTADO_MUNICIPIO) values ('860','68','68162','CERRITO','1');
Insert into CARCENTER.TBL_MUNICIPIO (ID_MUNICIPIO,ID_DEPARTAMENTO,CODDANE_MUNICIPIO,NOMBRE_MUNICIPIO,ESTADO_MUNICIPIO) values ('861','68','68167','CHARALÁ','1');
Insert into CARCENTER.TBL_MUNICIPIO (ID_MUNICIPIO,ID_DEPARTAMENTO,CODDANE_MUNICIPIO,NOMBRE_MUNICIPIO,ESTADO_MUNICIPIO) values ('862','68','68169','CHARTA','1');
Insert into CARCENTER.TBL_MUNICIPIO (ID_MUNICIPIO,ID_DEPARTAMENTO,CODDANE_MUNICIPIO,NOMBRE_MUNICIPIO,ESTADO_MUNICIPIO) values ('863','68','68176','CHIMA','1');
Insert into CARCENTER.TBL_MUNICIPIO (ID_MUNICIPIO,ID_DEPARTAMENTO,CODDANE_MUNICIPIO,NOMBRE_MUNICIPIO,ESTADO_MUNICIPIO) values ('864','68','68179','CHIPATÁ','1');
Insert into CARCENTER.TBL_MUNICIPIO (ID_MUNICIPIO,ID_DEPARTAMENTO,CODDANE_MUNICIPIO,NOMBRE_MUNICIPIO,ESTADO_MUNICIPIO) values ('865','68','68190','CIMITARRA','1');
Insert into CARCENTER.TBL_MUNICIPIO (ID_MUNICIPIO,ID_DEPARTAMENTO,CODDANE_MUNICIPIO,NOMBRE_MUNICIPIO,ESTADO_MUNICIPIO) values ('866','68','68207','CONCEPCIÓN','1');
Insert into CARCENTER.TBL_MUNICIPIO (ID_MUNICIPIO,ID_DEPARTAMENTO,CODDANE_MUNICIPIO,NOMBRE_MUNICIPIO,ESTADO_MUNICIPIO) values ('867','68','68209','CONFINES','1');
Insert into CARCENTER.TBL_MUNICIPIO (ID_MUNICIPIO,ID_DEPARTAMENTO,CODDANE_MUNICIPIO,NOMBRE_MUNICIPIO,ESTADO_MUNICIPIO) values ('868','68','68211','CONTRATACIÓN','1');
Insert into CARCENTER.TBL_MUNICIPIO (ID_MUNICIPIO,ID_DEPARTAMENTO,CODDANE_MUNICIPIO,NOMBRE_MUNICIPIO,ESTADO_MUNICIPIO) values ('869','68','68217','COROMORO','1');
COMMIT;
----------------------------------------
INSERT INTO CARCENTER.TBL_TIPODOCUMENTO (ID_TIPODOCUMENTO, NOMBRE_TIPODOCUMENTO, ESTADO_TIPODOCUMENTO) VALUES ('1', 'CEDULA CUIDADANIA', '1')
INSERT INTO CARCENTER.TBL_TIPODOCUMENTO (ID_TIPODOCUMENTO, NOMBRE_TIPODOCUMENTO, ESTADO_TIPODOCUMENTO) VALUES ('2', 'NIT', '1')
INSERT INTO CARCENTER.TBL_TIPODOCUMENTO (ID_TIPODOCUMENTO, NOMBRE_TIPODOCUMENTO, ESTADO_TIPODOCUMENTO) VALUES ('3', 'CEDULA EXTRANJERIA', '1')
INSERT INTO CARCENTER.TBL_TIPODOCUMENTO (ID_TIPODOCUMENTO, NOMBRE_TIPODOCUMENTO, ESTADO_TIPODOCUMENTO) VALUES ('4', 'PASAPORTE', '1')
COMMIT;
---------------------------------------
INSERT INTO tbl_cliente (Id_Cliente,Id_TipoDocumento,Id_Municipio,NumeroDoc_Cliente,PrimerNom_Cliente,SegundoNom_Cliente,PrimerApe_Cliente,SegundoApe_Cliente,Direccion_Cliente,NumeroCel_Cliente,Email_Cliente)
VALUES (1,3,467,4426763581,'Shaeleigh','Helen','Waters','Boone','P.O. Box 791, 5622 Imperdiet Rd.',3203992881,'vel.faucibus@vel.net');
INSERT INTO tbl_cliente (Id_Cliente,Id_TipoDocumento,Id_Municipio,NumeroDoc_Cliente,PrimerNom_Cliente,SegundoNom_Cliente,PrimerApe_Cliente,SegundoApe_Cliente,Direccion_Cliente,NumeroCel_Cliente,Email_Cliente)
VALUES (2,2,468,443667749,'Moses','Macon','Shaffer','James','P.O. Box 234, 2182 Mauris Rd.',3168516773,'cursus@euismodurna.edu');
INSERT INTO tbl_cliente (Id_Cliente,Id_TipoDocumento,Id_Municipio,NumeroDoc_Cliente,PrimerNom_Cliente,SegundoNom_Cliente,PrimerApe_Cliente,SegundoApe_Cliente,Direccion_Cliente,NumeroCel_Cliente,Email_Cliente)
VALUES (3,2,478,7366119375,'Jack','Kane','Holland','Calhoun','9013 Elit St.',3177439807,'eget.lacus@nunc.com');
INSERT INTO tbl_cliente (Id_Cliente,Id_TipoDocumento,Id_Municipio,NumeroDoc_Cliente,PrimerNom_Cliente,SegundoNom_Cliente,PrimerApe_Cliente,SegundoApe_Cliente,Direccion_Cliente,NumeroCel_Cliente,Email_Cliente)
VALUES (4,3,457,1659465416,'Matthew','Maya','Golden','Garcia','747-3326 Ante Road',3152749443,'quis@facilisiseget.org');
INSERT INTO tbl_cliente (Id_Cliente,Id_TipoDocumento,Id_Municipio,NumeroDoc_Cliente,PrimerNom_Cliente,SegundoNom_Cliente,PrimerApe_Cliente,SegundoApe_Cliente,Direccion_Cliente,NumeroCel_Cliente,Email_Cliente)
VALUES (5,2,453,7046499236,'Hamilton','Richard','Fulton','Kaufman','Ap #705-5799 Mauris Ave',3194547212,'ipsum.ac@nuncac.co.uk');
INSERT INTO tbl_cliente (Id_Cliente,Id_TipoDocumento,Id_Municipio,NumeroDoc_Cliente,PrimerNom_Cliente,SegundoNom_Cliente,PrimerApe_Cliente,SegundoApe_Cliente,Direccion_Cliente,NumeroCel_Cliente,Email_Cliente)
VALUES (6,4,456,10733314326,'Neil','Nerea','Beck','Dickson','Ap #272-8248 Nec, Av.',3158181158,'fusce@luctuset.ca');
INSERT INTO tbl_cliente (Id_Cliente,Id_TipoDocumento,Id_Municipio,NumeroDoc_Cliente,PrimerNom_Cliente,SegundoNom_Cliente,PrimerApe_Cliente,SegundoApe_Cliente,Direccion_Cliente,NumeroCel_Cliente,Email_Cliente)
VALUES (7,2,455,10454646669,'Serina','Boris','Sellers','Sosa','Ap #722-6470 Tempor, Ave',3159212899,'velit.quisque@cubilia.co.uk');
INSERT INTO tbl_cliente (Id_Cliente,Id_TipoDocumento,Id_Municipio,NumeroDoc_Cliente,PrimerNom_Cliente,SegundoNom_Cliente,PrimerApe_Cliente,SegundoApe_Cliente,Direccion_Cliente,NumeroCel_Cliente,Email_Cliente)
VALUES (8,2,497,9617236733,'Brady','Hayfa','Mathews','Lloyd','Ap #547-9564 Penatibus Avenue',3201319012,'convallis.ligula@congueelit.org');
INSERT INTO tbl_cliente (Id_Cliente,Id_TipoDocumento,Id_Municipio,NumeroDoc_Cliente,PrimerNom_Cliente,SegundoNom_Cliente,PrimerApe_Cliente,SegundoApe_Cliente,Direccion_Cliente,NumeroCel_Cliente,Email_Cliente)
VALUES (9,2,469,6985325474,'Bevis','Fletcher','Key','Downs','Ap #156-6723 Nec, Street',3122242693,'dui.nec.tempus@viverradonectempus.net');
INSERT INTO tbl_cliente (Id_Cliente,Id_TipoDocumento,Id_Municipio,NumeroDoc_Cliente,PrimerNom_Cliente,SegundoNom_Cliente,PrimerApe_Cliente,SegundoApe_Cliente,Direccion_Cliente,NumeroCel_Cliente,Email_Cliente)
VALUES (10,2,451,9537690648,'Alfonso','Cain','Pace','Medina','7670 Lobortis Av.',3191528099,'sodales.nisi@seddictum.edu');
INSERT INTO tbl_cliente (Id_Cliente,Id_TipoDocumento,Id_Municipio,NumeroDoc_Cliente,PrimerNom_Cliente,SegundoNom_Cliente,PrimerApe_Cliente,SegundoApe_Cliente,Direccion_Cliente,NumeroCel_Cliente,Email_Cliente)
VALUES (11,4,477,3381144597,'Zorita','Cody','Sheppard','Hansen','Ap #167-7349 Aptent Avenue',3203639417,'maecenas.libero@pharetraquisque.edu');
INSERT INTO tbl_cliente (Id_Cliente,Id_TipoDocumento,Id_Municipio,NumeroDoc_Cliente,PrimerNom_Cliente,SegundoNom_Cliente,PrimerApe_Cliente,SegundoApe_Cliente,Direccion_Cliente,NumeroCel_Cliente,Email_Cliente)
VALUES (12,3,471,1341561720,'Hunter','Murphy','Perez','Evans','P.O. Box 520, 1574 Quis, Rd.',3151938158,'eget.mollis@diamatpretium.edu');
INSERT INTO tbl_cliente (Id_Cliente,Id_TipoDocumento,Id_Municipio,NumeroDoc_Cliente,PrimerNom_Cliente,SegundoNom_Cliente,PrimerApe_Cliente,SegundoApe_Cliente,Direccion_Cliente,NumeroCel_Cliente,Email_Cliente)
VALUES (13,3,486,5041378906,'Cyrus','Dawn','Colon','Harrington','574-7583 Odio Ave',3139327465,'quis.diam@atvelitcras.org');
INSERT INTO tbl_cliente (Id_Cliente,Id_TipoDocumento,Id_Municipio,NumeroDoc_Cliente,PrimerNom_Cliente,SegundoNom_Cliente,PrimerApe_Cliente,SegundoApe_Cliente,Direccion_Cliente,NumeroCel_Cliente,Email_Cliente)
VALUES (14,1,462,6253245798,'Pamela','Victor','Sears','Ellis','Ap #779-9841 Nibh St.',3139529631,'scelerisque.lorem@integer.co.uk');
INSERT INTO tbl_cliente (Id_Cliente,Id_TipoDocumento,Id_Municipio,NumeroDoc_Cliente,PrimerNom_Cliente,SegundoNom_Cliente,PrimerApe_Cliente,SegundoApe_Cliente,Direccion_Cliente,NumeroCel_Cliente,Email_Cliente)
VALUES (15,4,467,9824780517,'Cade','Wesley','Kelly','Moss','712-1014 Mauris St.',3205199282,'nisi.dictum@odioa.edu');
INSERT INTO tbl_cliente (Id_Cliente,Id_TipoDocumento,Id_Municipio,NumeroDoc_Cliente,PrimerNom_Cliente,SegundoNom_Cliente,PrimerApe_Cliente,SegundoApe_Cliente,Direccion_Cliente,NumeroCel_Cliente,Email_Cliente)
VALUES (16,2,496,4784517239,'Hyacinth','Mason','Winters','Tanner','543-6490 Nulla. Street',3112986081,'iaculis.quis@tinciduntcongue.net');
INSERT INTO tbl_cliente (Id_Cliente,Id_TipoDocumento,Id_Municipio,NumeroDoc_Cliente,PrimerNom_Cliente,SegundoNom_Cliente,PrimerApe_Cliente,SegundoApe_Cliente,Direccion_Cliente,NumeroCel_Cliente,Email_Cliente)
VALUES (17,3,461,1047867980,'Lani','Ciaran','Rocha','Chavez','Ap #601-4120 Sem St.',3109226599,'aliquet.nec.imperdiet@velvenenatis.net');
INSERT INTO tbl_cliente (Id_Cliente,Id_TipoDocumento,Id_Municipio,NumeroDoc_Cliente,PrimerNom_Cliente,SegundoNom_Cliente,PrimerApe_Cliente,SegundoApe_Cliente,Direccion_Cliente,NumeroCel_Cliente,Email_Cliente)
VALUES (18,4,493,7397537573,'Arden','Laura','Benson','Gay','P.O. Box 839, 1341 Praesent Road',3134377207,'feugiat.nec.diam@vivamus.org');
INSERT INTO tbl_cliente (Id_Cliente,Id_TipoDocumento,Id_Municipio,NumeroDoc_Cliente,PrimerNom_Cliente,SegundoNom_Cliente,PrimerApe_Cliente,SegundoApe_Cliente,Direccion_Cliente,NumeroCel_Cliente,Email_Cliente)
VALUES (19,2,495,4995957603,'Curran','Megan','Whitney','Armstrong','985-1873 Ultricies Rd.',3184228353,'sed.congue@aceleifend.net');
INSERT INTO tbl_cliente (Id_Cliente,Id_TipoDocumento,Id_Municipio,NumeroDoc_Cliente,PrimerNom_Cliente,SegundoNom_Cliente,PrimerApe_Cliente,SegundoApe_Cliente,Direccion_Cliente,NumeroCel_Cliente,Email_Cliente)
VALUES (20,1,451,9850443167,'Hector','Mechelle','Mills','Rose','912-5006 Ut Av.',3187171475,'sapien.gravida@euismodin.co.uk');
INSERT INTO tbl_cliente (Id_Cliente,Id_TipoDocumento,Id_Municipio,NumeroDoc_Cliente,PrimerNom_Cliente,SegundoNom_Cliente,PrimerApe_Cliente,SegundoApe_Cliente,Direccion_Cliente,NumeroCel_Cliente,Email_Cliente)
VALUES (21,1,457,4259934189,'Kuame','Emmanuel','Whitfield','Miller','774-8359 Feugiat Av.',3122062552,'et.magnis@nibhlacinia.org');
INSERT INTO tbl_cliente (Id_Cliente,Id_TipoDocumento,Id_Municipio,NumeroDoc_Cliente,PrimerNom_Cliente,SegundoNom_Cliente,PrimerApe_Cliente,SegundoApe_Cliente,Direccion_Cliente,NumeroCel_Cliente,Email_Cliente)
VALUES (22,2,495,1062347786,'Norman','Clio','Kim','Mclean','P.O. Box 767, 8207 Dolor. St.',3186665553,'torquent@eget.edu');
INSERT INTO tbl_cliente (Id_Cliente,Id_TipoDocumento,Id_Municipio,NumeroDoc_Cliente,PrimerNom_Cliente,SegundoNom_Cliente,PrimerApe_Cliente,SegundoApe_Cliente,Direccion_Cliente,NumeroCel_Cliente,Email_Cliente)
VALUES (23,3,465,6144046749,'Reece','Eric','Norris','Rodgers','114-1080 Odio. Av.',3175492191,'nec.luctus@dictumaugue.org');
INSERT INTO tbl_cliente (Id_Cliente,Id_TipoDocumento,Id_Municipio,NumeroDoc_Cliente,PrimerNom_Cliente,SegundoNom_Cliente,PrimerApe_Cliente,SegundoApe_Cliente,Direccion_Cliente,NumeroCel_Cliente,Email_Cliente)
VALUES (24,3,459,3102190689,'Leonard','Gray','Benjamin','Boyer','Ap #334-9109 Sed Av.',3180961898,'rutrum.justo@fringillaest.org');
INSERT INTO tbl_cliente (Id_Cliente,Id_TipoDocumento,Id_Municipio,NumeroDoc_Cliente,PrimerNom_Cliente,SegundoNom_Cliente,PrimerApe_Cliente,SegundoApe_Cliente,Direccion_Cliente,NumeroCel_Cliente,Email_Cliente)
VALUES (25,3,471,9054615230,'Linus','Kelly','Woods','Pace','301-1657 Id, Av.',3179012050,'gravida@aliquamnec.co.uk');
INSERT INTO tbl_cliente (Id_Cliente,Id_TipoDocumento,Id_Municipio,NumeroDoc_Cliente,PrimerNom_Cliente,SegundoNom_Cliente,PrimerApe_Cliente,SegundoApe_Cliente,Direccion_Cliente,NumeroCel_Cliente,Email_Cliente)
VALUES (26,1,456,8954843782,'Audra','Sawyer','Blankenship','Vasquez','Ap #251-8358 Lorem, St.',3181895267,'risus.donec@est.co.uk');
INSERT INTO tbl_cliente (Id_Cliente,Id_TipoDocumento,Id_Municipio,NumeroDoc_Cliente,PrimerNom_Cliente,SegundoNom_Cliente,PrimerApe_Cliente,SegundoApe_Cliente,Direccion_Cliente,NumeroCel_Cliente,Email_Cliente)
VALUES (27,1,491,1362694191,'Orlando','Camilla','Oliver','Dillon','Ap #331-909 Sem, St.',3119699266,'viverra.maecenas.iaculis@vivamuseuismod.org');
INSERT INTO tbl_cliente (Id_Cliente,Id_TipoDocumento,Id_Municipio,NumeroDoc_Cliente,PrimerNom_Cliente,SegundoNom_Cliente,PrimerApe_Cliente,SegundoApe_Cliente,Direccion_Cliente,NumeroCel_Cliente,Email_Cliente)
VALUES (28,4,456,8422016213,'Marsden','Joseph','Goff','Reyes','Ap #399-8124 Nibh Rd.',3199712823,'elit.fermentum@vel.net');
INSERT INTO tbl_cliente (Id_Cliente,Id_TipoDocumento,Id_Municipio,NumeroDoc_Cliente,PrimerNom_Cliente,SegundoNom_Cliente,PrimerApe_Cliente,SegundoApe_Cliente,Direccion_Cliente,NumeroCel_Cliente,Email_Cliente)
VALUES (29,3,497,832247886,'Kenyon','Maile','Jackson','Joyce','P.O. Box 241, 5153 Semper. Street',3173983970,'magna@enim.co.uk');
INSERT INTO tbl_cliente (Id_Cliente,Id_TipoDocumento,Id_Municipio,NumeroDoc_Cliente,PrimerNom_Cliente,SegundoNom_Cliente,PrimerApe_Cliente,SegundoApe_Cliente,Direccion_Cliente,NumeroCel_Cliente,Email_Cliente)
VALUES (30,2,485,2475360940,'Malik','Mona','Bender','Raymond','860-7822 Odio. St.',3206142770,'nascetur.ridiculus@scelerisquesedsapien.ca');
INSERT INTO tbl_cliente (Id_Cliente,Id_TipoDocumento,Id_Municipio,NumeroDoc_Cliente,PrimerNom_Cliente,SegundoNom_Cliente,PrimerApe_Cliente,SegundoApe_Cliente,Direccion_Cliente,NumeroCel_Cliente,Email_Cliente)
VALUES (31,2,458,5879917948,'Eagan','Raja','Irwin','Decker','192-8456 Iaculis Rd.',3111759019,'enim@utnec.ca');
INSERT INTO tbl_cliente (Id_Cliente,Id_TipoDocumento,Id_Municipio,NumeroDoc_Cliente,PrimerNom_Cliente,SegundoNom_Cliente,PrimerApe_Cliente,SegundoApe_Cliente,Direccion_Cliente,NumeroCel_Cliente,Email_Cliente)
VALUES (32,4,475,10711965701,'Emery','Levi','Bright','Spence','738-5421 Nunc Street',3170497223,'elit@nequemorbi.org');
INSERT INTO tbl_cliente (Id_Cliente,Id_TipoDocumento,Id_Municipio,NumeroDoc_Cliente,PrimerNom_Cliente,SegundoNom_Cliente,PrimerApe_Cliente,SegundoApe_Cliente,Direccion_Cliente,NumeroCel_Cliente,Email_Cliente)
VALUES (33,4,483,3633201822,'Malachi','Tanek','Booker','Morton','5866 Auctor. Av.',3134672563,'fringilla@fuscefermentum.ca');
INSERT INTO tbl_cliente (Id_Cliente,Id_TipoDocumento,Id_Municipio,NumeroDoc_Cliente,PrimerNom_Cliente,SegundoNom_Cliente,PrimerApe_Cliente,SegundoApe_Cliente,Direccion_Cliente,NumeroCel_Cliente,Email_Cliente)
VALUES (34,3,475,4996750643,'Connor','Zephania','Grimes','Key','655-8440 Quis St.',3208742543,'diam.lorem.auctor@fuscefeugiatlorem.co.uk');
INSERT INTO tbl_cliente (Id_Cliente,Id_TipoDocumento,Id_Municipio,NumeroDoc_Cliente,PrimerNom_Cliente,SegundoNom_Cliente,PrimerApe_Cliente,SegundoApe_Cliente,Direccion_Cliente,NumeroCel_Cliente,Email_Cliente)
VALUES (35,3,481,3232998947,'Ivana','Sade','Wells','Mills','Ap #565-4663 Eget, Rd.',3179695064,'purus.duis.elementum@velitcraslorem.com');
INSERT INTO tbl_cliente (Id_Cliente,Id_TipoDocumento,Id_Municipio,NumeroDoc_Cliente,PrimerNom_Cliente,SegundoNom_Cliente,PrimerApe_Cliente,SegundoApe_Cliente,Direccion_Cliente,NumeroCel_Cliente,Email_Cliente)
VALUES (36,1,479,5076424261,'Jenette','Gage','Barnes','Allison','314-834 Nec Ave',3196421518,'suspendisse@elitnulla.edu');
INSERT INTO tbl_cliente (Id_Cliente,Id_TipoDocumento,Id_Municipio,NumeroDoc_Cliente,PrimerNom_Cliente,SegundoNom_Cliente,PrimerApe_Cliente,SegundoApe_Cliente,Direccion_Cliente,NumeroCel_Cliente,Email_Cliente)
VALUES (37,4,497,4977363992,'Keely','Erich','Vance','Farrell','Ap #912-5029 Pellentesque Rd.',3201219972,'at@blanditviverradonec.net');
INSERT INTO tbl_cliente (Id_Cliente,Id_TipoDocumento,Id_Municipio,NumeroDoc_Cliente,PrimerNom_Cliente,SegundoNom_Cliente,PrimerApe_Cliente,SegundoApe_Cliente,Direccion_Cliente,NumeroCel_Cliente,Email_Cliente)
VALUES (38,2,495,10963505445,'Jocelyn','Hermione','English','Cannon','Ap #407-6185 Eleifend Avenue',3111126139,'ipsum.suspendisse.sagittis@phasellusin.net');
INSERT INTO tbl_cliente (Id_Cliente,Id_TipoDocumento,Id_Municipio,NumeroDoc_Cliente,PrimerNom_Cliente,SegundoNom_Cliente,PrimerApe_Cliente,SegundoApe_Cliente,Direccion_Cliente,NumeroCel_Cliente,Email_Cliente)
VALUES (39,4,486,3326011343,'Wyoming','Kitra','Stokes','Mcconnell','2921 Aliquam Rd.',3138422254,'mi.aliquam@placerat.com');
INSERT INTO tbl_cliente (Id_Cliente,Id_TipoDocumento,Id_Municipio,NumeroDoc_Cliente,PrimerNom_Cliente,SegundoNom_Cliente,PrimerApe_Cliente,SegundoApe_Cliente,Direccion_Cliente,NumeroCel_Cliente,Email_Cliente)
VALUES (40,4,471,4255493972,'Guy','Nolan','Case','Frank','841-8444 A, Ave',3180413318,'erat.volutpat@tincidunt.org');
INSERT INTO tbl_cliente (Id_Cliente,Id_TipoDocumento,Id_Municipio,NumeroDoc_Cliente,PrimerNom_Cliente,SegundoNom_Cliente,PrimerApe_Cliente,SegundoApe_Cliente,Direccion_Cliente,NumeroCel_Cliente,Email_Cliente)
VALUES (41,4,496,6955152822,'Lacota','Alvin','Petty','Little','1952 Mauris Street',3142106535,'facilisis.vitae@vivamusnisi.net');
INSERT INTO tbl_cliente (Id_Cliente,Id_TipoDocumento,Id_Municipio,NumeroDoc_Cliente,PrimerNom_Cliente,SegundoNom_Cliente,PrimerApe_Cliente,SegundoApe_Cliente,Direccion_Cliente,NumeroCel_Cliente,Email_Cliente)
VALUES (42,2,494,5443693418,'Wendy','Roary','Robles','Merrill','673-8369 Pharetra. Road',3125313584,'ornare.fusce.mollis@fuscedolor.net');
INSERT INTO tbl_cliente (Id_Cliente,Id_TipoDocumento,Id_Municipio,NumeroDoc_Cliente,PrimerNom_Cliente,SegundoNom_Cliente,PrimerApe_Cliente,SegundoApe_Cliente,Direccion_Cliente,NumeroCel_Cliente,Email_Cliente)
VALUES (43,4,461,8924862639,'Amaya','Charde','Parrish','Erickson','Ap #969-2706 Et St.',3196865294,'neque.vitae@eleifendnon.ca');
INSERT INTO tbl_cliente (Id_Cliente,Id_TipoDocumento,Id_Municipio,NumeroDoc_Cliente,PrimerNom_Cliente,SegundoNom_Cliente,PrimerApe_Cliente,SegundoApe_Cliente,Direccion_Cliente,NumeroCel_Cliente,Email_Cliente)
VALUES (44,3,451,8644325600,'Dalton','Yetta','Talley','Hammond','Ap #568-9547 Ac Avenue',3111571522,'orci.tincidunt@facilisisloremtristique.org');
INSERT INTO tbl_cliente (Id_Cliente,Id_TipoDocumento,Id_Municipio,NumeroDoc_Cliente,PrimerNom_Cliente,SegundoNom_Cliente,PrimerApe_Cliente,SegundoApe_Cliente,Direccion_Cliente,NumeroCel_Cliente,Email_Cliente)
VALUES (45,3,464,1376194017,'Amelia','Salvador','Delgado','Sargent','Ap #450-208 Cras St.',3211549281,'odio.vel.est@sedsem.net');
INSERT INTO tbl_cliente (Id_Cliente,Id_TipoDocumento,Id_Municipio,NumeroDoc_Cliente,PrimerNom_Cliente,SegundoNom_Cliente,PrimerApe_Cliente,SegundoApe_Cliente,Direccion_Cliente,NumeroCel_Cliente,Email_Cliente)
VALUES (46,3,451,6066227671,'Sacha','Tarik','Finch','Sandoval','462-5748 Nunc Av.',3151695078,'ipsum.suspendisse@ascelerisquesed.org');
INSERT INTO tbl_cliente (Id_Cliente,Id_TipoDocumento,Id_Municipio,NumeroDoc_Cliente,PrimerNom_Cliente,SegundoNom_Cliente,PrimerApe_Cliente,SegundoApe_Cliente,Direccion_Cliente,NumeroCel_Cliente,Email_Cliente)
VALUES (47,4,459,9265819143,'Libby','Joshua','Landry','Blair','Ap #239-6145 Fames St.',3139387716,'tempor@mauris.ca');
INSERT INTO tbl_cliente (Id_Cliente,Id_TipoDocumento,Id_Municipio,NumeroDoc_Cliente,PrimerNom_Cliente,SegundoNom_Cliente,PrimerApe_Cliente,SegundoApe_Cliente,Direccion_Cliente,NumeroCel_Cliente,Email_Cliente)
VALUES (48,3,463,6032703808,'Erica','Halee','Mosley','Mccarthy','Ap #142-8291 Lorem, Road',3151083473,'mauris.elit.dictum@uteros.ca');
INSERT INTO tbl_cliente (Id_Cliente,Id_TipoDocumento,Id_Municipio,NumeroDoc_Cliente,PrimerNom_Cliente,SegundoNom_Cliente,PrimerApe_Cliente,SegundoApe_Cliente,Direccion_Cliente,NumeroCel_Cliente,Email_Cliente)
VALUES (49,3,492,3393067913,'Shad','Ursa','Holder','Crosby','Ap #580-1754 Eget Road',3188523357,'laoreet@nuncullamcorper.ca');
INSERT INTO tbl_cliente (Id_Cliente,Id_TipoDocumento,Id_Municipio,NumeroDoc_Cliente,PrimerNom_Cliente,SegundoNom_Cliente,PrimerApe_Cliente,SegundoApe_Cliente,Direccion_Cliente,NumeroCel_Cliente,Email_Cliente)
VALUES (50,2,494,8186155090,'Duncan','Cecilia','Kerr','England','439-1332 Lectus Ave',3152343662,'orci.phasellus.dapibus@convallisante.edu');
INSERT INTO tbl_cliente (Id_Cliente,Id_TipoDocumento,Id_Municipio,NumeroDoc_Cliente,PrimerNom_Cliente,SegundoNom_Cliente,PrimerApe_Cliente,SegundoApe_Cliente,Direccion_Cliente,NumeroCel_Cliente,Email_Cliente)
VALUES (51,3,481,7130730327,'Jelani','Yetta','Wade','Mercado','P.O. Box 114, 441 Magna. St.',3122845835,'nullam.enim.sed@consequatlectus.org');
INSERT INTO tbl_cliente (Id_Cliente,Id_TipoDocumento,Id_Municipio,NumeroDoc_Cliente,PrimerNom_Cliente,SegundoNom_Cliente,PrimerApe_Cliente,SegundoApe_Cliente,Direccion_Cliente,NumeroCel_Cliente,Email_Cliente)
VALUES (52,3,464,1840055878,'Lesley','Plato','Hood','Mclean','Ap #544-5430 Vitae Rd.',3181601820,'donec.est@iderat.org');
INSERT INTO tbl_cliente (Id_Cliente,Id_TipoDocumento,Id_Municipio,NumeroDoc_Cliente,PrimerNom_Cliente,SegundoNom_Cliente,PrimerApe_Cliente,SegundoApe_Cliente,Direccion_Cliente,NumeroCel_Cliente,Email_Cliente)
VALUES (53,3,499,5875100700,'Ori','Dahlia','Dudley','Alexander','Ap #300-549 Orci, Street',3210525085,'nulla.facilisis@eudui.com');
INSERT INTO tbl_cliente (Id_Cliente,Id_TipoDocumento,Id_Municipio,NumeroDoc_Cliente,PrimerNom_Cliente,SegundoNom_Cliente,PrimerApe_Cliente,SegundoApe_Cliente,Direccion_Cliente,NumeroCel_Cliente,Email_Cliente)
VALUES (54,2,484,4810128715,'Chandler','Talon','Gardner','Santiago','8772 Egestas Street',3208024310,'fusce.feugiat@elementumsemvitae.org');
INSERT INTO tbl_cliente (Id_Cliente,Id_TipoDocumento,Id_Municipio,NumeroDoc_Cliente,PrimerNom_Cliente,SegundoNom_Cliente,PrimerApe_Cliente,SegundoApe_Cliente,Direccion_Cliente,NumeroCel_Cliente,Email_Cliente)
VALUES (55,2,492,10642394605,'Melinda','Hiram','Brennan','Stevenson','Ap #864-2611 Enim. Ave',3145507341,'amet.massa.quisque@velitpellentesque.com');
INSERT INTO tbl_cliente (Id_Cliente,Id_TipoDocumento,Id_Municipio,NumeroDoc_Cliente,PrimerNom_Cliente,SegundoNom_Cliente,PrimerApe_Cliente,SegundoApe_Cliente,Direccion_Cliente,NumeroCel_Cliente,Email_Cliente)
VALUES (56,3,473,6913350993,'Omar','Odysseus','Crawford','Stone','413-6954 Enim St.',3138109273,'nulla.cras.eu@tinciduntadipiscingmauris.edu');
INSERT INTO tbl_cliente (Id_Cliente,Id_TipoDocumento,Id_Municipio,NumeroDoc_Cliente,PrimerNom_Cliente,SegundoNom_Cliente,PrimerApe_Cliente,SegundoApe_Cliente,Direccion_Cliente,NumeroCel_Cliente,Email_Cliente)
VALUES (57,3,456,5100514472,'Aphrodite','Sydney','Richard','Herring','1048 Pede, Road',3185136894,'vel.sapien.imperdiet@tempus.edu');
INSERT INTO tbl_cliente (Id_Cliente,Id_TipoDocumento,Id_Municipio,NumeroDoc_Cliente,PrimerNom_Cliente,SegundoNom_Cliente,PrimerApe_Cliente,SegundoApe_Cliente,Direccion_Cliente,NumeroCel_Cliente,Email_Cliente)
VALUES (58,1,486,277787572,'Malachi','Darius','Mclaughlin','Bruce','Ap #491-4762 Parturient Street',3154720855,'lorem@maecenaslibero.ca');
INSERT INTO tbl_cliente (Id_Cliente,Id_TipoDocumento,Id_Municipio,NumeroDoc_Cliente,PrimerNom_Cliente,SegundoNom_Cliente,PrimerApe_Cliente,SegundoApe_Cliente,Direccion_Cliente,NumeroCel_Cliente,Email_Cliente)
VALUES (59,2,451,3031245448,'Jacob','Xandra','Lancaster','Velasquez','P.O. Box 297, 9655 Magna Ave',3155896752,'at.egestas@intempuseu.co.uk');
INSERT INTO tbl_cliente (Id_Cliente,Id_TipoDocumento,Id_Municipio,NumeroDoc_Cliente,PrimerNom_Cliente,SegundoNom_Cliente,PrimerApe_Cliente,SegundoApe_Cliente,Direccion_Cliente,NumeroCel_Cliente,Email_Cliente)
VALUES (60,3,468,6324252724,'May','Shaeleigh','Delgado','Schmidt','1254 Magna. Road',3145824279,'nec.urna@mollisinteger.com');
INSERT INTO tbl_cliente (Id_Cliente,Id_TipoDocumento,Id_Municipio,NumeroDoc_Cliente,PrimerNom_Cliente,SegundoNom_Cliente,PrimerApe_Cliente,SegundoApe_Cliente,Direccion_Cliente,NumeroCel_Cliente,Email_Cliente)
VALUES (61,3,499,8670394929,'Maxwell','Anjolie','Langley','Beasley','878-4067 Donec Avenue',3164648830,'facilisis.magna.tellus@neque.com');
INSERT INTO tbl_cliente (Id_Cliente,Id_TipoDocumento,Id_Municipio,NumeroDoc_Cliente,PrimerNom_Cliente,SegundoNom_Cliente,PrimerApe_Cliente,SegundoApe_Cliente,Direccion_Cliente,NumeroCel_Cliente,Email_Cliente)
VALUES (62,3,488,5804070431,'Lois','Samuel','Brennan','Kirkland','662-8270 Magna Road',3154935528,'consectetuer.adipiscing@variusnam.edu');
INSERT INTO tbl_cliente (Id_Cliente,Id_TipoDocumento,Id_Municipio,NumeroDoc_Cliente,PrimerNom_Cliente,SegundoNom_Cliente,PrimerApe_Cliente,SegundoApe_Cliente,Direccion_Cliente,NumeroCel_Cliente,Email_Cliente)
VALUES (63,4,481,9345558705,'Gillian','Irma','Jacobs','Shaffer','P.O. Box 949, 4743 Duis Rd.',3194562923,'lectus.convallis@sed.ca');
INSERT INTO tbl_cliente (Id_Cliente,Id_TipoDocumento,Id_Municipio,NumeroDoc_Cliente,PrimerNom_Cliente,SegundoNom_Cliente,PrimerApe_Cliente,SegundoApe_Cliente,Direccion_Cliente,NumeroCel_Cliente,Email_Cliente)
VALUES (64,4,462,8442226622,'Joshua','Victoria','Serrano','Murphy','P.O. Box 617, 678 Vehicula Street',3188748945,'cursus.diam@curabiturdictum.co.uk');
INSERT INTO tbl_cliente (Id_Cliente,Id_TipoDocumento,Id_Municipio,NumeroDoc_Cliente,PrimerNom_Cliente,SegundoNom_Cliente,PrimerApe_Cliente,SegundoApe_Cliente,Direccion_Cliente,NumeroCel_Cliente,Email_Cliente)
VALUES (65,2,486,385249297,'Kasimir','Merritt','Small','Goodman','P.O. Box 644, 5885 Massa Street',3181041143,'sem.vitae.aliquam@ullamcorper.net');
INSERT INTO tbl_cliente (Id_Cliente,Id_TipoDocumento,Id_Municipio,NumeroDoc_Cliente,PrimerNom_Cliente,SegundoNom_Cliente,PrimerApe_Cliente,SegundoApe_Cliente,Direccion_Cliente,NumeroCel_Cliente,Email_Cliente)
VALUES (66,2,463,4919663588,'Stacey','Isadora','Knapp','Craig','141 Nec Rd.',3117911277,'sodales.nisi@aodio.com');
INSERT INTO tbl_cliente (Id_Cliente,Id_TipoDocumento,Id_Municipio,NumeroDoc_Cliente,PrimerNom_Cliente,SegundoNom_Cliente,PrimerApe_Cliente,SegundoApe_Cliente,Direccion_Cliente,NumeroCel_Cliente,Email_Cliente)
VALUES (67,4,500,8259087435,'Craig','Kelsey','Duran','Stanton','Ap #506-3015 Aliquam Ave',3112883446,'condimentum@maurisrhoncus.co.uk');
INSERT INTO tbl_cliente (Id_Cliente,Id_TipoDocumento,Id_Municipio,NumeroDoc_Cliente,PrimerNom_Cliente,SegundoNom_Cliente,PrimerApe_Cliente,SegundoApe_Cliente,Direccion_Cliente,NumeroCel_Cliente,Email_Cliente)
VALUES (68,1,488,5376987981,'Cullen','Hiram','Wynn','Bass','P.O. Box 732, 1821 Ligula. Avenue',3124400784,'magna.phasellus@diamdictumsapien.edu');
INSERT INTO tbl_cliente (Id_Cliente,Id_TipoDocumento,Id_Municipio,NumeroDoc_Cliente,PrimerNom_Cliente,SegundoNom_Cliente,PrimerApe_Cliente,SegundoApe_Cliente,Direccion_Cliente,NumeroCel_Cliente,Email_Cliente)
VALUES (69,3,486,3124411984,'Graiden','Finn','Salinas','Howell','Ap #676-9540 Suspendisse Rd.',3162437702,'aliquet.lobortis@ultriciesligulanullam.co.uk');
INSERT INTO tbl_cliente (Id_Cliente,Id_TipoDocumento,Id_Municipio,NumeroDoc_Cliente,PrimerNom_Cliente,SegundoNom_Cliente,PrimerApe_Cliente,SegundoApe_Cliente,Direccion_Cliente,NumeroCel_Cliente,Email_Cliente)
VALUES (70,4,462,7534725571,'Samuel','Brenda','Rasmussen','Stout','Ap #664-7748 Malesuada Road',3146457952,'nec@euismodmauris.edu');
INSERT INTO tbl_cliente (Id_Cliente,Id_TipoDocumento,Id_Municipio,NumeroDoc_Cliente,PrimerNom_Cliente,SegundoNom_Cliente,PrimerApe_Cliente,SegundoApe_Cliente,Direccion_Cliente,NumeroCel_Cliente,Email_Cliente)
VALUES (71,3,466,6941928546,'Kimberley','Mikayla','Frye','Evans','986-4722 Ornare St.',3159255162,'interdum@sedleo.edu');
INSERT INTO tbl_cliente (Id_Cliente,Id_TipoDocumento,Id_Municipio,NumeroDoc_Cliente,PrimerNom_Cliente,SegundoNom_Cliente,PrimerApe_Cliente,SegundoApe_Cliente,Direccion_Cliente,NumeroCel_Cliente,Email_Cliente)
VALUES (72,3,467,5174474686,'Bree','Ocean','Shaw','Chen','915-8731 Quam. Av.',3169908390,'nonummy.ipsum.non@utdolordapibus.edu');
INSERT INTO tbl_cliente (Id_Cliente,Id_TipoDocumento,Id_Municipio,NumeroDoc_Cliente,PrimerNom_Cliente,SegundoNom_Cliente,PrimerApe_Cliente,SegundoApe_Cliente,Direccion_Cliente,NumeroCel_Cliente,Email_Cliente)
VALUES (73,3,483,8064234215,'Neve','Benjamin','York','Barton','254-9073 Hendrerit Rd.',3189499630,'convallis@cursuseteros.net');
INSERT INTO tbl_cliente (Id_Cliente,Id_TipoDocumento,Id_Municipio,NumeroDoc_Cliente,PrimerNom_Cliente,SegundoNom_Cliente,PrimerApe_Cliente,SegundoApe_Cliente,Direccion_Cliente,NumeroCel_Cliente,Email_Cliente)
VALUES (74,2,461,7451629344,'Neville','Freya','Warner','Gates','P.O. Box 670, 9115 Varius. St.',3164183332,'sagittis.nullam@sedturpis.com');
INSERT INTO tbl_cliente (Id_Cliente,Id_TipoDocumento,Id_Municipio,NumeroDoc_Cliente,PrimerNom_Cliente,SegundoNom_Cliente,PrimerApe_Cliente,SegundoApe_Cliente,Direccion_Cliente,NumeroCel_Cliente,Email_Cliente)
VALUES (75,4,469,77199157,'Cynthia','Kane','Hickman','Barr','1797 Nunc Street',3162407295,'vivamus@maurissagittisplacerat.org');
INSERT INTO tbl_cliente (Id_Cliente,Id_TipoDocumento,Id_Municipio,NumeroDoc_Cliente,PrimerNom_Cliente,SegundoNom_Cliente,PrimerApe_Cliente,SegundoApe_Cliente,Direccion_Cliente,NumeroCel_Cliente,Email_Cliente)
VALUES (76,3,490,7851956775,'Kylan','Owen','Barron','Pittman','P.O. Box 857, 9883 Ut Rd.',3198005742,'vestibulum@fermentumconvallis.co.uk');
INSERT INTO tbl_cliente (Id_Cliente,Id_TipoDocumento,Id_Municipio,NumeroDoc_Cliente,PrimerNom_Cliente,SegundoNom_Cliente,PrimerApe_Cliente,SegundoApe_Cliente,Direccion_Cliente,NumeroCel_Cliente,Email_Cliente)
VALUES (77,1,498,10081520041,'Brianna','Lionel','Rosario','Matthews','910-3291 Morbi Street',3180444881,'duis.risus@arcueuodio.edu');
INSERT INTO tbl_cliente (Id_Cliente,Id_TipoDocumento,Id_Municipio,NumeroDoc_Cliente,PrimerNom_Cliente,SegundoNom_Cliente,PrimerApe_Cliente,SegundoApe_Cliente,Direccion_Cliente,NumeroCel_Cliente,Email_Cliente)
VALUES (78,1,497,4094749740,'Hedy','Len','Shields','Foley','294-3686 Posuere St.',3124485182,'purus.nullam@suspendisseeleifend.ca');
INSERT INTO tbl_cliente (Id_Cliente,Id_TipoDocumento,Id_Municipio,NumeroDoc_Cliente,PrimerNom_Cliente,SegundoNom_Cliente,PrimerApe_Cliente,SegundoApe_Cliente,Direccion_Cliente,NumeroCel_Cliente,Email_Cliente)
VALUES (79,3,464,10843493112,'Alvin','Lance','Robles','Oneil','P.O. Box 644, 272 Luctus St.',3197947164,'enim.non@aeneaneget.edu');
INSERT INTO tbl_cliente (Id_Cliente,Id_TipoDocumento,Id_Municipio,NumeroDoc_Cliente,PrimerNom_Cliente,SegundoNom_Cliente,PrimerApe_Cliente,SegundoApe_Cliente,Direccion_Cliente,NumeroCel_Cliente,Email_Cliente)
VALUES (80,4,465,2462104961,'Phelan','Kane','Cruz','Pate','922-3577 Ornare Av.',3171121327,'posuere.enim.nisl@luctus.org');
INSERT INTO tbl_cliente (Id_Cliente,Id_TipoDocumento,Id_Municipio,NumeroDoc_Cliente,PrimerNom_Cliente,SegundoNom_Cliente,PrimerApe_Cliente,SegundoApe_Cliente,Direccion_Cliente,NumeroCel_Cliente,Email_Cliente)
VALUES (81,4,475,10476675529,'Sierra','Adam','Poole','Lee','Ap #614-5004 Luctus St.',3178859734,'lectus.pede@arcused.net');
INSERT INTO tbl_cliente (Id_Cliente,Id_TipoDocumento,Id_Municipio,NumeroDoc_Cliente,PrimerNom_Cliente,SegundoNom_Cliente,PrimerApe_Cliente,SegundoApe_Cliente,Direccion_Cliente,NumeroCel_Cliente,Email_Cliente)
VALUES (82,1,473,7305523413,'Derek','Wesley','Farrell','Chang','Ap #445-9959 Nam Road',3139277601,'vestibulum@lectusrutrum.co.uk');
INSERT INTO tbl_cliente (Id_Cliente,Id_TipoDocumento,Id_Municipio,NumeroDoc_Cliente,PrimerNom_Cliente,SegundoNom_Cliente,PrimerApe_Cliente,SegundoApe_Cliente,Direccion_Cliente,NumeroCel_Cliente,Email_Cliente)
VALUES (83,3,488,7328849153,'Raven','Elizabeth','Bauer','Mercer','Ap #653-314 Duis Rd.',3159924091,'arcu.vestibulum@leo.net');
INSERT INTO tbl_cliente (Id_Cliente,Id_TipoDocumento,Id_Municipio,NumeroDoc_Cliente,PrimerNom_Cliente,SegundoNom_Cliente,PrimerApe_Cliente,SegundoApe_Cliente,Direccion_Cliente,NumeroCel_Cliente,Email_Cliente)
VALUES (84,3,497,9216545774,'Quinlan','Quon','Huffman','Jacobs','173 Rutrum St.',3195747675,'facilisis@sedeu.ca');
INSERT INTO tbl_cliente (Id_Cliente,Id_TipoDocumento,Id_Municipio,NumeroDoc_Cliente,PrimerNom_Cliente,SegundoNom_Cliente,PrimerApe_Cliente,SegundoApe_Cliente,Direccion_Cliente,NumeroCel_Cliente,Email_Cliente)
VALUES (85,1,476,8563488412,'Hedley','Willow','Jensen','Nicholson','871-1361 Curabitur St.',3171330148,'ut.semper@utmolestie.org');
INSERT INTO tbl_cliente (Id_Cliente,Id_TipoDocumento,Id_Municipio,NumeroDoc_Cliente,PrimerNom_Cliente,SegundoNom_Cliente,PrimerApe_Cliente,SegundoApe_Cliente,Direccion_Cliente,NumeroCel_Cliente,Email_Cliente)
VALUES (86,4,471,6863333059,'Harding','Simon','Donaldson','Elliott','913-2401 Sed Av.',3159514645,'sociis@fuscediamnunc.co.uk');
INSERT INTO tbl_cliente (Id_Cliente,Id_TipoDocumento,Id_Municipio,NumeroDoc_Cliente,PrimerNom_Cliente,SegundoNom_Cliente,PrimerApe_Cliente,SegundoApe_Cliente,Direccion_Cliente,NumeroCel_Cliente,Email_Cliente)
VALUES (87,2,463,5680232757,'Zena','Kalia','Reyes','Bishop','883-9942 Erat Ave',3133863754,'pede@eueros.edu');
INSERT INTO tbl_cliente (Id_Cliente,Id_TipoDocumento,Id_Municipio,NumeroDoc_Cliente,PrimerNom_Cliente,SegundoNom_Cliente,PrimerApe_Cliente,SegundoApe_Cliente,Direccion_Cliente,NumeroCel_Cliente,Email_Cliente)
VALUES (88,2,466,8247288510,'Daphne','Cameron','Burnett','Boone','864-4955 Nec Rd.',3172468739,'vel.turpis.aliquam@donecegestasduis.com');
INSERT INTO tbl_cliente (Id_Cliente,Id_TipoDocumento,Id_Municipio,NumeroDoc_Cliente,PrimerNom_Cliente,SegundoNom_Cliente,PrimerApe_Cliente,SegundoApe_Cliente,Direccion_Cliente,NumeroCel_Cliente,Email_Cliente)
VALUES (89,3,491,9990573790,'Zia','Colt','Greene','Joyce','Ap #816-7067 Nulla Rd.',3163040151,'vel.nisl@loremfringillaornare.org');
INSERT INTO tbl_cliente (Id_Cliente,Id_TipoDocumento,Id_Municipio,NumeroDoc_Cliente,PrimerNom_Cliente,SegundoNom_Cliente,PrimerApe_Cliente,SegundoApe_Cliente,Direccion_Cliente,NumeroCel_Cliente,Email_Cliente)
VALUES (90,2,450,3025667551,'Laurel','Jade','Powell','Cantu','282-7942 Bibendum Av.',3182689954,'enim.suspendisse.aliquet@suspendissecommodo.net');
INSERT INTO tbl_cliente (Id_Cliente,Id_TipoDocumento,Id_Municipio,NumeroDoc_Cliente,PrimerNom_Cliente,SegundoNom_Cliente,PrimerApe_Cliente,SegundoApe_Cliente,Direccion_Cliente,NumeroCel_Cliente,Email_Cliente)
VALUES (91,3,488,4660097870,'Odysseus','Whitney','Rhodes','Randall','Ap #700-493 Nec Rd.',3158363735,'auctor.nunc@odioapurus.net');
INSERT INTO tbl_cliente (Id_Cliente,Id_TipoDocumento,Id_Municipio,NumeroDoc_Cliente,PrimerNom_Cliente,SegundoNom_Cliente,PrimerApe_Cliente,SegundoApe_Cliente,Direccion_Cliente,NumeroCel_Cliente,Email_Cliente)
VALUES (92,2,460,7059629136,'Fletcher','Karly','Graves','Ratliff','Ap #559-9178 Integer Street',3156475164,'senectus.et.netus@etmagnapraesent.com');
INSERT INTO tbl_cliente (Id_Cliente,Id_TipoDocumento,Id_Municipio,NumeroDoc_Cliente,PrimerNom_Cliente,SegundoNom_Cliente,PrimerApe_Cliente,SegundoApe_Cliente,Direccion_Cliente,NumeroCel_Cliente,Email_Cliente)
VALUES (93,1,497,1963444795,'Violet','Patricia','Marsh','Cantrell','566-3144 Rutrum. Rd.',3155939230,'nullam.scelerisque.neque@justonecante.ca');
INSERT INTO tbl_cliente (Id_Cliente,Id_TipoDocumento,Id_Municipio,NumeroDoc_Cliente,PrimerNom_Cliente,SegundoNom_Cliente,PrimerApe_Cliente,SegundoApe_Cliente,Direccion_Cliente,NumeroCel_Cliente,Email_Cliente)
VALUES (94,4,461,63005122,'Raphael','Pascale','Hubbard','Reyes','Ap #643-3365 Purus Road',3125746509,'sed.dolor@metusvitae.net');
INSERT INTO tbl_cliente (Id_Cliente,Id_TipoDocumento,Id_Municipio,NumeroDoc_Cliente,PrimerNom_Cliente,SegundoNom_Cliente,PrimerApe_Cliente,SegundoApe_Cliente,Direccion_Cliente,NumeroCel_Cliente,Email_Cliente)
VALUES (95,2,457,8166634551,'Britanni','Faith','Forbes','Ferguson','111-9085 Turpis St.',3135175806,'felis@erosnamconsequat.org');
INSERT INTO tbl_cliente (Id_Cliente,Id_TipoDocumento,Id_Municipio,NumeroDoc_Cliente,PrimerNom_Cliente,SegundoNom_Cliente,PrimerApe_Cliente,SegundoApe_Cliente,Direccion_Cliente,NumeroCel_Cliente,Email_Cliente)
VALUES (96,1,453,5369714116,'Benedict','Hasad','Kaufman','Estrada','227 Lorem Rd.',3106128867,'tempor.est@mi.ca');
INSERT INTO tbl_cliente (Id_Cliente,Id_TipoDocumento,Id_Municipio,NumeroDoc_Cliente,PrimerNom_Cliente,SegundoNom_Cliente,PrimerApe_Cliente,SegundoApe_Cliente,Direccion_Cliente,NumeroCel_Cliente,Email_Cliente)
VALUES (97,2,498,1357656242,'Winifred','Gavin','Donaldson','Guerra','Ap #422-5483 Nec Ave',3149207735,'malesuada.fames.ac@molestietellus.co.uk');
INSERT INTO tbl_cliente (Id_Cliente,Id_TipoDocumento,Id_Municipio,NumeroDoc_Cliente,PrimerNom_Cliente,SegundoNom_Cliente,PrimerApe_Cliente,SegundoApe_Cliente,Direccion_Cliente,NumeroCel_Cliente,Email_Cliente)
VALUES (98,4,463,4274900338,'Tarik','Jocelyn','Osborn','Beck','4254 A, St.',3145689123,'amet.metus.aliquam@nisicumsociis.co.uk');
INSERT INTO tbl_cliente (Id_Cliente,Id_TipoDocumento,Id_Municipio,NumeroDoc_Cliente,PrimerNom_Cliente,SegundoNom_Cliente,PrimerApe_Cliente,SegundoApe_Cliente,Direccion_Cliente,NumeroCel_Cliente,Email_Cliente)
VALUES (99,3,469,7903448779,'Hayden','Edward','Ellis','Shaw','317-9482 Suspendisse Av.',3186434088,'mattis.semper.dui@sed.ca');
INSERT INTO tbl_cliente (Id_Cliente,Id_TipoDocumento,Id_Municipio,NumeroDoc_Cliente,PrimerNom_Cliente,SegundoNom_Cliente,PrimerApe_Cliente,SegundoApe_Cliente,Direccion_Cliente,NumeroCel_Cliente,Email_Cliente)
VALUES (100,3,463,7812148807,'Calista','Jescie','Robles','Glenn','797-3835 Vestibulum, Street',3174911524,'mauris.rhoncus@egettincidunt.com');
COMMIT;
-------------------
INSERT INTO TBL_EMPLEADO (Id_Empleado,Id_TipoDocumento,Id_Municipio,NumeroDoc_Empleado,PrimerNom_Empleado,SegundoNom_Empleado,PrimerApe_Empleado,SegundoApe_Empleado,Direccion_Empleado,NumeroCel_Empleado,Email_Empleado,estado_Empleado)
VALUES (1,1,453,7237528321,'Vance','Winifred','Aguirre','Parsons','9449 Non, Avenue',3155388586,'sed.tortor@nisicum.co.uk',0);
INSERT INTO TBL_EMPLEADO (Id_Empleado,Id_TipoDocumento,Id_Municipio,NumeroDoc_Empleado,PrimerNom_Empleado,SegundoNom_Empleado,PrimerApe_Empleado,SegundoApe_Empleado,Direccion_Empleado,NumeroCel_Empleado,Email_Empleado,estado_Empleado)
VALUES (2,1,496,9156324079,'Theodore','Cherokee','Spencer','Webb','136-8685 Vel, St.',3147372142,'sem@nec.net',1);
INSERT INTO TBL_EMPLEADO (Id_Empleado,Id_TipoDocumento,Id_Municipio,NumeroDoc_Empleado,PrimerNom_Empleado,SegundoNom_Empleado,PrimerApe_Empleado,SegundoApe_Empleado,Direccion_Empleado,NumeroCel_Empleado,Email_Empleado,estado_Empleado)
VALUES (3,1,465,10514511084,'Rhea','Sopoline','Spencer','Peters','7154 Sed Rd.',3138432042,'hymenaeos.mauris@lacus.org',0);
INSERT INTO TBL_EMPLEADO (Id_Empleado,Id_TipoDocumento,Id_Municipio,NumeroDoc_Empleado,PrimerNom_Empleado,SegundoNom_Empleado,PrimerApe_Empleado,SegundoApe_Empleado,Direccion_Empleado,NumeroCel_Empleado,Email_Empleado,estado_Empleado)
VALUES (4,1,490,2217062582,'Rhona','Arden','Pope','Burch','5755 Luctus Ave',3209940004,'dolor.tempus@egetmetus.co.uk',1);
INSERT INTO TBL_EMPLEADO (Id_Empleado,Id_TipoDocumento,Id_Municipio,NumeroDoc_Empleado,PrimerNom_Empleado,SegundoNom_Empleado,PrimerApe_Empleado,SegundoApe_Empleado,Direccion_Empleado,NumeroCel_Empleado,Email_Empleado,estado_Empleado)
VALUES (5,1,485,6622670530,'Jolene','Lisandra','Hall','Huffman','846-8893 Tellus Road',3210672679,'suspendisse.aliquet@morbivehicula.com',1);
INSERT INTO TBL_EMPLEADO (Id_Empleado,Id_TipoDocumento,Id_Municipio,NumeroDoc_Empleado,PrimerNom_Empleado,SegundoNom_Empleado,PrimerApe_Empleado,SegundoApe_Empleado,Direccion_Empleado,NumeroCel_Empleado,Email_Empleado,estado_Empleado)
VALUES (6,1,499,2469326313,'Maryam','Chelsea','Cardenas','Mcintosh','518-7199 Nisl. Rd.',3154388696,'sed.eu@pellentesquetellus.net',1);
INSERT INTO TBL_EMPLEADO (Id_Empleado,Id_TipoDocumento,Id_Municipio,NumeroDoc_Empleado,PrimerNom_Empleado,SegundoNom_Empleado,PrimerApe_Empleado,SegundoApe_Empleado,Direccion_Empleado,NumeroCel_Empleado,Email_Empleado,estado_Empleado)
VALUES (7,1,478,10471434776,'Elmo','Tucker','Fitzgerald','Combs','P.O. Box 785, 4843 Tempor Street',3203186111,'cras.vulputate@maurissitamet.edu',0);
INSERT INTO TBL_EMPLEADO (Id_Empleado,Id_TipoDocumento,Id_Municipio,NumeroDoc_Empleado,PrimerNom_Empleado,SegundoNom_Empleado,PrimerApe_Empleado,SegundoApe_Empleado,Direccion_Empleado,NumeroCel_Empleado,Email_Empleado,estado_Empleado)
VALUES (8,1,456,9369798158,'Eagan','Kathleen','Reid','Mcbride','P.O. Box 732, 4433 Erat Rd.',3181255278,'non@sitamet.org',1);
INSERT INTO TBL_EMPLEADO (Id_Empleado,Id_TipoDocumento,Id_Municipio,NumeroDoc_Empleado,PrimerNom_Empleado,SegundoNom_Empleado,PrimerApe_Empleado,SegundoApe_Empleado,Direccion_Empleado,NumeroCel_Empleado,Email_Empleado,estado_Empleado)
VALUES (9,1,453,8673774990,'Orla','Montana','Sharp','Haley','8630 Accumsan Rd.',3136329012,'sed@quamquis.org',0);
INSERT INTO TBL_EMPLEADO (Id_Empleado,Id_TipoDocumento,Id_Municipio,NumeroDoc_Empleado,PrimerNom_Empleado,SegundoNom_Empleado,PrimerApe_Empleado,SegundoApe_Empleado,Direccion_Empleado,NumeroCel_Empleado,Email_Empleado,estado_Empleado)
VALUES (10,1,454,9585456662,'Odessa','Nina','Franco','Bernard','Ap #173-4213 Pede Road',3187888480,'eu.nulla@consequatenimdiam.edu',1);
INSERT INTO TBL_EMPLEADO (Id_Empleado,Id_TipoDocumento,Id_Municipio,NumeroDoc_Empleado,PrimerNom_Empleado,SegundoNom_Empleado,PrimerApe_Empleado,SegundoApe_Empleado,Direccion_Empleado,NumeroCel_Empleado,Email_Empleado,estado_Empleado)
VALUES (11,1,474,5738954623,'Aurora','Demetria','Jennings','Nolan','544-9209 Penatibus Rd.',3112025346,'et.malesuada@laciniaorci.org',0);
INSERT INTO TBL_EMPLEADO (Id_Empleado,Id_TipoDocumento,Id_Municipio,NumeroDoc_Empleado,PrimerNom_Empleado,SegundoNom_Empleado,PrimerApe_Empleado,SegundoApe_Empleado,Direccion_Empleado,NumeroCel_Empleado,Email_Empleado,estado_Empleado)
VALUES (12,1,456,2370685795,'Simon','Reece','Nichols','Bush','P.O. Box 442, 5720 Et Av.',3195410282,'urna@eunequepellentesque.edu',0);
INSERT INTO TBL_EMPLEADO (Id_Empleado,Id_TipoDocumento,Id_Municipio,NumeroDoc_Empleado,PrimerNom_Empleado,SegundoNom_Empleado,PrimerApe_Empleado,SegundoApe_Empleado,Direccion_Empleado,NumeroCel_Empleado,Email_Empleado,estado_Empleado)
VALUES (13,1,483,9097340893,'Stewart','Tasha','Randolph','Wilder','Ap #327-1975 Aliquam Rd.',3207081037,'ultrices.iaculis@risus.org',1);
INSERT INTO TBL_EMPLEADO (Id_Empleado,Id_TipoDocumento,Id_Municipio,NumeroDoc_Empleado,PrimerNom_Empleado,SegundoNom_Empleado,PrimerApe_Empleado,SegundoApe_Empleado,Direccion_Empleado,NumeroCel_Empleado,Email_Empleado,estado_Empleado)
VALUES (14,1,483,2503336544,'Alice','Len','Cunningham','Higgins','1999 Fringilla St.',3195986101,'quis.tristique.ac@egestasrhoncusproin.ca',0);
INSERT INTO TBL_EMPLEADO (Id_Empleado,Id_TipoDocumento,Id_Municipio,NumeroDoc_Empleado,PrimerNom_Empleado,SegundoNom_Empleado,PrimerApe_Empleado,SegundoApe_Empleado,Direccion_Empleado,NumeroCel_Empleado,Email_Empleado,estado_Empleado)
VALUES (15,1,483,500629681,'Lilah','Jared','Barnett','Fox','805-9732 Auctor. Ave',3183804917,'cubilia.curae@luctusvulputate.com',1);
INSERT INTO TBL_EMPLEADO (Id_Empleado,Id_TipoDocumento,Id_Municipio,NumeroDoc_Empleado,PrimerNom_Empleado,SegundoNom_Empleado,PrimerApe_Empleado,SegundoApe_Empleado,Direccion_Empleado,NumeroCel_Empleado,Email_Empleado,estado_Empleado)
VALUES (16,1,458,8024152611,'Basil','Ulla','Jensen','Ewing','Ap #583-6594 Lectus Road',3118524628,'feugiat.non@elitpharetraut.org',1);
INSERT INTO TBL_EMPLEADO (Id_Empleado,Id_TipoDocumento,Id_Municipio,NumeroDoc_Empleado,PrimerNom_Empleado,SegundoNom_Empleado,PrimerApe_Empleado,SegundoApe_Empleado,Direccion_Empleado,NumeroCel_Empleado,Email_Empleado,estado_Empleado)
VALUES (17,1,458,2467232892,'Arthur','Ralph','Hooper','James','Ap #492-9022 Nisi Rd.',3120643069,'hendrerit.donec.porttitor@laoreetlibero.net',0);
INSERT INTO TBL_EMPLEADO (Id_Empleado,Id_TipoDocumento,Id_Municipio,NumeroDoc_Empleado,PrimerNom_Empleado,SegundoNom_Empleado,PrimerApe_Empleado,SegundoApe_Empleado,Direccion_Empleado,NumeroCel_Empleado,Email_Empleado,estado_Empleado)
VALUES (18,1,473,1557381618,'Risa','Karyn','Reid','Osborn','Ap #449-8581 A St.',3138116864,'nulla.tincidunt.neque@nulla.net',1);
INSERT INTO TBL_EMPLEADO (Id_Empleado,Id_TipoDocumento,Id_Municipio,NumeroDoc_Empleado,PrimerNom_Empleado,SegundoNom_Empleado,PrimerApe_Empleado,SegundoApe_Empleado,Direccion_Empleado,NumeroCel_Empleado,Email_Empleado,estado_Empleado)
VALUES (19,1,463,7202080268,'Unity','Gloria','Ballard','Dodson','Ap #964-7947 Non Rd.',3117290397,'lobortis.quam@nuncsedpede.edu',0);
INSERT INTO TBL_EMPLEADO (Id_Empleado,Id_TipoDocumento,Id_Municipio,NumeroDoc_Empleado,PrimerNom_Empleado,SegundoNom_Empleado,PrimerApe_Empleado,SegundoApe_Empleado,Direccion_Empleado,NumeroCel_Empleado,Email_Empleado,estado_Empleado)
VALUES (20,1,473,4363842302,'Stephanie','Salvador','Raymond','Norris','Ap #245-9202 Sed Av.',3125660870,'nullam.ut@ultriciessemmagna.co.uk',0);
INSERT INTO TBL_EMPLEADO (Id_Empleado,Id_TipoDocumento,Id_Municipio,NumeroDoc_Empleado,PrimerNom_Empleado,SegundoNom_Empleado,PrimerApe_Empleado,SegundoApe_Empleado,Direccion_Empleado,NumeroCel_Empleado,Email_Empleado,estado_Empleado)
VALUES (21,1,461,1913954387,'Nomlanga','Germaine','Henderson','Randolph','Ap #329-8588 Porttitor Rd.',3193048650,'dictum.ultricies@volutpatornarefacilisis.net',1);
INSERT INTO TBL_EMPLEADO (Id_Empleado,Id_TipoDocumento,Id_Municipio,NumeroDoc_Empleado,PrimerNom_Empleado,SegundoNom_Empleado,PrimerApe_Empleado,SegundoApe_Empleado,Direccion_Empleado,NumeroCel_Empleado,Email_Empleado,estado_Empleado)
VALUES (22,1,464,6001098051,'Gretchen','Willow','Garza','Mcknight','P.O. Box 636, 5985 Orci. St.',3148190201,'convallis.erat@scelerisque.edu',0);
INSERT INTO TBL_EMPLEADO (Id_Empleado,Id_TipoDocumento,Id_Municipio,NumeroDoc_Empleado,PrimerNom_Empleado,SegundoNom_Empleado,PrimerApe_Empleado,SegundoApe_Empleado,Direccion_Empleado,NumeroCel_Empleado,Email_Empleado,estado_Empleado)
VALUES (23,1,497,5926913564,'Beau','Karen','Stein','Pitts','240-7119 Quisque Rd.',3150598680,'porttitor.eros.nec@egetvenenatis.edu',1);
INSERT INTO TBL_EMPLEADO (Id_Empleado,Id_TipoDocumento,Id_Municipio,NumeroDoc_Empleado,PrimerNom_Empleado,SegundoNom_Empleado,PrimerApe_Empleado,SegundoApe_Empleado,Direccion_Empleado,NumeroCel_Empleado,Email_Empleado,estado_Empleado)
VALUES (24,1,464,558139752,'Levi','Hayden','Rasmussen','Harper','262 Sed St.',3116785490,'ullamcorper.eu@nisisem.org',1);
INSERT INTO TBL_EMPLEADO (Id_Empleado,Id_TipoDocumento,Id_Municipio,NumeroDoc_Empleado,PrimerNom_Empleado,SegundoNom_Empleado,PrimerApe_Empleado,SegundoApe_Empleado,Direccion_Empleado,NumeroCel_Empleado,Email_Empleado,estado_Empleado)
VALUES (25,1,455,2031465412,'Brody','Nash','Grant','Caldwell','P.O. Box 773, 3427 Aliquam Avenue',3142262906,'libero.proin@aliquetmolestie.edu',0);
INSERT INTO TBL_EMPLEADO (Id_Empleado,Id_TipoDocumento,Id_Municipio,NumeroDoc_Empleado,PrimerNom_Empleado,SegundoNom_Empleado,PrimerApe_Empleado,SegundoApe_Empleado,Direccion_Empleado,NumeroCel_Empleado,Email_Empleado,estado_Empleado)
VALUES (26,1,476,1244581768,'Charlotte','Beck','Kent','Rogers','Ap #775-8070 In Street',3109462135,'a.feugiat@etmagnis.ca',0);
INSERT INTO TBL_EMPLEADO (Id_Empleado,Id_TipoDocumento,Id_Municipio,NumeroDoc_Empleado,PrimerNom_Empleado,SegundoNom_Empleado,PrimerApe_Empleado,SegundoApe_Empleado,Direccion_Empleado,NumeroCel_Empleado,Email_Empleado,estado_Empleado)
VALUES (27,1,477,6070959470,'Colby','Anthony','Waller','Guerra','6991 Lacus. St.',3210793442,'pede.cras.vulputate@risusodio.com',1);
INSERT INTO TBL_EMPLEADO (Id_Empleado,Id_TipoDocumento,Id_Municipio,NumeroDoc_Empleado,PrimerNom_Empleado,SegundoNom_Empleado,PrimerApe_Empleado,SegundoApe_Empleado,Direccion_Empleado,NumeroCel_Empleado,Email_Empleado,estado_Empleado)
VALUES (28,1,450,1163559634,'Christine','Sierra','Craig','Charles','7575 Eget Av.',3141385973,'vitae.orci.phasellus@arcuimperdietullamcorper.co.uk',0);
INSERT INTO TBL_EMPLEADO (Id_Empleado,Id_TipoDocumento,Id_Municipio,NumeroDoc_Empleado,PrimerNom_Empleado,SegundoNom_Empleado,PrimerApe_Empleado,SegundoApe_Empleado,Direccion_Empleado,NumeroCel_Empleado,Email_Empleado,estado_Empleado)
VALUES (29,1,471,5720614900,'Thane','Pamela','Mccarthy','Boyd','P.O. Box 934, 7288 Placerat, Rd.',3163595488,'enim.curabitur@sapienmolestieorci.net',0);
INSERT INTO TBL_EMPLEADO (Id_Empleado,Id_TipoDocumento,Id_Municipio,NumeroDoc_Empleado,PrimerNom_Empleado,SegundoNom_Empleado,PrimerApe_Empleado,SegundoApe_Empleado,Direccion_Empleado,NumeroCel_Empleado,Email_Empleado,estado_Empleado)
VALUES (30,1,450,6825527392,'Adam','Troy','Bowen','Nixon','485-9993 Diam. Rd.',3206891850,'nec.eleifend@eutellus.co.uk',0);
INSERT INTO TBL_EMPLEADO (Id_Empleado,Id_TipoDocumento,Id_Municipio,NumeroDoc_Empleado,PrimerNom_Empleado,SegundoNom_Empleado,PrimerApe_Empleado,SegundoApe_Empleado,Direccion_Empleado,NumeroCel_Empleado,Email_Empleado,estado_Empleado)
VALUES (31,1,479,8073855996,'Unity','Kelly','Holt','Knox','437-2774 Tortor. St.',3186804728,'mauris.ut@vitaediamproin.edu',1);
INSERT INTO TBL_EMPLEADO (Id_Empleado,Id_TipoDocumento,Id_Municipio,NumeroDoc_Empleado,PrimerNom_Empleado,SegundoNom_Empleado,PrimerApe_Empleado,SegundoApe_Empleado,Direccion_Empleado,NumeroCel_Empleado,Email_Empleado,estado_Empleado)
VALUES (32,1,480,6481008999,'Chanda','Chadwick','Hewitt','Drake','4624 Pede Rd.',3172288818,'nunc.in@lectusa.edu',0);
INSERT INTO TBL_EMPLEADO (Id_Empleado,Id_TipoDocumento,Id_Municipio,NumeroDoc_Empleado,PrimerNom_Empleado,SegundoNom_Empleado,PrimerApe_Empleado,SegundoApe_Empleado,Direccion_Empleado,NumeroCel_Empleado,Email_Empleado,estado_Empleado)
VALUES (33,1,495,4636426211,'Carissa','Eugenia','Vaughn','Conner','Ap #823-2359 Neque. Street',3193375295,'non.massa.non@ametultricies.ca',1);
INSERT INTO TBL_EMPLEADO (Id_Empleado,Id_TipoDocumento,Id_Municipio,NumeroDoc_Empleado,PrimerNom_Empleado,SegundoNom_Empleado,PrimerApe_Empleado,SegundoApe_Empleado,Direccion_Empleado,NumeroCel_Empleado,Email_Empleado,estado_Empleado)
VALUES (34,1,468,7695560265,'Cadman','Kane','Scott','Trujillo','P.O. Box 594, 5174 Donec Street',3159711915,'sem@morbineque.org',0);
INSERT INTO TBL_EMPLEADO (Id_Empleado,Id_TipoDocumento,Id_Municipio,NumeroDoc_Empleado,PrimerNom_Empleado,SegundoNom_Empleado,PrimerApe_Empleado,SegundoApe_Empleado,Direccion_Empleado,NumeroCel_Empleado,Email_Empleado,estado_Empleado)
VALUES (35,1,466,5501792019,'Jaquelyn','Uma','Acosta','Ferguson','P.O. Box 286, 4201 Nulla. Street',3151960164,'cubilia@urna.ca',1);
INSERT INTO TBL_EMPLEADO (Id_Empleado,Id_TipoDocumento,Id_Municipio,NumeroDoc_Empleado,PrimerNom_Empleado,SegundoNom_Empleado,PrimerApe_Empleado,SegundoApe_Empleado,Direccion_Empleado,NumeroCel_Empleado,Email_Empleado,estado_Empleado)
VALUES (36,1,458,6741185861,'Keely','Rashad','Harvey','Spencer','7449 Risus. Avenue',3170244217,'egestas.fusce.aliquet@nonfeugiat.net',0);
INSERT INTO TBL_EMPLEADO (Id_Empleado,Id_TipoDocumento,Id_Municipio,NumeroDoc_Empleado,PrimerNom_Empleado,SegundoNom_Empleado,PrimerApe_Empleado,SegundoApe_Empleado,Direccion_Empleado,NumeroCel_Empleado,Email_Empleado,estado_Empleado)
VALUES (37,1,480,1573027540,'Hamish','Christen','Heath','Thompson','Ap #235-2800 In Rd.',3169558042,'tellus.non@velit.co.uk',1);
INSERT INTO TBL_EMPLEADO (Id_Empleado,Id_TipoDocumento,Id_Municipio,NumeroDoc_Empleado,PrimerNom_Empleado,SegundoNom_Empleado,PrimerApe_Empleado,SegundoApe_Empleado,Direccion_Empleado,NumeroCel_Empleado,Email_Empleado,estado_Empleado)
VALUES (38,1,465,5549355561,'Wylie','Colt','Craig','Farmer','4700 Tempus Rd.',3174795187,'massa.vestibulum@atpedecras.edu',0);
INSERT INTO TBL_EMPLEADO (Id_Empleado,Id_TipoDocumento,Id_Municipio,NumeroDoc_Empleado,PrimerNom_Empleado,SegundoNom_Empleado,PrimerApe_Empleado,SegundoApe_Empleado,Direccion_Empleado,NumeroCel_Empleado,Email_Empleado,estado_Empleado)
VALUES (39,1,484,9882692587,'Anastasia','Odysseus','Salinas','Gibbs','466-3266 Dui. St.',3140380456,'eu.tellus@sapiengravida.org',1);
INSERT INTO TBL_EMPLEADO (Id_Empleado,Id_TipoDocumento,Id_Municipio,NumeroDoc_Empleado,PrimerNom_Empleado,SegundoNom_Empleado,PrimerApe_Empleado,SegundoApe_Empleado,Direccion_Empleado,NumeroCel_Empleado,Email_Empleado,estado_Empleado)
VALUES (40,1,476,9983162640,'Madeson','Steel','Gibson','Mcneil','9388 Sollicitudin Road',3110405672,'suspendisse.eleifend.cras@tinciduntduiaugue.co.uk',0);
INSERT INTO TBL_EMPLEADO (Id_Empleado,Id_TipoDocumento,Id_Municipio,NumeroDoc_Empleado,PrimerNom_Empleado,SegundoNom_Empleado,PrimerApe_Empleado,SegundoApe_Empleado,Direccion_Empleado,NumeroCel_Empleado,Email_Empleado,estado_Empleado)
VALUES (41,1,462,9713192864,'Zane','Chastity','Thornton','Mays','529-3921 Mauris. Rd.',3127841213,'elit.pharetra@nullamsuscipitest.edu',0);
INSERT INTO TBL_EMPLEADO (Id_Empleado,Id_TipoDocumento,Id_Municipio,NumeroDoc_Empleado,PrimerNom_Empleado,SegundoNom_Empleado,PrimerApe_Empleado,SegundoApe_Empleado,Direccion_Empleado,NumeroCel_Empleado,Email_Empleado,estado_Empleado)
VALUES (42,1,475,5179414826,'Quyn','Reece','Bryan','Vargas','638-3035 Egestas. Road',3117887742,'elit.erat@vitaerisusduis.edu',0);
INSERT INTO TBL_EMPLEADO (Id_Empleado,Id_TipoDocumento,Id_Municipio,NumeroDoc_Empleado,PrimerNom_Empleado,SegundoNom_Empleado,PrimerApe_Empleado,SegundoApe_Empleado,Direccion_Empleado,NumeroCel_Empleado,Email_Empleado,estado_Empleado)
VALUES (43,1,486,844512391,'Lavinia','David','Rivera','Cantu','314 Amet Road',3148286502,'fermentum@magna.ca',0);
INSERT INTO TBL_EMPLEADO (Id_Empleado,Id_TipoDocumento,Id_Municipio,NumeroDoc_Empleado,PrimerNom_Empleado,SegundoNom_Empleado,PrimerApe_Empleado,SegundoApe_Empleado,Direccion_Empleado,NumeroCel_Empleado,Email_Empleado,estado_Empleado)
VALUES (44,1,496,10506543002,'Jared','Amity','Gray','Atkins','P.O. Box 105, 9817 Malesuada. Avenue',3178312227,'tellus.nunc@donec.ca',0);
INSERT INTO TBL_EMPLEADO (Id_Empleado,Id_TipoDocumento,Id_Municipio,NumeroDoc_Empleado,PrimerNom_Empleado,SegundoNom_Empleado,PrimerApe_Empleado,SegundoApe_Empleado,Direccion_Empleado,NumeroCel_Empleado,Email_Empleado,estado_Empleado)
VALUES (45,1,478,3078812966,'Kitra','Seth','Kent','Newton','437-2547 Imperdiet St.',3138077354,'venenatis.lacus.etiam@consequat.org',1);
INSERT INTO TBL_EMPLEADO (Id_Empleado,Id_TipoDocumento,Id_Municipio,NumeroDoc_Empleado,PrimerNom_Empleado,SegundoNom_Empleado,PrimerApe_Empleado,SegundoApe_Empleado,Direccion_Empleado,NumeroCel_Empleado,Email_Empleado,estado_Empleado)
VALUES (46,1,492,4313870911,'Samuel','Walter','Lawrence','Huffman','Ap #875-1229 Ullamcorper St.',3105412190,'eu.ligula.aenean@nibh.org',1);
INSERT INTO TBL_EMPLEADO (Id_Empleado,Id_TipoDocumento,Id_Municipio,NumeroDoc_Empleado,PrimerNom_Empleado,SegundoNom_Empleado,PrimerApe_Empleado,SegundoApe_Empleado,Direccion_Empleado,NumeroCel_Empleado,Email_Empleado,estado_Empleado)
VALUES (47,1,459,8180099263,'Octavius','Cara','Wood','Stuart','P.O. Box 745, 3707 Nisi St.',3152599478,'non.leo@ut.com',1);
INSERT INTO TBL_EMPLEADO (Id_Empleado,Id_TipoDocumento,Id_Municipio,NumeroDoc_Empleado,PrimerNom_Empleado,SegundoNom_Empleado,PrimerApe_Empleado,SegundoApe_Empleado,Direccion_Empleado,NumeroCel_Empleado,Email_Empleado,estado_Empleado)
VALUES (48,1,499,3091629403,'Olivia','Tara','Daugherty','Vazquez','538-3607 Adipiscing Street',3153948046,'et.malesuada@sem.org',1);
INSERT INTO TBL_EMPLEADO (Id_Empleado,Id_TipoDocumento,Id_Municipio,NumeroDoc_Empleado,PrimerNom_Empleado,SegundoNom_Empleado,PrimerApe_Empleado,SegundoApe_Empleado,Direccion_Empleado,NumeroCel_Empleado,Email_Empleado,estado_Empleado)
VALUES (49,1,492,8974511234,'Kiona','Mechelle','Hull','Walker','Ap #860-7750 Nullam Ave',3125165124,'bibendum.ullamcorper.duis@massainteger.org',1);
INSERT INTO TBL_EMPLEADO (Id_Empleado,Id_TipoDocumento,Id_Municipio,NumeroDoc_Empleado,PrimerNom_Empleado,SegundoNom_Empleado,PrimerApe_Empleado,SegundoApe_Empleado,Direccion_Empleado,NumeroCel_Empleado,Email_Empleado,estado_Empleado)
VALUES (50,1,461,2669643535,'Garth','Damon','Atkins','Hines','420-2880 Semper Street',3141744020,'donec.sollicitudin@risus.ca',1);
COMMIT;
-----
INSERT INTO CARCENTER.TBL_CLASE (ID_CLASE, DESC_CLASE, ESTADO_CLASE) VALUES ('1', 'AUTOMOVIL', '1');
INSERT INTO CARCENTER.TBL_CLASE (ID_CLASE, DESC_CLASE, ESTADO_CLASE) VALUES ('2', 'CAMIONETA', '1');
INSERT INTO CARCENTER.TBL_CLASE (ID_CLASE, DESC_CLASE, ESTADO_CLASE) VALUES ('3', 'CAMPERO', '1');
INSERT INTO CARCENTER.TBL_CLASE (ID_CLASE, DESC_CLASE, ESTADO_CLASE) VALUES ('4', 'MOTOCICLETA', '1');
COMMIT;
--------------
INSERT INTO CARCENTER.TBL_MARCA (ID_MARCA, DESC_MARCA, ESTADO_MARCA) VALUES ('1', 'CHEVORLET', '1');
INSERT INTO CARCENTER.TBL_MARCA (ID_MARCA, DESC_MARCA, ESTADO_MARCA) VALUES ('2', 'RENAULT', '1');
INSERT INTO CARCENTER.TBL_MARCA (ID_MARCA, DESC_MARCA, ESTADO_MARCA) VALUES ('3', 'AKT', '1');
INSERT INTO CARCENTER.TBL_MARCA (ID_MARCA, DESC_MARCA, ESTADO_MARCA) VALUES ('4', 'BMW', '1');
INSERT INTO CARCENTER.TBL_MARCA (ID_MARCA, DESC_MARCA, ESTADO_MARCA) VALUES ('5', 'AUDI', '1');
INSERT INTO CARCENTER.TBL_MARCA (ID_MARCA, DESC_MARCA, ESTADO_MARCA) VALUES ('6', 'KIA', '1');
INSERT INTO CARCENTER.TBL_MARCA (ID_MARCA, DESC_MARCA, ESTADO_MARCA) VALUES ('7', 'MITSUBISHI', '1');
INSERT INTO CARCENTER.TBL_MARCA (ID_MARCA, DESC_MARCA, ESTADO_MARCA) VALUES ('8', 'TOYOTA', '1');
INSERT INTO CARCENTER.TBL_MARCA (ID_MARCA, DESC_MARCA, ESTADO_MARCA) VALUES ('9', 'MERCEDES', '1');
COMMIT;
---------------
INSERT INTO CARCENTER.TBL_TIPOCOMBUSTIBLE (ID_TIPOCOMBUSTIBLE, DESC_TIPOCOMBUSTIBLE, ESTADO_TIPOCOMBUSTIBLE) VALUES ('1', 'ELECTRICO', '1');
INSERT INTO CARCENTER.TBL_TIPOCOMBUSTIBLE (ID_TIPOCOMBUSTIBLE, DESC_TIPOCOMBUSTIBLE, ESTADO_TIPOCOMBUSTIBLE) VALUES ('2', 'GASOLINA', '1');
INSERT INTO CARCENTER.TBL_TIPOCOMBUSTIBLE (ID_TIPOCOMBUSTIBLE, DESC_TIPOCOMBUSTIBLE, ESTADO_TIPOCOMBUSTIBLE) VALUES ('3', 'DIESEL', '1');
COMMIT;
---------------------
INSERT INTO TBL_VEHICULO (Id_Vehiculo,Id_Clase,Id_Marca,Id_TipoCombustible,Id_Cliente,Placa_Vehiculo,Color_Vehiculo,Cilindraje_Vehiculo,Modelo_Vehiculo)
VALUES (1,4,8,3,49,'MYH787','#ea2420',1639,1999);
INSERT INTO TBL_VEHICULO (Id_Vehiculo,Id_Clase,Id_Marca,Id_TipoCombustible,Id_Cliente,Placa_Vehiculo,Color_Vehiculo,Cilindraje_Vehiculo,Modelo_Vehiculo)
VALUES (2,1,8,2,6,'JTK002','#dd672c',1055,2016);
INSERT INTO TBL_VEHICULO (Id_Vehiculo,Id_Clase,Id_Marca,Id_TipoCombustible,Id_Cliente,Placa_Vehiculo,Color_Vehiculo,Cilindraje_Vehiculo,Modelo_Vehiculo)
VALUES (3,2,5,3,23,'HVG253','#2bdb8c',2070,2014);
INSERT INTO TBL_VEHICULO (Id_Vehiculo,Id_Clase,Id_Marca,Id_TipoCombustible,Id_Cliente,Placa_Vehiculo,Color_Vehiculo,Cilindraje_Vehiculo,Modelo_Vehiculo)
VALUES (4,2,5,2,47,'UXA134','#35b1f4',130,2014);
INSERT INTO TBL_VEHICULO (Id_Vehiculo,Id_Clase,Id_Marca,Id_TipoCombustible,Id_Cliente,Placa_Vehiculo,Color_Vehiculo,Cilindraje_Vehiculo,Modelo_Vehiculo)
VALUES (5,2,9,3,95,'DLD571','#a7bdef',1971,2004);
INSERT INTO TBL_VEHICULO (Id_Vehiculo,Id_Clase,Id_Marca,Id_TipoCombustible,Id_Cliente,Placa_Vehiculo,Color_Vehiculo,Cilindraje_Vehiculo,Modelo_Vehiculo)
VALUES (6,1,3,2,13,'QAL381','#96e4f2',1883,1999);
INSERT INTO TBL_VEHICULO (Id_Vehiculo,Id_Clase,Id_Marca,Id_TipoCombustible,Id_Cliente,Placa_Vehiculo,Color_Vehiculo,Cilindraje_Vehiculo,Modelo_Vehiculo)
VALUES (7,2,1,2,51,'KZF022','#f189f4',1435,2012);
INSERT INTO TBL_VEHICULO (Id_Vehiculo,Id_Clase,Id_Marca,Id_TipoCombustible,Id_Cliente,Placa_Vehiculo,Color_Vehiculo,Cilindraje_Vehiculo,Modelo_Vehiculo)
VALUES (8,2,4,1,6,'YLW042','#008413',909,2001);
INSERT INTO TBL_VEHICULO (Id_Vehiculo,Id_Clase,Id_Marca,Id_TipoCombustible,Id_Cliente,Placa_Vehiculo,Color_Vehiculo,Cilindraje_Vehiculo,Modelo_Vehiculo)
VALUES (9,3,7,2,18,'KHY305','#09c658',777,2000);
INSERT INTO TBL_VEHICULO (Id_Vehiculo,Id_Clase,Id_Marca,Id_TipoCombustible,Id_Cliente,Placa_Vehiculo,Color_Vehiculo,Cilindraje_Vehiculo,Modelo_Vehiculo)
VALUES (10,2,8,2,68,'VNE845','#22ad4c',1142,2013);
INSERT INTO TBL_VEHICULO (Id_Vehiculo,Id_Clase,Id_Marca,Id_TipoCombustible,Id_Cliente,Placa_Vehiculo,Color_Vehiculo,Cilindraje_Vehiculo,Modelo_Vehiculo)
VALUES (11,3,9,2,64,'AFX288','#727ccc',1773,2016);
INSERT INTO TBL_VEHICULO (Id_Vehiculo,Id_Clase,Id_Marca,Id_TipoCombustible,Id_Cliente,Placa_Vehiculo,Color_Vehiculo,Cilindraje_Vehiculo,Modelo_Vehiculo)
VALUES (12,3,6,1,18,'XBY066','#3bf73b',1894,2018);
INSERT INTO TBL_VEHICULO (Id_Vehiculo,Id_Clase,Id_Marca,Id_TipoCombustible,Id_Cliente,Placa_Vehiculo,Color_Vehiculo,Cilindraje_Vehiculo,Modelo_Vehiculo)
VALUES (13,2,5,2,41,'XQL816','#0fdd76',704,2009);
INSERT INTO TBL_VEHICULO (Id_Vehiculo,Id_Clase,Id_Marca,Id_TipoCombustible,Id_Cliente,Placa_Vehiculo,Color_Vehiculo,Cilindraje_Vehiculo,Modelo_Vehiculo)
VALUES (14,4,5,1,8,'CPC452','#b3d6f9',1458,2001);
INSERT INTO TBL_VEHICULO (Id_Vehiculo,Id_Clase,Id_Marca,Id_TipoCombustible,Id_Cliente,Placa_Vehiculo,Color_Vehiculo,Cilindraje_Vehiculo,Modelo_Vehiculo)
VALUES (15,4,1,1,80,'DDJ676','#33eac6',654,2008);
INSERT INTO TBL_VEHICULO (Id_Vehiculo,Id_Clase,Id_Marca,Id_TipoCombustible,Id_Cliente,Placa_Vehiculo,Color_Vehiculo,Cilindraje_Vehiculo,Modelo_Vehiculo)
VALUES (16,3,3,3,93,'RGI423','#db0a9c',1871,2005);
INSERT INTO TBL_VEHICULO (Id_Vehiculo,Id_Clase,Id_Marca,Id_TipoCombustible,Id_Cliente,Placa_Vehiculo,Color_Vehiculo,Cilindraje_Vehiculo,Modelo_Vehiculo)
VALUES (17,3,5,2,40,'SVR040','#2ffc28',1068,2002);
INSERT INTO TBL_VEHICULO (Id_Vehiculo,Id_Clase,Id_Marca,Id_TipoCombustible,Id_Cliente,Placa_Vehiculo,Color_Vehiculo,Cilindraje_Vehiculo,Modelo_Vehiculo)
VALUES (18,3,9,2,12,'WBO887','#39f9c6',2018,1997);
INSERT INTO TBL_VEHICULO (Id_Vehiculo,Id_Clase,Id_Marca,Id_TipoCombustible,Id_Cliente,Placa_Vehiculo,Color_Vehiculo,Cilindraje_Vehiculo,Modelo_Vehiculo)
VALUES (19,3,4,2,55,'SGN758','#8089d6',2197,1996);
INSERT INTO TBL_VEHICULO (Id_Vehiculo,Id_Clase,Id_Marca,Id_TipoCombustible,Id_Cliente,Placa_Vehiculo,Color_Vehiculo,Cilindraje_Vehiculo,Modelo_Vehiculo)
VALUES (20,4,6,2,62,'BGD375','#a338f4',299,2013);
INSERT INTO TBL_VEHICULO (Id_Vehiculo,Id_Clase,Id_Marca,Id_TipoCombustible,Id_Cliente,Placa_Vehiculo,Color_Vehiculo,Cilindraje_Vehiculo,Modelo_Vehiculo)
VALUES (21,2,2,1,14,'EFB570','#6fedd8',1236,2011);
INSERT INTO TBL_VEHICULO (Id_Vehiculo,Id_Clase,Id_Marca,Id_TipoCombustible,Id_Cliente,Placa_Vehiculo,Color_Vehiculo,Cilindraje_Vehiculo,Modelo_Vehiculo)
VALUES (22,1,5,2,47,'JSF874','#a3f7b6',2231,1997);
INSERT INTO TBL_VEHICULO (Id_Vehiculo,Id_Clase,Id_Marca,Id_TipoCombustible,Id_Cliente,Placa_Vehiculo,Color_Vehiculo,Cilindraje_Vehiculo,Modelo_Vehiculo)
VALUES (23,3,9,3,79,'HQH620','#beabea',1923,2004);
INSERT INTO TBL_VEHICULO (Id_Vehiculo,Id_Clase,Id_Marca,Id_TipoCombustible,Id_Cliente,Placa_Vehiculo,Color_Vehiculo,Cilindraje_Vehiculo,Modelo_Vehiculo)
VALUES (24,3,7,2,61,'WQU733','#bdb1ed',137,2002);
INSERT INTO TBL_VEHICULO (Id_Vehiculo,Id_Clase,Id_Marca,Id_TipoCombustible,Id_Cliente,Placa_Vehiculo,Color_Vehiculo,Cilindraje_Vehiculo,Modelo_Vehiculo)
VALUES (25,2,9,2,9,'JYT240','#9360c9',2279,2013);
INSERT INTO TBL_VEHICULO (Id_Vehiculo,Id_Clase,Id_Marca,Id_TipoCombustible,Id_Cliente,Placa_Vehiculo,Color_Vehiculo,Cilindraje_Vehiculo,Modelo_Vehiculo)
VALUES (26,3,1,3,38,'WBC323','#0eb5f2',1791,1998);
INSERT INTO TBL_VEHICULO (Id_Vehiculo,Id_Clase,Id_Marca,Id_TipoCombustible,Id_Cliente,Placa_Vehiculo,Color_Vehiculo,Cilindraje_Vehiculo,Modelo_Vehiculo)
VALUES (27,3,2,2,4,'TLE777','#fcffbc',486,2003);
INSERT INTO TBL_VEHICULO (Id_Vehiculo,Id_Clase,Id_Marca,Id_TipoCombustible,Id_Cliente,Placa_Vehiculo,Color_Vehiculo,Cilindraje_Vehiculo,Modelo_Vehiculo)
VALUES (28,2,7,2,10,'RKS634','#292ec4',1637,1998);
INSERT INTO TBL_VEHICULO (Id_Vehiculo,Id_Clase,Id_Marca,Id_TipoCombustible,Id_Cliente,Placa_Vehiculo,Color_Vehiculo,Cilindraje_Vehiculo,Modelo_Vehiculo)
VALUES (29,4,2,3,81,'NIM176','#371393',1570,2015);
INSERT INTO TBL_VEHICULO (Id_Vehiculo,Id_Clase,Id_Marca,Id_TipoCombustible,Id_Cliente,Placa_Vehiculo,Color_Vehiculo,Cilindraje_Vehiculo,Modelo_Vehiculo)
VALUES (30,2,4,2,20,'DGK768','#e0708a',1622,2007);
INSERT INTO TBL_VEHICULO (Id_Vehiculo,Id_Clase,Id_Marca,Id_TipoCombustible,Id_Cliente,Placa_Vehiculo,Color_Vehiculo,Cilindraje_Vehiculo,Modelo_Vehiculo)
VALUES (31,3,4,1,85,'BFF575','#4a74c9',1701,2007);
INSERT INTO TBL_VEHICULO (Id_Vehiculo,Id_Clase,Id_Marca,Id_TipoCombustible,Id_Cliente,Placa_Vehiculo,Color_Vehiculo,Cilindraje_Vehiculo,Modelo_Vehiculo)
VALUES (32,3,5,3,35,'WTK128','#6fe8a1',712,2014);
INSERT INTO TBL_VEHICULO (Id_Vehiculo,Id_Clase,Id_Marca,Id_TipoCombustible,Id_Cliente,Placa_Vehiculo,Color_Vehiculo,Cilindraje_Vehiculo,Modelo_Vehiculo)
VALUES (33,4,2,3,29,'LCR528','#92fcd2',1407,2011);
INSERT INTO TBL_VEHICULO (Id_Vehiculo,Id_Clase,Id_Marca,Id_TipoCombustible,Id_Cliente,Placa_Vehiculo,Color_Vehiculo,Cilindraje_Vehiculo,Modelo_Vehiculo)
VALUES (34,2,8,3,2,'WQO174','#5ff4e3',738,2017);
INSERT INTO TBL_VEHICULO (Id_Vehiculo,Id_Clase,Id_Marca,Id_TipoCombustible,Id_Cliente,Placa_Vehiculo,Color_Vehiculo,Cilindraje_Vehiculo,Modelo_Vehiculo)
VALUES (35,1,2,1,68,'ELJ551','#f2a863',2047,2009);
INSERT INTO TBL_VEHICULO (Id_Vehiculo,Id_Clase,Id_Marca,Id_TipoCombustible,Id_Cliente,Placa_Vehiculo,Color_Vehiculo,Cilindraje_Vehiculo,Modelo_Vehiculo)
VALUES (36,1,7,3,8,'NLP354','#c7a5ff',2007,2016);
INSERT INTO TBL_VEHICULO (Id_Vehiculo,Id_Clase,Id_Marca,Id_TipoCombustible,Id_Cliente,Placa_Vehiculo,Color_Vehiculo,Cilindraje_Vehiculo,Modelo_Vehiculo)
VALUES (37,1,6,3,82,'SYM298','#193daa',2155,2006);
INSERT INTO TBL_VEHICULO (Id_Vehiculo,Id_Clase,Id_Marca,Id_TipoCombustible,Id_Cliente,Placa_Vehiculo,Color_Vehiculo,Cilindraje_Vehiculo,Modelo_Vehiculo)
VALUES (38,1,6,2,2,'QLH587','#d36376',339,2000);
INSERT INTO TBL_VEHICULO (Id_Vehiculo,Id_Clase,Id_Marca,Id_TipoCombustible,Id_Cliente,Placa_Vehiculo,Color_Vehiculo,Cilindraje_Vehiculo,Modelo_Vehiculo)
VALUES (39,2,8,2,84,'FIS440','#9eb2e2',524,2020);
INSERT INTO TBL_VEHICULO (Id_Vehiculo,Id_Clase,Id_Marca,Id_TipoCombustible,Id_Cliente,Placa_Vehiculo,Color_Vehiculo,Cilindraje_Vehiculo,Modelo_Vehiculo)
VALUES (40,2,7,1,88,'GHN883','#db6294',1602,2000);
INSERT INTO TBL_VEHICULO (Id_Vehiculo,Id_Clase,Id_Marca,Id_TipoCombustible,Id_Cliente,Placa_Vehiculo,Color_Vehiculo,Cilindraje_Vehiculo,Modelo_Vehiculo)
VALUES (41,2,6,2,89,'UVK575','#b3baf2',224,1998);
INSERT INTO TBL_VEHICULO (Id_Vehiculo,Id_Clase,Id_Marca,Id_TipoCombustible,Id_Cliente,Placa_Vehiculo,Color_Vehiculo,Cilindraje_Vehiculo,Modelo_Vehiculo)
VALUES (42,3,3,2,6,'SUU552','#a4b7f9',2179,1996);
INSERT INTO TBL_VEHICULO (Id_Vehiculo,Id_Clase,Id_Marca,Id_TipoCombustible,Id_Cliente,Placa_Vehiculo,Color_Vehiculo,Cilindraje_Vehiculo,Modelo_Vehiculo)
VALUES (43,3,8,2,76,'MRC679','#976ed8',2057,1996);
INSERT INTO TBL_VEHICULO (Id_Vehiculo,Id_Clase,Id_Marca,Id_TipoCombustible,Id_Cliente,Placa_Vehiculo,Color_Vehiculo,Cilindraje_Vehiculo,Modelo_Vehiculo)
VALUES (44,3,2,1,6,'LEO419','#f29b10',359,2011);
INSERT INTO TBL_VEHICULO (Id_Vehiculo,Id_Clase,Id_Marca,Id_TipoCombustible,Id_Cliente,Placa_Vehiculo,Color_Vehiculo,Cilindraje_Vehiculo,Modelo_Vehiculo)
VALUES (45,2,8,3,3,'CPQ581','#506ded',336,2014);
INSERT INTO TBL_VEHICULO (Id_Vehiculo,Id_Clase,Id_Marca,Id_TipoCombustible,Id_Cliente,Placa_Vehiculo,Color_Vehiculo,Cilindraje_Vehiculo,Modelo_Vehiculo)
VALUES (46,3,4,1,50,'EQG068','#439100',2181,1997);
INSERT INTO TBL_VEHICULO (Id_Vehiculo,Id_Clase,Id_Marca,Id_TipoCombustible,Id_Cliente,Placa_Vehiculo,Color_Vehiculo,Cilindraje_Vehiculo,Modelo_Vehiculo)
VALUES (47,2,4,3,7,'GNC896','#7e4bf4',2496,1996);
INSERT INTO TBL_VEHICULO (Id_Vehiculo,Id_Clase,Id_Marca,Id_TipoCombustible,Id_Cliente,Placa_Vehiculo,Color_Vehiculo,Cilindraje_Vehiculo,Modelo_Vehiculo)
VALUES (48,3,7,2,39,'DOF370','#81bbf9',486,2014);
INSERT INTO TBL_VEHICULO (Id_Vehiculo,Id_Clase,Id_Marca,Id_TipoCombustible,Id_Cliente,Placa_Vehiculo,Color_Vehiculo,Cilindraje_Vehiculo,Modelo_Vehiculo)
VALUES (49,3,8,1,62,'XVB132','#e20683',657,2004);
INSERT INTO TBL_VEHICULO (Id_Vehiculo,Id_Clase,Id_Marca,Id_TipoCombustible,Id_Cliente,Placa_Vehiculo,Color_Vehiculo,Cilindraje_Vehiculo,Modelo_Vehiculo)
VALUES (50,1,8,3,38,'FGY551','#cd97ef',1372,2018);
COMMIT;
-----------------------
INSERT INTO CARCENTER.TBL_ESTADOFACTURA (ID_ESTADOFACTURA, DESC_ESTADOFACTURA, ESTADO_ESTADOFACTURA) VALUES ('1', 'GENERADA', '1');
INSERT INTO CARCENTER.TBL_ESTADOFACTURA (ID_ESTADOFACTURA, DESC_ESTADOFACTURA, ESTADO_ESTADOFACTURA) VALUES ('2', 'ANULADA', '1');
INSERT INTO CARCENTER.TBL_ESTADOFACTURA (ID_ESTADOFACTURA, DESC_ESTADOFACTURA, ESTADO_ESTADOFACTURA) VALUES ('3', 'CANCELADA', '1');
COMMIT;
--------------------
INSERT INTO CARCENTER.TBL_ESTADOMANTENIMIENTO (ID_ESTADOMANTENIMIENTO, DESC_ESTADOMANTENIMIENTO, ESTADO_ESTADOMANTENIMIENTO) VALUES ('1', 'PROGRAMADO', '1');
INSERT INTO CARCENTER.TBL_ESTADOMANTENIMIENTO (ID_ESTADOMANTENIMIENTO, DESC_ESTADOMANTENIMIENTO, ESTADO_ESTADOMANTENIMIENTO) VALUES ('2', 'EN EJECUCION', '1');
INSERT INTO CARCENTER.TBL_ESTADOMANTENIMIENTO (ID_ESTADOMANTENIMIENTO, DESC_ESTADOMANTENIMIENTO, ESTADO_ESTADOMANTENIMIENTO) VALUES ('3', 'TERMINADO', '1');
INSERT INTO CARCENTER.TBL_ESTADOMANTENIMIENTO (ID_ESTADOMANTENIMIENTO, DESC_ESTADOMANTENIMIENTO, ESTADO_ESTADOMANTENIMIENTO) VALUES ('4', 'CANCELADO', '1');
COMMIT;
--------------------
INSERT INTO CARCENTER.TBL_MEDIOPAGO (ID_MEDIOPAGO, DESC_MEDIOPAGO, ESTADO_MEDIOPAGO) VALUES ('1', 'EFECTIVO', '1');
INSERT INTO CARCENTER.TBL_MEDIOPAGO (ID_MEDIOPAGO, DESC_MEDIOPAGO, ESTADO_MEDIOPAGO) VALUES ('2', 'CHEQUE', '1');
INSERT INTO CARCENTER.TBL_MEDIOPAGO (ID_MEDIOPAGO, DESC_MEDIOPAGO, ESTADO_MEDIOPAGO) VALUES ('3', 'TARJETA DEBITO', '1');
INSERT INTO CARCENTER.TBL_MEDIOPAGO (ID_MEDIOPAGO, DESC_MEDIOPAGO, ESTADO_MEDIOPAGO) VALUES ('4', 'TARJETA CREDITO', '1');
COMMIT;
--------------------
INSERT INTO CARCENTER.TBL_ZONA (ID_ZONA, NOMBRE_ZONA, ESTADO_ZONA) VALUES ('1', 'CENTRO', '1');
INSERT INTO CARCENTER.TBL_ZONA (ID_ZONA, NOMBRE_ZONA, ESTADO_ZONA) VALUES ('2', 'NORTE', '1');
INSERT INTO CARCENTER.TBL_ZONA (ID_ZONA, NOMBRE_ZONA, ESTADO_ZONA) VALUES ('3', 'SUR', '1');
COMMIT;
--------------------
INSERT INTO CARCENTER.TBL_SUCURSAL (ID_SUCURSAL, ID_ZONA, ID_MUNICIPIO, NOMBRE_SUCURSAL, DIRECCION_SUCURSAL, ESTADO_SUCURSAL) VALUES ('1', '1', '500', 'PLAZA IMPERIAL', 'CRA58 A #102-30', '1');
INSERT INTO CARCENTER.TBL_SUCURSAL (ID_SUCURSAL, ID_ZONA, ID_MUNICIPIO, NOMBRE_SUCURSAL, DIRECCION_SUCURSAL, ESTADO_SUCURSAL) VALUES ('2', '1', '500', 'CC EL PASEO', 'CALLE 25 #13A-29', '1');
INSERT INTO CARCENTER.TBL_SUCURSAL (ID_SUCURSAL, ID_ZONA, ID_MUNICIPIO, NOMBRE_SUCURSAL, DIRECCION_SUCURSAL, ESTADO_SUCURSAL) VALUES ('3', '2', '600', 'CC EL CASTILLO', 'CRA 9 #57-98', '1');
INSERT INTO CARCENTER.TBL_SUCURSAL (ID_SUCURSAL, ID_ZONA, ID_MUNICIPIO, NOMBRE_SUCURSAL, DIRECCION_SUCURSAL, ESTADO_SUCURSAL) VALUES ('4', '2', '600', 'EL CARMEN', 'CRA 6 #30-55', '1');
COMMIT;

---------------------
INSERT INTO CARCENTER.TBL_TIPOPRODUCTO (ID_TIPOPRODUCTO, DESC_TIPOPRODUCTO, ESTADO_TIPOPRODUCTO) VALUES ('1', 'SERVICIOS', '1');
INSERT INTO CARCENTER.TBL_TIPOPRODUCTO (ID_TIPOPRODUCTO, DESC_TIPOPRODUCTO, ESTADO_TIPOPRODUCTO) VALUES ('2', 'ELECTRICOS', '1');
INSERT INTO CARCENTER.TBL_TIPOPRODUCTO (ID_TIPOPRODUCTO, DESC_TIPOPRODUCTO, ESTADO_TIPOPRODUCTO) VALUES ('3', 'REFACCIONES', '1');
INSERT INTO CARCENTER.TBL_TIPOPRODUCTO (ID_TIPOPRODUCTO, DESC_TIPOPRODUCTO, ESTADO_TIPOPRODUCTO) VALUES ('4', 'INYECCION', '1');
INSERT INTO CARCENTER.TBL_TIPOPRODUCTO (ID_TIPOPRODUCTO, DESC_TIPOPRODUCTO, ESTADO_TIPOPRODUCTO) VALUES ('5', 'AMORTIGUACION', '1');
INSERT INTO CARCENTER.TBL_TIPOPRODUCTO (ID_TIPOPRODUCTO, DESC_TIPOPRODUCTO, ESTADO_TIPOPRODUCTO) VALUES ('6', 'PINTURAS', '1');
COMMIT;
------------------------------
Insert into CARCENTER.TBL_PRODUCTO (ID_PRODUCTO,ID_TIPOPRODUCTO,NOMBRE_PRODUCTO,COSTO_PRODUCTO,PRECIO_PRODUCTO,PORCIVA_PRODUCTO,OBSERVACIONES,ESTADO_PRODUCTO) values ('1','4','Pede Cras Institute','3971883','4964853,75','0',null,'1');
Insert into CARCENTER.TBL_PRODUCTO (ID_PRODUCTO,ID_TIPOPRODUCTO,NOMBRE_PRODUCTO,COSTO_PRODUCTO,PRECIO_PRODUCTO,PORCIVA_PRODUCTO,OBSERVACIONES,ESTADO_PRODUCTO) values ('2','3','Quisque Limited','6754654','8443317,5','19',null,'0');
Insert into CARCENTER.TBL_PRODUCTO (ID_PRODUCTO,ID_TIPOPRODUCTO,NOMBRE_PRODUCTO,COSTO_PRODUCTO,PRECIO_PRODUCTO,PORCIVA_PRODUCTO,OBSERVACIONES,ESTADO_PRODUCTO) values ('3','2','Dolor Quam LLP','2677843','3347303,75','5',null,'0');
Insert into CARCENTER.TBL_PRODUCTO (ID_PRODUCTO,ID_TIPOPRODUCTO,NOMBRE_PRODUCTO,COSTO_PRODUCTO,PRECIO_PRODUCTO,PORCIVA_PRODUCTO,OBSERVACIONES,ESTADO_PRODUCTO) values ('4','1','Placerat Consulting','759691','949613,75','5',null,'1');
Insert into CARCENTER.TBL_PRODUCTO (ID_PRODUCTO,ID_TIPOPRODUCTO,NOMBRE_PRODUCTO,COSTO_PRODUCTO,PRECIO_PRODUCTO,PORCIVA_PRODUCTO,OBSERVACIONES,ESTADO_PRODUCTO) values ('5','6','Enim Corporation','4590312','5737890','5',null,'0');
Insert into CARCENTER.TBL_PRODUCTO (ID_PRODUCTO,ID_TIPOPRODUCTO,NOMBRE_PRODUCTO,COSTO_PRODUCTO,PRECIO_PRODUCTO,PORCIVA_PRODUCTO,OBSERVACIONES,ESTADO_PRODUCTO) values ('6','3','Sapien Cras Foundation','5462302','6827877,5','5',null,'0');
Insert into CARCENTER.TBL_PRODUCTO (ID_PRODUCTO,ID_TIPOPRODUCTO,NOMBRE_PRODUCTO,COSTO_PRODUCTO,PRECIO_PRODUCTO,PORCIVA_PRODUCTO,OBSERVACIONES,ESTADO_PRODUCTO) values ('7','2','Dictum Proin Inc.','1536698','1920872,5','5',null,'0');
Insert into CARCENTER.TBL_PRODUCTO (ID_PRODUCTO,ID_TIPOPRODUCTO,NOMBRE_PRODUCTO,COSTO_PRODUCTO,PRECIO_PRODUCTO,PORCIVA_PRODUCTO,OBSERVACIONES,ESTADO_PRODUCTO) values ('8','2','Vestibulum Neque PC','3501801','4377251,25','5',null,'1');
Insert into CARCENTER.TBL_PRODUCTO (ID_PRODUCTO,ID_TIPOPRODUCTO,NOMBRE_PRODUCTO,COSTO_PRODUCTO,PRECIO_PRODUCTO,PORCIVA_PRODUCTO,OBSERVACIONES,ESTADO_PRODUCTO) values ('9','3','Erat Neque Non Incorporated','1037416','1296770','0',null,'0');
Insert into CARCENTER.TBL_PRODUCTO (ID_PRODUCTO,ID_TIPOPRODUCTO,NOMBRE_PRODUCTO,COSTO_PRODUCTO,PRECIO_PRODUCTO,PORCIVA_PRODUCTO,OBSERVACIONES,ESTADO_PRODUCTO) values ('10','2','Sit Corporation','5368568','6710710','5',null,'1');
Insert into CARCENTER.TBL_PRODUCTO (ID_PRODUCTO,ID_TIPOPRODUCTO,NOMBRE_PRODUCTO,COSTO_PRODUCTO,PRECIO_PRODUCTO,PORCIVA_PRODUCTO,OBSERVACIONES,ESTADO_PRODUCTO) values ('11','4','Eget Dictum Placerat PC','548390','685487,5','5',null,'0');
Insert into CARCENTER.TBL_PRODUCTO (ID_PRODUCTO,ID_TIPOPRODUCTO,NOMBRE_PRODUCTO,COSTO_PRODUCTO,PRECIO_PRODUCTO,PORCIVA_PRODUCTO,OBSERVACIONES,ESTADO_PRODUCTO) values ('12','2','Quis Urna Associates','5039048','6298810','5',null,'1');
Insert into CARCENTER.TBL_PRODUCTO (ID_PRODUCTO,ID_TIPOPRODUCTO,NOMBRE_PRODUCTO,COSTO_PRODUCTO,PRECIO_PRODUCTO,PORCIVA_PRODUCTO,OBSERVACIONES,ESTADO_PRODUCTO) values ('13','4','Augue Eu Tellus PC','134283','167853,75','5',null,'1');
Insert into CARCENTER.TBL_PRODUCTO (ID_PRODUCTO,ID_TIPOPRODUCTO,NOMBRE_PRODUCTO,COSTO_PRODUCTO,PRECIO_PRODUCTO,PORCIVA_PRODUCTO,OBSERVACIONES,ESTADO_PRODUCTO) values ('14','4','Et Pede Nunc Incorporated','2772601','3465751,25','5',null,'0');
Insert into CARCENTER.TBL_PRODUCTO (ID_PRODUCTO,ID_TIPOPRODUCTO,NOMBRE_PRODUCTO,COSTO_PRODUCTO,PRECIO_PRODUCTO,PORCIVA_PRODUCTO,OBSERVACIONES,ESTADO_PRODUCTO) values ('15','6','Et Tristique Pellentesque Consulting','4975405','6219256,25','5',null,'0');
Insert into CARCENTER.TBL_PRODUCTO (ID_PRODUCTO,ID_TIPOPRODUCTO,NOMBRE_PRODUCTO,COSTO_PRODUCTO,PRECIO_PRODUCTO,PORCIVA_PRODUCTO,OBSERVACIONES,ESTADO_PRODUCTO) values ('16','4','Faucibus Id Libero Corp.','7293421','9116776,25','5',null,'0');
Insert into CARCENTER.TBL_PRODUCTO (ID_PRODUCTO,ID_TIPOPRODUCTO,NOMBRE_PRODUCTO,COSTO_PRODUCTO,PRECIO_PRODUCTO,PORCIVA_PRODUCTO,OBSERVACIONES,ESTADO_PRODUCTO) values ('17','2','Dis Parturient Inc.','7951426','9939282,5','19',null,'1');
Insert into CARCENTER.TBL_PRODUCTO (ID_PRODUCTO,ID_TIPOPRODUCTO,NOMBRE_PRODUCTO,COSTO_PRODUCTO,PRECIO_PRODUCTO,PORCIVA_PRODUCTO,OBSERVACIONES,ESTADO_PRODUCTO) values ('18','5','Sociis Corp.','5370399','6712998,75','0',null,'1');
Insert into CARCENTER.TBL_PRODUCTO (ID_PRODUCTO,ID_TIPOPRODUCTO,NOMBRE_PRODUCTO,COSTO_PRODUCTO,PRECIO_PRODUCTO,PORCIVA_PRODUCTO,OBSERVACIONES,ESTADO_PRODUCTO) values ('19','4','Vel Arcu Corporation','6225122','7781402,5','19',null,'0');
Insert into CARCENTER.TBL_PRODUCTO (ID_PRODUCTO,ID_TIPOPRODUCTO,NOMBRE_PRODUCTO,COSTO_PRODUCTO,PRECIO_PRODUCTO,PORCIVA_PRODUCTO,OBSERVACIONES,ESTADO_PRODUCTO) values ('20','5','Amet Dapibus Ltd','6752414','8440517,5','5',null,'1');
Insert into CARCENTER.TBL_PRODUCTO (ID_PRODUCTO,ID_TIPOPRODUCTO,NOMBRE_PRODUCTO,COSTO_PRODUCTO,PRECIO_PRODUCTO,PORCIVA_PRODUCTO,OBSERVACIONES,ESTADO_PRODUCTO) values ('21','2','Nisi Mauris Corporation','3899881','4874851,25','0',null,'1');
Insert into CARCENTER.TBL_PRODUCTO (ID_PRODUCTO,ID_TIPOPRODUCTO,NOMBRE_PRODUCTO,COSTO_PRODUCTO,PRECIO_PRODUCTO,PORCIVA_PRODUCTO,OBSERVACIONES,ESTADO_PRODUCTO) values ('22','1','At Risus Industries','7071601','8839501,25','19',null,'1');
Insert into CARCENTER.TBL_PRODUCTO (ID_PRODUCTO,ID_TIPOPRODUCTO,NOMBRE_PRODUCTO,COSTO_PRODUCTO,PRECIO_PRODUCTO,PORCIVA_PRODUCTO,OBSERVACIONES,ESTADO_PRODUCTO) values ('23','4','Turpis Nulla Corporation','406057','507571,25','19',null,'0');
Insert into CARCENTER.TBL_PRODUCTO (ID_PRODUCTO,ID_TIPOPRODUCTO,NOMBRE_PRODUCTO,COSTO_PRODUCTO,PRECIO_PRODUCTO,PORCIVA_PRODUCTO,OBSERVACIONES,ESTADO_PRODUCTO) values ('24','5','Lobortis Corporation','4980429','6225536,25','19',null,'0');
Insert into CARCENTER.TBL_PRODUCTO (ID_PRODUCTO,ID_TIPOPRODUCTO,NOMBRE_PRODUCTO,COSTO_PRODUCTO,PRECIO_PRODUCTO,PORCIVA_PRODUCTO,OBSERVACIONES,ESTADO_PRODUCTO) values ('25','1','Lobortis Associates','4231258','5289072,5','0',null,'1');
Insert into CARCENTER.TBL_PRODUCTO (ID_PRODUCTO,ID_TIPOPRODUCTO,NOMBRE_PRODUCTO,COSTO_PRODUCTO,PRECIO_PRODUCTO,PORCIVA_PRODUCTO,OBSERVACIONES,ESTADO_PRODUCTO) values ('26','3','Pede Praesent Associates','6973095','8716368,75','0',null,'1');
Insert into CARCENTER.TBL_PRODUCTO (ID_PRODUCTO,ID_TIPOPRODUCTO,NOMBRE_PRODUCTO,COSTO_PRODUCTO,PRECIO_PRODUCTO,PORCIVA_PRODUCTO,OBSERVACIONES,ESTADO_PRODUCTO) values ('27','5','Integer Eu Foundation','4903260','6129075','0',null,'0');
Insert into CARCENTER.TBL_PRODUCTO (ID_PRODUCTO,ID_TIPOPRODUCTO,NOMBRE_PRODUCTO,COSTO_PRODUCTO,PRECIO_PRODUCTO,PORCIVA_PRODUCTO,OBSERVACIONES,ESTADO_PRODUCTO) values ('28','5','Elit Company','6348629','7935786,25','0',null,'1');
Insert into CARCENTER.TBL_PRODUCTO (ID_PRODUCTO,ID_TIPOPRODUCTO,NOMBRE_PRODUCTO,COSTO_PRODUCTO,PRECIO_PRODUCTO,PORCIVA_PRODUCTO,OBSERVACIONES,ESTADO_PRODUCTO) values ('29','3','Scelerisque Neque Sed Inc.','4640430','5800537,5','5',null,'1');
Insert into CARCENTER.TBL_PRODUCTO (ID_PRODUCTO,ID_TIPOPRODUCTO,NOMBRE_PRODUCTO,COSTO_PRODUCTO,PRECIO_PRODUCTO,PORCIVA_PRODUCTO,OBSERVACIONES,ESTADO_PRODUCTO) values ('30','3','Sem Molestie Incorporated','5397739','6747173,75','0',null,'1');
Insert into CARCENTER.TBL_PRODUCTO (ID_PRODUCTO,ID_TIPOPRODUCTO,NOMBRE_PRODUCTO,COSTO_PRODUCTO,PRECIO_PRODUCTO,PORCIVA_PRODUCTO,OBSERVACIONES,ESTADO_PRODUCTO) values ('31','6','Ligula Eu Enim LLC','2640926','3301157,5','19',null,'0');
Insert into CARCENTER.TBL_PRODUCTO (ID_PRODUCTO,ID_TIPOPRODUCTO,NOMBRE_PRODUCTO,COSTO_PRODUCTO,PRECIO_PRODUCTO,PORCIVA_PRODUCTO,OBSERVACIONES,ESTADO_PRODUCTO) values ('32','3','Nisi Corporation','3172983','3966228,75','5',null,'1');
Insert into CARCENTER.TBL_PRODUCTO (ID_PRODUCTO,ID_TIPOPRODUCTO,NOMBRE_PRODUCTO,COSTO_PRODUCTO,PRECIO_PRODUCTO,PORCIVA_PRODUCTO,OBSERVACIONES,ESTADO_PRODUCTO) values ('33','4','Placerat Ltd','3752913','4691141,25','5',null,'1');
Insert into CARCENTER.TBL_PRODUCTO (ID_PRODUCTO,ID_TIPOPRODUCTO,NOMBRE_PRODUCTO,COSTO_PRODUCTO,PRECIO_PRODUCTO,PORCIVA_PRODUCTO,OBSERVACIONES,ESTADO_PRODUCTO) values ('34','2','A Scelerisque Foundation','4860591','6075738,75','5',null,'0');
Insert into CARCENTER.TBL_PRODUCTO (ID_PRODUCTO,ID_TIPOPRODUCTO,NOMBRE_PRODUCTO,COSTO_PRODUCTO,PRECIO_PRODUCTO,PORCIVA_PRODUCTO,OBSERVACIONES,ESTADO_PRODUCTO) values ('35','1','Tempor Arcu LLP','7362847','9203558,75','19',null,'1');
Insert into CARCENTER.TBL_PRODUCTO (ID_PRODUCTO,ID_TIPOPRODUCTO,NOMBRE_PRODUCTO,COSTO_PRODUCTO,PRECIO_PRODUCTO,PORCIVA_PRODUCTO,OBSERVACIONES,ESTADO_PRODUCTO) values ('36','4','Sed Libero Associates','4345105','5431381,25','5',null,'0');
Insert into CARCENTER.TBL_PRODUCTO (ID_PRODUCTO,ID_TIPOPRODUCTO,NOMBRE_PRODUCTO,COSTO_PRODUCTO,PRECIO_PRODUCTO,PORCIVA_PRODUCTO,OBSERVACIONES,ESTADO_PRODUCTO) values ('37','3','Tincidunt Tempus Institute','1750030','2187537,5','0',null,'0');
Insert into CARCENTER.TBL_PRODUCTO (ID_PRODUCTO,ID_TIPOPRODUCTO,NOMBRE_PRODUCTO,COSTO_PRODUCTO,PRECIO_PRODUCTO,PORCIVA_PRODUCTO,OBSERVACIONES,ESTADO_PRODUCTO) values ('38','6','Scelerisque Dui Suspendisse Inc.','6908179','8635223,75','0',null,'0');
Insert into CARCENTER.TBL_PRODUCTO (ID_PRODUCTO,ID_TIPOPRODUCTO,NOMBRE_PRODUCTO,COSTO_PRODUCTO,PRECIO_PRODUCTO,PORCIVA_PRODUCTO,OBSERVACIONES,ESTADO_PRODUCTO) values ('39','1','Placerat Cras Limited','2213572','2766965','19',null,'0');
Insert into CARCENTER.TBL_PRODUCTO (ID_PRODUCTO,ID_TIPOPRODUCTO,NOMBRE_PRODUCTO,COSTO_PRODUCTO,PRECIO_PRODUCTO,PORCIVA_PRODUCTO,OBSERVACIONES,ESTADO_PRODUCTO) values ('40','2','Viverra Maecenas Incorporated','6519114','8148892,5','0',null,'1');
Insert into CARCENTER.TBL_PRODUCTO (ID_PRODUCTO,ID_TIPOPRODUCTO,NOMBRE_PRODUCTO,COSTO_PRODUCTO,PRECIO_PRODUCTO,PORCIVA_PRODUCTO,OBSERVACIONES,ESTADO_PRODUCTO) values ('41','3','Urna Nunc Industries','6894165','8617706,25','19',null,'1');
Insert into CARCENTER.TBL_PRODUCTO (ID_PRODUCTO,ID_TIPOPRODUCTO,NOMBRE_PRODUCTO,COSTO_PRODUCTO,PRECIO_PRODUCTO,PORCIVA_PRODUCTO,OBSERVACIONES,ESTADO_PRODUCTO) values ('42','6','Sed Auctor Odio Corp.','7958708','9948385','19',null,'0');
Insert into CARCENTER.TBL_PRODUCTO (ID_PRODUCTO,ID_TIPOPRODUCTO,NOMBRE_PRODUCTO,COSTO_PRODUCTO,PRECIO_PRODUCTO,PORCIVA_PRODUCTO,OBSERVACIONES,ESTADO_PRODUCTO) values ('43','1','Donec Egestas Ltd','4216189','5270236,25','0',null,'0');
Insert into CARCENTER.TBL_PRODUCTO (ID_PRODUCTO,ID_TIPOPRODUCTO,NOMBRE_PRODUCTO,COSTO_PRODUCTO,PRECIO_PRODUCTO,PORCIVA_PRODUCTO,OBSERVACIONES,ESTADO_PRODUCTO) values ('44','2','Mi Tempor Institute','138278','172847,5','19',null,'0');
Insert into CARCENTER.TBL_PRODUCTO (ID_PRODUCTO,ID_TIPOPRODUCTO,NOMBRE_PRODUCTO,COSTO_PRODUCTO,PRECIO_PRODUCTO,PORCIVA_PRODUCTO,OBSERVACIONES,ESTADO_PRODUCTO) values ('45','3','Dictum Ltd','763317','954146,25','19',null,'0');
Insert into CARCENTER.TBL_PRODUCTO (ID_PRODUCTO,ID_TIPOPRODUCTO,NOMBRE_PRODUCTO,COSTO_PRODUCTO,PRECIO_PRODUCTO,PORCIVA_PRODUCTO,OBSERVACIONES,ESTADO_PRODUCTO) values ('46','5','Fusce Corporation','1942767','2428458,75','5',null,'0');
Insert into CARCENTER.TBL_PRODUCTO (ID_PRODUCTO,ID_TIPOPRODUCTO,NOMBRE_PRODUCTO,COSTO_PRODUCTO,PRECIO_PRODUCTO,PORCIVA_PRODUCTO,OBSERVACIONES,ESTADO_PRODUCTO) values ('47','2','Ipsum Ac Institute','1658747','2073433,75','19',null,'0');
Insert into CARCENTER.TBL_PRODUCTO (ID_PRODUCTO,ID_TIPOPRODUCTO,NOMBRE_PRODUCTO,COSTO_PRODUCTO,PRECIO_PRODUCTO,PORCIVA_PRODUCTO,OBSERVACIONES,ESTADO_PRODUCTO) values ('48','4','Tempus Risus Foundation','4529175','5661468,75','0',null,'0');
Insert into CARCENTER.TBL_PRODUCTO (ID_PRODUCTO,ID_TIPOPRODUCTO,NOMBRE_PRODUCTO,COSTO_PRODUCTO,PRECIO_PRODUCTO,PORCIVA_PRODUCTO,OBSERVACIONES,ESTADO_PRODUCTO) values ('49','2','Ac Turpis LLP','2632369','3290461,25','5',null,'0');
Insert into CARCENTER.TBL_PRODUCTO (ID_PRODUCTO,ID_TIPOPRODUCTO,NOMBRE_PRODUCTO,COSTO_PRODUCTO,PRECIO_PRODUCTO,PORCIVA_PRODUCTO,OBSERVACIONES,ESTADO_PRODUCTO) values ('50','4','Etiam PC','5079603','6349503,75','5',null,'1');
Insert into CARCENTER.TBL_PRODUCTO (ID_PRODUCTO,ID_TIPOPRODUCTO,NOMBRE_PRODUCTO,COSTO_PRODUCTO,PRECIO_PRODUCTO,PORCIVA_PRODUCTO,OBSERVACIONES,ESTADO_PRODUCTO) values ('51','4','In Cursus Et Incorporated','4340559','5425698,75','5',null,'1');
Insert into CARCENTER.TBL_PRODUCTO (ID_PRODUCTO,ID_TIPOPRODUCTO,NOMBRE_PRODUCTO,COSTO_PRODUCTO,PRECIO_PRODUCTO,PORCIVA_PRODUCTO,OBSERVACIONES,ESTADO_PRODUCTO) values ('52','5','Posuere Cubilia LLP','3235180','4043975','19',null,'0');
Insert into CARCENTER.TBL_PRODUCTO (ID_PRODUCTO,ID_TIPOPRODUCTO,NOMBRE_PRODUCTO,COSTO_PRODUCTO,PRECIO_PRODUCTO,PORCIVA_PRODUCTO,OBSERVACIONES,ESTADO_PRODUCTO) values ('53','5','Tortor Dictum Ltd','4715846','5894807,5','19',null,'1');
Insert into CARCENTER.TBL_PRODUCTO (ID_PRODUCTO,ID_TIPOPRODUCTO,NOMBRE_PRODUCTO,COSTO_PRODUCTO,PRECIO_PRODUCTO,PORCIVA_PRODUCTO,OBSERVACIONES,ESTADO_PRODUCTO) values ('54','2','Erat Etiam Vestibulum LLP','1239189','1548986,25','5',null,'1');
Insert into CARCENTER.TBL_PRODUCTO (ID_PRODUCTO,ID_TIPOPRODUCTO,NOMBRE_PRODUCTO,COSTO_PRODUCTO,PRECIO_PRODUCTO,PORCIVA_PRODUCTO,OBSERVACIONES,ESTADO_PRODUCTO) values ('55','5','Id Mollis LLP','2649060','3311325','5',null,'1');
Insert into CARCENTER.TBL_PRODUCTO (ID_PRODUCTO,ID_TIPOPRODUCTO,NOMBRE_PRODUCTO,COSTO_PRODUCTO,PRECIO_PRODUCTO,PORCIVA_PRODUCTO,OBSERVACIONES,ESTADO_PRODUCTO) values ('56','4','Nunc Ullamcorper Velit PC','7783206','9729007,5','19',null,'1');
Insert into CARCENTER.TBL_PRODUCTO (ID_PRODUCTO,ID_TIPOPRODUCTO,NOMBRE_PRODUCTO,COSTO_PRODUCTO,PRECIO_PRODUCTO,PORCIVA_PRODUCTO,OBSERVACIONES,ESTADO_PRODUCTO) values ('57','5','Amet Ltd','6414856','8018570','19',null,'1');
Insert into CARCENTER.TBL_PRODUCTO (ID_PRODUCTO,ID_TIPOPRODUCTO,NOMBRE_PRODUCTO,COSTO_PRODUCTO,PRECIO_PRODUCTO,PORCIVA_PRODUCTO,OBSERVACIONES,ESTADO_PRODUCTO) values ('58','4','Morbi Non Sapien Inc.','6973735','8717168,75','19',null,'0');
Insert into CARCENTER.TBL_PRODUCTO (ID_PRODUCTO,ID_TIPOPRODUCTO,NOMBRE_PRODUCTO,COSTO_PRODUCTO,PRECIO_PRODUCTO,PORCIVA_PRODUCTO,OBSERVACIONES,ESTADO_PRODUCTO) values ('59','1','Accumsan Laoreet Ipsum Incorporated','192954','241192,5','0',null,'1');
Insert into CARCENTER.TBL_PRODUCTO (ID_PRODUCTO,ID_TIPOPRODUCTO,NOMBRE_PRODUCTO,COSTO_PRODUCTO,PRECIO_PRODUCTO,PORCIVA_PRODUCTO,OBSERVACIONES,ESTADO_PRODUCTO) values ('60','1','Donec Inc.','3986011','4982513,75','5',null,'1');
Insert into CARCENTER.TBL_PRODUCTO (ID_PRODUCTO,ID_TIPOPRODUCTO,NOMBRE_PRODUCTO,COSTO_PRODUCTO,PRECIO_PRODUCTO,PORCIVA_PRODUCTO,OBSERVACIONES,ESTADO_PRODUCTO) values ('61','4','Pede Suspendisse Dui Corporation','6369970','7962462,5','0',null,'0');
Insert into CARCENTER.TBL_PRODUCTO (ID_PRODUCTO,ID_TIPOPRODUCTO,NOMBRE_PRODUCTO,COSTO_PRODUCTO,PRECIO_PRODUCTO,PORCIVA_PRODUCTO,OBSERVACIONES,ESTADO_PRODUCTO) values ('62','4','Vel Faucibus Industries','2664041','3330051,25','0',null,'1');
Insert into CARCENTER.TBL_PRODUCTO (ID_PRODUCTO,ID_TIPOPRODUCTO,NOMBRE_PRODUCTO,COSTO_PRODUCTO,PRECIO_PRODUCTO,PORCIVA_PRODUCTO,OBSERVACIONES,ESTADO_PRODUCTO) values ('63','3','Rutrum Non Hendrerit LLC','3434426','4293032,5','0',null,'1');
Insert into CARCENTER.TBL_PRODUCTO (ID_PRODUCTO,ID_TIPOPRODUCTO,NOMBRE_PRODUCTO,COSTO_PRODUCTO,PRECIO_PRODUCTO,PORCIVA_PRODUCTO,OBSERVACIONES,ESTADO_PRODUCTO) values ('64','1','Ac Feugiat LLP','3345186','4181482,5','5',null,'1');
Insert into CARCENTER.TBL_PRODUCTO (ID_PRODUCTO,ID_TIPOPRODUCTO,NOMBRE_PRODUCTO,COSTO_PRODUCTO,PRECIO_PRODUCTO,PORCIVA_PRODUCTO,OBSERVACIONES,ESTADO_PRODUCTO) values ('65','5','Donec Non Inc.','2889266','3611582,5','0',null,'1');
Insert into CARCENTER.TBL_PRODUCTO (ID_PRODUCTO,ID_TIPOPRODUCTO,NOMBRE_PRODUCTO,COSTO_PRODUCTO,PRECIO_PRODUCTO,PORCIVA_PRODUCTO,OBSERVACIONES,ESTADO_PRODUCTO) values ('66','6','Blandit Corporation','2349030','2936287,5','5',null,'0');
Insert into CARCENTER.TBL_PRODUCTO (ID_PRODUCTO,ID_TIPOPRODUCTO,NOMBRE_PRODUCTO,COSTO_PRODUCTO,PRECIO_PRODUCTO,PORCIVA_PRODUCTO,OBSERVACIONES,ESTADO_PRODUCTO) values ('67','2','Semper Et Institute','2376766','2970957,5','5',null,'0');
Insert into CARCENTER.TBL_PRODUCTO (ID_PRODUCTO,ID_TIPOPRODUCTO,NOMBRE_PRODUCTO,COSTO_PRODUCTO,PRECIO_PRODUCTO,PORCIVA_PRODUCTO,OBSERVACIONES,ESTADO_PRODUCTO) values ('68','1','Malesuada Fames Associates','3487127','4358908,75','5',null,'0');
Insert into CARCENTER.TBL_PRODUCTO (ID_PRODUCTO,ID_TIPOPRODUCTO,NOMBRE_PRODUCTO,COSTO_PRODUCTO,PRECIO_PRODUCTO,PORCIVA_PRODUCTO,OBSERVACIONES,ESTADO_PRODUCTO) values ('69','4','Elit A Feugiat Limited','7695375','9619218,75','19',null,'0');
Insert into CARCENTER.TBL_PRODUCTO (ID_PRODUCTO,ID_TIPOPRODUCTO,NOMBRE_PRODUCTO,COSTO_PRODUCTO,PRECIO_PRODUCTO,PORCIVA_PRODUCTO,OBSERVACIONES,ESTADO_PRODUCTO) values ('70','5','Est Mauris Corporation','75878','94847,5','19',null,'1');
Insert into CARCENTER.TBL_PRODUCTO (ID_PRODUCTO,ID_TIPOPRODUCTO,NOMBRE_PRODUCTO,COSTO_PRODUCTO,PRECIO_PRODUCTO,PORCIVA_PRODUCTO,OBSERVACIONES,ESTADO_PRODUCTO) values ('71','3','Nec Cursus Foundation','2469741','3087176,25','5',null,'1');
Insert into CARCENTER.TBL_PRODUCTO (ID_PRODUCTO,ID_TIPOPRODUCTO,NOMBRE_PRODUCTO,COSTO_PRODUCTO,PRECIO_PRODUCTO,PORCIVA_PRODUCTO,OBSERVACIONES,ESTADO_PRODUCTO) values ('72','3','Dui PC','248569','310711,25','0',null,'1');
Insert into CARCENTER.TBL_PRODUCTO (ID_PRODUCTO,ID_TIPOPRODUCTO,NOMBRE_PRODUCTO,COSTO_PRODUCTO,PRECIO_PRODUCTO,PORCIVA_PRODUCTO,OBSERVACIONES,ESTADO_PRODUCTO) values ('73','3','Sed Institute','5618174','7022717,5','0',null,'1');
Insert into CARCENTER.TBL_PRODUCTO (ID_PRODUCTO,ID_TIPOPRODUCTO,NOMBRE_PRODUCTO,COSTO_PRODUCTO,PRECIO_PRODUCTO,PORCIVA_PRODUCTO,OBSERVACIONES,ESTADO_PRODUCTO) values ('74','1','Pretium Aliquet Corp.','5494842','6868552,5','5',null,'1');
Insert into CARCENTER.TBL_PRODUCTO (ID_PRODUCTO,ID_TIPOPRODUCTO,NOMBRE_PRODUCTO,COSTO_PRODUCTO,PRECIO_PRODUCTO,PORCIVA_PRODUCTO,OBSERVACIONES,ESTADO_PRODUCTO) values ('75','3','Luctus Et Foundation','6855857','8569821,25','5',null,'1');
Insert into CARCENTER.TBL_PRODUCTO (ID_PRODUCTO,ID_TIPOPRODUCTO,NOMBRE_PRODUCTO,COSTO_PRODUCTO,PRECIO_PRODUCTO,PORCIVA_PRODUCTO,OBSERVACIONES,ESTADO_PRODUCTO) values ('76','5','Malesuada Foundation','690679','863348,75','0',null,'0');
Insert into CARCENTER.TBL_PRODUCTO (ID_PRODUCTO,ID_TIPOPRODUCTO,NOMBRE_PRODUCTO,COSTO_PRODUCTO,PRECIO_PRODUCTO,PORCIVA_PRODUCTO,OBSERVACIONES,ESTADO_PRODUCTO) values ('77','1','Nunc PC','5002105','6252631,25','19',null,'0');
Insert into CARCENTER.TBL_PRODUCTO (ID_PRODUCTO,ID_TIPOPRODUCTO,NOMBRE_PRODUCTO,COSTO_PRODUCTO,PRECIO_PRODUCTO,PORCIVA_PRODUCTO,OBSERVACIONES,ESTADO_PRODUCTO) values ('78','2','Arcu Vestibulum Ut Foundation','7997683','9997103,75','5',null,'1');
Insert into CARCENTER.TBL_PRODUCTO (ID_PRODUCTO,ID_TIPOPRODUCTO,NOMBRE_PRODUCTO,COSTO_PRODUCTO,PRECIO_PRODUCTO,PORCIVA_PRODUCTO,OBSERVACIONES,ESTADO_PRODUCTO) values ('79','1','Dolor Tempus LLP','2070515','2588143,75','0',null,'1');
Insert into CARCENTER.TBL_PRODUCTO (ID_PRODUCTO,ID_TIPOPRODUCTO,NOMBRE_PRODUCTO,COSTO_PRODUCTO,PRECIO_PRODUCTO,PORCIVA_PRODUCTO,OBSERVACIONES,ESTADO_PRODUCTO) values ('80','6','Sit Amet LLP','4291037','5363796,25','19',null,'0');
Insert into CARCENTER.TBL_PRODUCTO (ID_PRODUCTO,ID_TIPOPRODUCTO,NOMBRE_PRODUCTO,COSTO_PRODUCTO,PRECIO_PRODUCTO,PORCIVA_PRODUCTO,OBSERVACIONES,ESTADO_PRODUCTO) values ('81','4','Lorem Auctor Associates','81893','102366,25','19',null,'0');
Insert into CARCENTER.TBL_PRODUCTO (ID_PRODUCTO,ID_TIPOPRODUCTO,NOMBRE_PRODUCTO,COSTO_PRODUCTO,PRECIO_PRODUCTO,PORCIVA_PRODUCTO,OBSERVACIONES,ESTADO_PRODUCTO) values ('82','2','Adipiscing Elit Etiam Limited','515472','644340','0',null,'0');
Insert into CARCENTER.TBL_PRODUCTO (ID_PRODUCTO,ID_TIPOPRODUCTO,NOMBRE_PRODUCTO,COSTO_PRODUCTO,PRECIO_PRODUCTO,PORCIVA_PRODUCTO,OBSERVACIONES,ESTADO_PRODUCTO) values ('83','4','Ac Associates','2436766','3045957,5','19',null,'0');
Insert into CARCENTER.TBL_PRODUCTO (ID_PRODUCTO,ID_TIPOPRODUCTO,NOMBRE_PRODUCTO,COSTO_PRODUCTO,PRECIO_PRODUCTO,PORCIVA_PRODUCTO,OBSERVACIONES,ESTADO_PRODUCTO) values ('84','3','Iaculis Lacus Pede Corp.','5970325','7462906,25','5',null,'0');
Insert into CARCENTER.TBL_PRODUCTO (ID_PRODUCTO,ID_TIPOPRODUCTO,NOMBRE_PRODUCTO,COSTO_PRODUCTO,PRECIO_PRODUCTO,PORCIVA_PRODUCTO,OBSERVACIONES,ESTADO_PRODUCTO) values ('85','5','Sit Amet Ultricies Limited','4274704','5343380','0',null,'1');
Insert into CARCENTER.TBL_PRODUCTO (ID_PRODUCTO,ID_TIPOPRODUCTO,NOMBRE_PRODUCTO,COSTO_PRODUCTO,PRECIO_PRODUCTO,PORCIVA_PRODUCTO,OBSERVACIONES,ESTADO_PRODUCTO) values ('86','2','Est Vitae Foundation','3727895','4659868,75','19',null,'0');
Insert into CARCENTER.TBL_PRODUCTO (ID_PRODUCTO,ID_TIPOPRODUCTO,NOMBRE_PRODUCTO,COSTO_PRODUCTO,PRECIO_PRODUCTO,PORCIVA_PRODUCTO,OBSERVACIONES,ESTADO_PRODUCTO) values ('87','5','Ac Turpis Egestas LLP','1447611','1809513,75','19',null,'0');
Insert into CARCENTER.TBL_PRODUCTO (ID_PRODUCTO,ID_TIPOPRODUCTO,NOMBRE_PRODUCTO,COSTO_PRODUCTO,PRECIO_PRODUCTO,PORCIVA_PRODUCTO,OBSERVACIONES,ESTADO_PRODUCTO) values ('88','6','Ac Eleifend Associates','5884304','7355380','0',null,'1');
Insert into CARCENTER.TBL_PRODUCTO (ID_PRODUCTO,ID_TIPOPRODUCTO,NOMBRE_PRODUCTO,COSTO_PRODUCTO,PRECIO_PRODUCTO,PORCIVA_PRODUCTO,OBSERVACIONES,ESTADO_PRODUCTO) values ('89','3','Tristique Neque Foundation','2475322','3094152,5','19',null,'0');
Insert into CARCENTER.TBL_PRODUCTO (ID_PRODUCTO,ID_TIPOPRODUCTO,NOMBRE_PRODUCTO,COSTO_PRODUCTO,PRECIO_PRODUCTO,PORCIVA_PRODUCTO,OBSERVACIONES,ESTADO_PRODUCTO) values ('90','2','Mus Proin Limited','7181008','8976260','0',null,'1');
Insert into CARCENTER.TBL_PRODUCTO (ID_PRODUCTO,ID_TIPOPRODUCTO,NOMBRE_PRODUCTO,COSTO_PRODUCTO,PRECIO_PRODUCTO,PORCIVA_PRODUCTO,OBSERVACIONES,ESTADO_PRODUCTO) values ('91','5','Molestie Company','7645615','9557018,75','5',null,'1');
Insert into CARCENTER.TBL_PRODUCTO (ID_PRODUCTO,ID_TIPOPRODUCTO,NOMBRE_PRODUCTO,COSTO_PRODUCTO,PRECIO_PRODUCTO,PORCIVA_PRODUCTO,OBSERVACIONES,ESTADO_PRODUCTO) values ('92','4','Id Ante Industries','2172959','2716198,75','5',null,'0');
Insert into CARCENTER.TBL_PRODUCTO (ID_PRODUCTO,ID_TIPOPRODUCTO,NOMBRE_PRODUCTO,COSTO_PRODUCTO,PRECIO_PRODUCTO,PORCIVA_PRODUCTO,OBSERVACIONES,ESTADO_PRODUCTO) values ('93','4','Pede Nec Ante LLP','5080023','6350028,75','19',null,'0');
Insert into CARCENTER.TBL_PRODUCTO (ID_PRODUCTO,ID_TIPOPRODUCTO,NOMBRE_PRODUCTO,COSTO_PRODUCTO,PRECIO_PRODUCTO,PORCIVA_PRODUCTO,OBSERVACIONES,ESTADO_PRODUCTO) values ('94','1','Sem Corp.','2207729','2759661,25','5',null,'1');
Insert into CARCENTER.TBL_PRODUCTO (ID_PRODUCTO,ID_TIPOPRODUCTO,NOMBRE_PRODUCTO,COSTO_PRODUCTO,PRECIO_PRODUCTO,PORCIVA_PRODUCTO,OBSERVACIONES,ESTADO_PRODUCTO) values ('95','3','Vitae Associates','1405653','1757066,25','0',null,'0');
Insert into CARCENTER.TBL_PRODUCTO (ID_PRODUCTO,ID_TIPOPRODUCTO,NOMBRE_PRODUCTO,COSTO_PRODUCTO,PRECIO_PRODUCTO,PORCIVA_PRODUCTO,OBSERVACIONES,ESTADO_PRODUCTO) values ('96','3','Mi Pede Nonummy Inc.','294267','367833,75','5',null,'0');
Insert into CARCENTER.TBL_PRODUCTO (ID_PRODUCTO,ID_TIPOPRODUCTO,NOMBRE_PRODUCTO,COSTO_PRODUCTO,PRECIO_PRODUCTO,PORCIVA_PRODUCTO,OBSERVACIONES,ESTADO_PRODUCTO) values ('97','6','Malesuada Id Associates','2195272','2744090','0',null,'1');
Insert into CARCENTER.TBL_PRODUCTO (ID_PRODUCTO,ID_TIPOPRODUCTO,NOMBRE_PRODUCTO,COSTO_PRODUCTO,PRECIO_PRODUCTO,PORCIVA_PRODUCTO,OBSERVACIONES,ESTADO_PRODUCTO) values ('98','6','Justo Sit Industries','4984531','6230663,75','0',null,'0');
Insert into CARCENTER.TBL_PRODUCTO (ID_PRODUCTO,ID_TIPOPRODUCTO,NOMBRE_PRODUCTO,COSTO_PRODUCTO,PRECIO_PRODUCTO,PORCIVA_PRODUCTO,OBSERVACIONES,ESTADO_PRODUCTO) values ('99','3','Sed Eu Company','4691011','5863763,75','0',null,'0');
Insert into CARCENTER.TBL_PRODUCTO (ID_PRODUCTO,ID_TIPOPRODUCTO,NOMBRE_PRODUCTO,COSTO_PRODUCTO,PRECIO_PRODUCTO,PORCIVA_PRODUCTO,OBSERVACIONES,ESTADO_PRODUCTO) values ('100','6','Lacus Varius Limited','4806408','6008010','0',null,'1');
Insert into CARCENTER.TBL_PRODUCTO (ID_PRODUCTO,ID_TIPOPRODUCTO,NOMBRE_PRODUCTO,COSTO_PRODUCTO,PRECIO_PRODUCTO,PORCIVA_PRODUCTO,OBSERVACIONES,ESTADO_PRODUCTO) values ('101','2','Eu Foundation','7402007','9252508,75','0',null,'0');
Insert into CARCENTER.TBL_PRODUCTO (ID_PRODUCTO,ID_TIPOPRODUCTO,NOMBRE_PRODUCTO,COSTO_PRODUCTO,PRECIO_PRODUCTO,PORCIVA_PRODUCTO,OBSERVACIONES,ESTADO_PRODUCTO) values ('102','3','Erat Eget LLP','5506633','6883291,25','19',null,'1');
Insert into CARCENTER.TBL_PRODUCTO (ID_PRODUCTO,ID_TIPOPRODUCTO,NOMBRE_PRODUCTO,COSTO_PRODUCTO,PRECIO_PRODUCTO,PORCIVA_PRODUCTO,OBSERVACIONES,ESTADO_PRODUCTO) values ('103','3','Nec Malesuada Institute','1363808','1704760','5',null,'0');
Insert into CARCENTER.TBL_PRODUCTO (ID_PRODUCTO,ID_TIPOPRODUCTO,NOMBRE_PRODUCTO,COSTO_PRODUCTO,PRECIO_PRODUCTO,PORCIVA_PRODUCTO,OBSERVACIONES,ESTADO_PRODUCTO) values ('104','2','Dolor Dapibus PC','3272871','4091088,75','0',null,'0');
Insert into CARCENTER.TBL_PRODUCTO (ID_PRODUCTO,ID_TIPOPRODUCTO,NOMBRE_PRODUCTO,COSTO_PRODUCTO,PRECIO_PRODUCTO,PORCIVA_PRODUCTO,OBSERVACIONES,ESTADO_PRODUCTO) values ('105','6','Sodales Industries','5839918','7299897,5','19',null,'0');
Insert into CARCENTER.TBL_PRODUCTO (ID_PRODUCTO,ID_TIPOPRODUCTO,NOMBRE_PRODUCTO,COSTO_PRODUCTO,PRECIO_PRODUCTO,PORCIVA_PRODUCTO,OBSERVACIONES,ESTADO_PRODUCTO) values ('106','3','Sagittis Company','4813095','6016368,75','5',null,'0');
Insert into CARCENTER.TBL_PRODUCTO (ID_PRODUCTO,ID_TIPOPRODUCTO,NOMBRE_PRODUCTO,COSTO_PRODUCTO,PRECIO_PRODUCTO,PORCIVA_PRODUCTO,OBSERVACIONES,ESTADO_PRODUCTO) values ('107','4','Odio Auctor Corporation','6496312','8120390','0',null,'0');
Insert into CARCENTER.TBL_PRODUCTO (ID_PRODUCTO,ID_TIPOPRODUCTO,NOMBRE_PRODUCTO,COSTO_PRODUCTO,PRECIO_PRODUCTO,PORCIVA_PRODUCTO,OBSERVACIONES,ESTADO_PRODUCTO) values ('108','4','Tempus Scelerisque Institute','5813584','7266980','19',null,'1');
Insert into CARCENTER.TBL_PRODUCTO (ID_PRODUCTO,ID_TIPOPRODUCTO,NOMBRE_PRODUCTO,COSTO_PRODUCTO,PRECIO_PRODUCTO,PORCIVA_PRODUCTO,OBSERVACIONES,ESTADO_PRODUCTO) values ('109','4','Nibh Sit Associates','942370','1177962,5','5',null,'0');
Insert into CARCENTER.TBL_PRODUCTO (ID_PRODUCTO,ID_TIPOPRODUCTO,NOMBRE_PRODUCTO,COSTO_PRODUCTO,PRECIO_PRODUCTO,PORCIVA_PRODUCTO,OBSERVACIONES,ESTADO_PRODUCTO) values ('110','5','Fames Ac Institute','5622633','7028291,25','19',null,'0');
Insert into CARCENTER.TBL_PRODUCTO (ID_PRODUCTO,ID_TIPOPRODUCTO,NOMBRE_PRODUCTO,COSTO_PRODUCTO,PRECIO_PRODUCTO,PORCIVA_PRODUCTO,OBSERVACIONES,ESTADO_PRODUCTO) values ('111','3','Orci Adipiscing Non Consulting','2274288','2842860','5',null,'1');
Insert into CARCENTER.TBL_PRODUCTO (ID_PRODUCTO,ID_TIPOPRODUCTO,NOMBRE_PRODUCTO,COSTO_PRODUCTO,PRECIO_PRODUCTO,PORCIVA_PRODUCTO,OBSERVACIONES,ESTADO_PRODUCTO) values ('112','5','Consectetuer Euismod Corporation','2551992','3189990','19',null,'1');
Insert into CARCENTER.TBL_PRODUCTO (ID_PRODUCTO,ID_TIPOPRODUCTO,NOMBRE_PRODUCTO,COSTO_PRODUCTO,PRECIO_PRODUCTO,PORCIVA_PRODUCTO,OBSERVACIONES,ESTADO_PRODUCTO) values ('113','5','Lorem Ipsum LLC','3266554','4083192,5','0',null,'0');
Insert into CARCENTER.TBL_PRODUCTO (ID_PRODUCTO,ID_TIPOPRODUCTO,NOMBRE_PRODUCTO,COSTO_PRODUCTO,PRECIO_PRODUCTO,PORCIVA_PRODUCTO,OBSERVACIONES,ESTADO_PRODUCTO) values ('114','3','Morbi Metus Corp.','4256105','5320131,25','5',null,'1');
Insert into CARCENTER.TBL_PRODUCTO (ID_PRODUCTO,ID_TIPOPRODUCTO,NOMBRE_PRODUCTO,COSTO_PRODUCTO,PRECIO_PRODUCTO,PORCIVA_PRODUCTO,OBSERVACIONES,ESTADO_PRODUCTO) values ('115','4','Aliquet Vel LLP','4909512','6136890','19',null,'0');
Insert into CARCENTER.TBL_PRODUCTO (ID_PRODUCTO,ID_TIPOPRODUCTO,NOMBRE_PRODUCTO,COSTO_PRODUCTO,PRECIO_PRODUCTO,PORCIVA_PRODUCTO,OBSERVACIONES,ESTADO_PRODUCTO) values ('116','4','Nisl Quisque Foundation','2820996','3526245','19',null,'1');
Insert into CARCENTER.TBL_PRODUCTO (ID_PRODUCTO,ID_TIPOPRODUCTO,NOMBRE_PRODUCTO,COSTO_PRODUCTO,PRECIO_PRODUCTO,PORCIVA_PRODUCTO,OBSERVACIONES,ESTADO_PRODUCTO) values ('117','1','Tempor Erat Incorporated','5418511','6773138,75','0',null,'0');
Insert into CARCENTER.TBL_PRODUCTO (ID_PRODUCTO,ID_TIPOPRODUCTO,NOMBRE_PRODUCTO,COSTO_PRODUCTO,PRECIO_PRODUCTO,PORCIVA_PRODUCTO,OBSERVACIONES,ESTADO_PRODUCTO) values ('118','4','Natoque Industries','1754149','2192686,25','19',null,'0');
Insert into CARCENTER.TBL_PRODUCTO (ID_PRODUCTO,ID_TIPOPRODUCTO,NOMBRE_PRODUCTO,COSTO_PRODUCTO,PRECIO_PRODUCTO,PORCIVA_PRODUCTO,OBSERVACIONES,ESTADO_PRODUCTO) values ('119','6','Quis Turpis PC','3464117','4330146,25','0',null,'1');
Insert into CARCENTER.TBL_PRODUCTO (ID_PRODUCTO,ID_TIPOPRODUCTO,NOMBRE_PRODUCTO,COSTO_PRODUCTO,PRECIO_PRODUCTO,PORCIVA_PRODUCTO,OBSERVACIONES,ESTADO_PRODUCTO) values ('120','6','Odio Vel Est LLP','92727','115908,75','0',null,'0');
Insert into CARCENTER.TBL_PRODUCTO (ID_PRODUCTO,ID_TIPOPRODUCTO,NOMBRE_PRODUCTO,COSTO_PRODUCTO,PRECIO_PRODUCTO,PORCIVA_PRODUCTO,OBSERVACIONES,ESTADO_PRODUCTO) values ('121','2','Nibh Sit Amet Foundation','3923229','4904036,25','5',null,'1');
Insert into CARCENTER.TBL_PRODUCTO (ID_PRODUCTO,ID_TIPOPRODUCTO,NOMBRE_PRODUCTO,COSTO_PRODUCTO,PRECIO_PRODUCTO,PORCIVA_PRODUCTO,OBSERVACIONES,ESTADO_PRODUCTO) values ('122','4','Facilisis Lorem Corp.','2832146','3540182,5','19',null,'1');
Insert into CARCENTER.TBL_PRODUCTO (ID_PRODUCTO,ID_TIPOPRODUCTO,NOMBRE_PRODUCTO,COSTO_PRODUCTO,PRECIO_PRODUCTO,PORCIVA_PRODUCTO,OBSERVACIONES,ESTADO_PRODUCTO) values ('123','2','Tempus Scelerisque Corporation','3667164','4583955','0',null,'0');
Insert into CARCENTER.TBL_PRODUCTO (ID_PRODUCTO,ID_TIPOPRODUCTO,NOMBRE_PRODUCTO,COSTO_PRODUCTO,PRECIO_PRODUCTO,PORCIVA_PRODUCTO,OBSERVACIONES,ESTADO_PRODUCTO) values ('124','2','Imperdiet Dictum LLP','6841057','8551321,25','0',null,'0');
Insert into CARCENTER.TBL_PRODUCTO (ID_PRODUCTO,ID_TIPOPRODUCTO,NOMBRE_PRODUCTO,COSTO_PRODUCTO,PRECIO_PRODUCTO,PORCIVA_PRODUCTO,OBSERVACIONES,ESTADO_PRODUCTO) values ('125','2','Lorem Auctor Quis Associates','4462391','5577988,75','19',null,'0');
Insert into CARCENTER.TBL_PRODUCTO (ID_PRODUCTO,ID_TIPOPRODUCTO,NOMBRE_PRODUCTO,COSTO_PRODUCTO,PRECIO_PRODUCTO,PORCIVA_PRODUCTO,OBSERVACIONES,ESTADO_PRODUCTO) values ('126','1','Ut Erat PC','3163039','3953798,75','5',null,'0');
Insert into CARCENTER.TBL_PRODUCTO (ID_PRODUCTO,ID_TIPOPRODUCTO,NOMBRE_PRODUCTO,COSTO_PRODUCTO,PRECIO_PRODUCTO,PORCIVA_PRODUCTO,OBSERVACIONES,ESTADO_PRODUCTO) values ('127','3','Vestibulum Massa Institute','4428680','5535850','0',null,'1');
Insert into CARCENTER.TBL_PRODUCTO (ID_PRODUCTO,ID_TIPOPRODUCTO,NOMBRE_PRODUCTO,COSTO_PRODUCTO,PRECIO_PRODUCTO,PORCIVA_PRODUCTO,OBSERVACIONES,ESTADO_PRODUCTO) values ('128','4','Dictum Phasellus Foundation','2612893','3266116,25','19',null,'0');
Insert into CARCENTER.TBL_PRODUCTO (ID_PRODUCTO,ID_TIPOPRODUCTO,NOMBRE_PRODUCTO,COSTO_PRODUCTO,PRECIO_PRODUCTO,PORCIVA_PRODUCTO,OBSERVACIONES,ESTADO_PRODUCTO) values ('129','4','Urna Vivamus LLC','166897','208621,25','5',null,'0');
Insert into CARCENTER.TBL_PRODUCTO (ID_PRODUCTO,ID_TIPOPRODUCTO,NOMBRE_PRODUCTO,COSTO_PRODUCTO,PRECIO_PRODUCTO,PORCIVA_PRODUCTO,OBSERVACIONES,ESTADO_PRODUCTO) values ('130','3','Ridiculus Mus Limited','565403','706753,75','19',null,'1');
Insert into CARCENTER.TBL_PRODUCTO (ID_PRODUCTO,ID_TIPOPRODUCTO,NOMBRE_PRODUCTO,COSTO_PRODUCTO,PRECIO_PRODUCTO,PORCIVA_PRODUCTO,OBSERVACIONES,ESTADO_PRODUCTO) values ('131','5','Aenean Egestas Hendrerit Limited','4710523','5888153,75','0',null,'1');
Insert into CARCENTER.TBL_PRODUCTO (ID_PRODUCTO,ID_TIPOPRODUCTO,NOMBRE_PRODUCTO,COSTO_PRODUCTO,PRECIO_PRODUCTO,PORCIVA_PRODUCTO,OBSERVACIONES,ESTADO_PRODUCTO) values ('132','4','Pellentesque Tincidunt Inc.','5441445','6801806,25','5',null,'0');
Insert into CARCENTER.TBL_PRODUCTO (ID_PRODUCTO,ID_TIPOPRODUCTO,NOMBRE_PRODUCTO,COSTO_PRODUCTO,PRECIO_PRODUCTO,PORCIVA_PRODUCTO,OBSERVACIONES,ESTADO_PRODUCTO) values ('133','3','Interdum Ligula Associates','7276830','9096037,5','5',null,'0');
Insert into CARCENTER.TBL_PRODUCTO (ID_PRODUCTO,ID_TIPOPRODUCTO,NOMBRE_PRODUCTO,COSTO_PRODUCTO,PRECIO_PRODUCTO,PORCIVA_PRODUCTO,OBSERVACIONES,ESTADO_PRODUCTO) values ('134','1','Orci Luctus Incorporated','6400847','8001058,75','5',null,'1');
Insert into CARCENTER.TBL_PRODUCTO (ID_PRODUCTO,ID_TIPOPRODUCTO,NOMBRE_PRODUCTO,COSTO_PRODUCTO,PRECIO_PRODUCTO,PORCIVA_PRODUCTO,OBSERVACIONES,ESTADO_PRODUCTO) values ('135','6','Dictum Industries','6279532','7849415','19',null,'0');
Insert into CARCENTER.TBL_PRODUCTO (ID_PRODUCTO,ID_TIPOPRODUCTO,NOMBRE_PRODUCTO,COSTO_PRODUCTO,PRECIO_PRODUCTO,PORCIVA_PRODUCTO,OBSERVACIONES,ESTADO_PRODUCTO) values ('136','3','Massa Ltd','7006047','8757558,75','19',null,'0');
Insert into CARCENTER.TBL_PRODUCTO (ID_PRODUCTO,ID_TIPOPRODUCTO,NOMBRE_PRODUCTO,COSTO_PRODUCTO,PRECIO_PRODUCTO,PORCIVA_PRODUCTO,OBSERVACIONES,ESTADO_PRODUCTO) values ('137','3','Tellus Aenean LLP','7453824','9317280','0',null,'1');
Insert into CARCENTER.TBL_PRODUCTO (ID_PRODUCTO,ID_TIPOPRODUCTO,NOMBRE_PRODUCTO,COSTO_PRODUCTO,PRECIO_PRODUCTO,PORCIVA_PRODUCTO,OBSERVACIONES,ESTADO_PRODUCTO) values ('138','5','Dui Augue Incorporated','3835263','4794078,75','0',null,'0');
Insert into CARCENTER.TBL_PRODUCTO (ID_PRODUCTO,ID_TIPOPRODUCTO,NOMBRE_PRODUCTO,COSTO_PRODUCTO,PRECIO_PRODUCTO,PORCIVA_PRODUCTO,OBSERVACIONES,ESTADO_PRODUCTO) values ('139','4','Diam Pellentesque PC','191928','239910','5',null,'0');
Insert into CARCENTER.TBL_PRODUCTO (ID_PRODUCTO,ID_TIPOPRODUCTO,NOMBRE_PRODUCTO,COSTO_PRODUCTO,PRECIO_PRODUCTO,PORCIVA_PRODUCTO,OBSERVACIONES,ESTADO_PRODUCTO) values ('140','6','Magna Incorporated','3361850','4202312,5','0',null,'0');
Insert into CARCENTER.TBL_PRODUCTO (ID_PRODUCTO,ID_TIPOPRODUCTO,NOMBRE_PRODUCTO,COSTO_PRODUCTO,PRECIO_PRODUCTO,PORCIVA_PRODUCTO,OBSERVACIONES,ESTADO_PRODUCTO) values ('141','5','Dictum Eu LLP','1655071','2068838,75','0',null,'0');
Insert into CARCENTER.TBL_PRODUCTO (ID_PRODUCTO,ID_TIPOPRODUCTO,NOMBRE_PRODUCTO,COSTO_PRODUCTO,PRECIO_PRODUCTO,PORCIVA_PRODUCTO,OBSERVACIONES,ESTADO_PRODUCTO) values ('142','3','Rutrum Lorem Ac LLC','5576808','6971010','19',null,'1');
Insert into CARCENTER.TBL_PRODUCTO (ID_PRODUCTO,ID_TIPOPRODUCTO,NOMBRE_PRODUCTO,COSTO_PRODUCTO,PRECIO_PRODUCTO,PORCIVA_PRODUCTO,OBSERVACIONES,ESTADO_PRODUCTO) values ('143','1','Vel Vulputate Industries','1799898','2249872,5','5',null,'1');
Insert into CARCENTER.TBL_PRODUCTO (ID_PRODUCTO,ID_TIPOPRODUCTO,NOMBRE_PRODUCTO,COSTO_PRODUCTO,PRECIO_PRODUCTO,PORCIVA_PRODUCTO,OBSERVACIONES,ESTADO_PRODUCTO) values ('144','2','Id Sapien LLC','1545042','1931302,5','19',null,'1');
Insert into CARCENTER.TBL_PRODUCTO (ID_PRODUCTO,ID_TIPOPRODUCTO,NOMBRE_PRODUCTO,COSTO_PRODUCTO,PRECIO_PRODUCTO,PORCIVA_PRODUCTO,OBSERVACIONES,ESTADO_PRODUCTO) values ('145','6','Scelerisque Incorporated','7862428','9828035','19',null,'1');
Insert into CARCENTER.TBL_PRODUCTO (ID_PRODUCTO,ID_TIPOPRODUCTO,NOMBRE_PRODUCTO,COSTO_PRODUCTO,PRECIO_PRODUCTO,PORCIVA_PRODUCTO,OBSERVACIONES,ESTADO_PRODUCTO) values ('146','5','Lacinia Vitae Institute','7023395','8779243,75','0',null,'0');
Insert into CARCENTER.TBL_PRODUCTO (ID_PRODUCTO,ID_TIPOPRODUCTO,NOMBRE_PRODUCTO,COSTO_PRODUCTO,PRECIO_PRODUCTO,PORCIVA_PRODUCTO,OBSERVACIONES,ESTADO_PRODUCTO) values ('147','5','Aenean Massa Corp.','5443398','6804247,5','0',null,'1');
Insert into CARCENTER.TBL_PRODUCTO (ID_PRODUCTO,ID_TIPOPRODUCTO,NOMBRE_PRODUCTO,COSTO_PRODUCTO,PRECIO_PRODUCTO,PORCIVA_PRODUCTO,OBSERVACIONES,ESTADO_PRODUCTO) values ('148','6','Non Quam Corporation','377946','472432,5','19',null,'1');
Insert into CARCENTER.TBL_PRODUCTO (ID_PRODUCTO,ID_TIPOPRODUCTO,NOMBRE_PRODUCTO,COSTO_PRODUCTO,PRECIO_PRODUCTO,PORCIVA_PRODUCTO,OBSERVACIONES,ESTADO_PRODUCTO) values ('149','5','Quis Turpis Vitae Associates','482442','603052,5','5',null,'0');
Insert into CARCENTER.TBL_PRODUCTO (ID_PRODUCTO,ID_TIPOPRODUCTO,NOMBRE_PRODUCTO,COSTO_PRODUCTO,PRECIO_PRODUCTO,PORCIVA_PRODUCTO,OBSERVACIONES,ESTADO_PRODUCTO) values ('150','2','Malesuada Id Ltd','6061384','7576730','19',null,'1');
COMMIT;
---------------------------
INSERT INTO TBL_SUCURSALPRODUCTO (ID_SUCURSALPRODUCTO,Id_Producto,Id_Sucursal,CANTIDAD_SUCURSALPRODUCTO)
VALUES (1,43,4,547);
INSERT INTO TBL_SUCURSALPRODUCTO (ID_SUCURSALPRODUCTO,Id_Producto,Id_Sucursal,CANTIDAD_SUCURSALPRODUCTO)
VALUES (2,123,2,460);
INSERT INTO TBL_SUCURSALPRODUCTO (ID_SUCURSALPRODUCTO,Id_Producto,Id_Sucursal,CANTIDAD_SUCURSALPRODUCTO)
VALUES (3,140,2,315);
INSERT INTO TBL_SUCURSALPRODUCTO (ID_SUCURSALPRODUCTO,Id_Producto,Id_Sucursal,CANTIDAD_SUCURSALPRODUCTO)
VALUES (4,49,3,264);
INSERT INTO TBL_SUCURSALPRODUCTO (ID_SUCURSALPRODUCTO,Id_Producto,Id_Sucursal,CANTIDAD_SUCURSALPRODUCTO)
VALUES (5,42,2,57);
INSERT INTO TBL_SUCURSALPRODUCTO (ID_SUCURSALPRODUCTO,Id_Producto,Id_Sucursal,CANTIDAD_SUCURSALPRODUCTO)
VALUES (6,106,1,209);
INSERT INTO TBL_SUCURSALPRODUCTO (ID_SUCURSALPRODUCTO,Id_Producto,Id_Sucursal,CANTIDAD_SUCURSALPRODUCTO)
VALUES (7,33,2,933);
INSERT INTO TBL_SUCURSALPRODUCTO (ID_SUCURSALPRODUCTO,Id_Producto,Id_Sucursal,CANTIDAD_SUCURSALPRODUCTO)
VALUES (8,114,2,445);
INSERT INTO TBL_SUCURSALPRODUCTO (ID_SUCURSALPRODUCTO,Id_Producto,Id_Sucursal,CANTIDAD_SUCURSALPRODUCTO)
VALUES (9,15,2,162);
INSERT INTO TBL_SUCURSALPRODUCTO (ID_SUCURSALPRODUCTO,Id_Producto,Id_Sucursal,CANTIDAD_SUCURSALPRODUCTO)
VALUES (10,106,3,48);
INSERT INTO TBL_SUCURSALPRODUCTO (ID_SUCURSALPRODUCTO,Id_Producto,Id_Sucursal,CANTIDAD_SUCURSALPRODUCTO)
VALUES (11,64,2,916);
INSERT INTO TBL_SUCURSALPRODUCTO (ID_SUCURSALPRODUCTO,Id_Producto,Id_Sucursal,CANTIDAD_SUCURSALPRODUCTO)
VALUES (12,70,2,649);
INSERT INTO TBL_SUCURSALPRODUCTO (ID_SUCURSALPRODUCTO,Id_Producto,Id_Sucursal,CANTIDAD_SUCURSALPRODUCTO)
VALUES (13,83,4,181);
INSERT INTO TBL_SUCURSALPRODUCTO (ID_SUCURSALPRODUCTO,Id_Producto,Id_Sucursal,CANTIDAD_SUCURSALPRODUCTO)
VALUES (14,54,2,141);
INSERT INTO TBL_SUCURSALPRODUCTO (ID_SUCURSALPRODUCTO,Id_Producto,Id_Sucursal,CANTIDAD_SUCURSALPRODUCTO)
VALUES (15,75,3,902);
INSERT INTO TBL_SUCURSALPRODUCTO (ID_SUCURSALPRODUCTO,Id_Producto,Id_Sucursal,CANTIDAD_SUCURSALPRODUCTO)
VALUES (16,80,2,362);
INSERT INTO TBL_SUCURSALPRODUCTO (ID_SUCURSALPRODUCTO,Id_Producto,Id_Sucursal,CANTIDAD_SUCURSALPRODUCTO)
VALUES (17,16,3,308);
INSERT INTO TBL_SUCURSALPRODUCTO (ID_SUCURSALPRODUCTO,Id_Producto,Id_Sucursal,CANTIDAD_SUCURSALPRODUCTO)
VALUES (18,121,3,863);
INSERT INTO TBL_SUCURSALPRODUCTO (ID_SUCURSALPRODUCTO,Id_Producto,Id_Sucursal,CANTIDAD_SUCURSALPRODUCTO)
VALUES (19,129,3,888);
INSERT INTO TBL_SUCURSALPRODUCTO (ID_SUCURSALPRODUCTO,Id_Producto,Id_Sucursal,CANTIDAD_SUCURSALPRODUCTO)
VALUES (20,104,3,857);
INSERT INTO TBL_SUCURSALPRODUCTO (ID_SUCURSALPRODUCTO,Id_Producto,Id_Sucursal,CANTIDAD_SUCURSALPRODUCTO)
VALUES (21,37,2,557);
INSERT INTO TBL_SUCURSALPRODUCTO (ID_SUCURSALPRODUCTO,Id_Producto,Id_Sucursal,CANTIDAD_SUCURSALPRODUCTO)
VALUES (22,56,4,106);
INSERT INTO TBL_SUCURSALPRODUCTO (ID_SUCURSALPRODUCTO,Id_Producto,Id_Sucursal,CANTIDAD_SUCURSALPRODUCTO)
VALUES (23,25,1,563);
INSERT INTO TBL_SUCURSALPRODUCTO (ID_SUCURSALPRODUCTO,Id_Producto,Id_Sucursal,CANTIDAD_SUCURSALPRODUCTO)
VALUES (24,29,2,460);
INSERT INTO TBL_SUCURSALPRODUCTO (ID_SUCURSALPRODUCTO,Id_Producto,Id_Sucursal,CANTIDAD_SUCURSALPRODUCTO)
VALUES (25,145,4,814);
INSERT INTO TBL_SUCURSALPRODUCTO (ID_SUCURSALPRODUCTO,Id_Producto,Id_Sucursal,CANTIDAD_SUCURSALPRODUCTO)
VALUES (26,84,4,638);
INSERT INTO TBL_SUCURSALPRODUCTO (ID_SUCURSALPRODUCTO,Id_Producto,Id_Sucursal,CANTIDAD_SUCURSALPRODUCTO)
VALUES (27,100,2,709);
INSERT INTO TBL_SUCURSALPRODUCTO (ID_SUCURSALPRODUCTO,Id_Producto,Id_Sucursal,CANTIDAD_SUCURSALPRODUCTO)
VALUES (28,69,1,544);
INSERT INTO TBL_SUCURSALPRODUCTO (ID_SUCURSALPRODUCTO,Id_Producto,Id_Sucursal,CANTIDAD_SUCURSALPRODUCTO)
VALUES (29,63,3,289);
INSERT INTO TBL_SUCURSALPRODUCTO (ID_SUCURSALPRODUCTO,Id_Producto,Id_Sucursal,CANTIDAD_SUCURSALPRODUCTO)
VALUES (30,11,3,161);
INSERT INTO TBL_SUCURSALPRODUCTO (ID_SUCURSALPRODUCTO,Id_Producto,Id_Sucursal,CANTIDAD_SUCURSALPRODUCTO)
VALUES (31,122,3,345);
INSERT INTO TBL_SUCURSALPRODUCTO (ID_SUCURSALPRODUCTO,Id_Producto,Id_Sucursal,CANTIDAD_SUCURSALPRODUCTO)
VALUES (32,42,1,863);
INSERT INTO TBL_SUCURSALPRODUCTO (ID_SUCURSALPRODUCTO,Id_Producto,Id_Sucursal,CANTIDAD_SUCURSALPRODUCTO)
VALUES (33,26,2,785);
INSERT INTO TBL_SUCURSALPRODUCTO (ID_SUCURSALPRODUCTO,Id_Producto,Id_Sucursal,CANTIDAD_SUCURSALPRODUCTO)
VALUES (34,111,2,751);
INSERT INTO TBL_SUCURSALPRODUCTO (ID_SUCURSALPRODUCTO,Id_Producto,Id_Sucursal,CANTIDAD_SUCURSALPRODUCTO)
VALUES (35,146,3,568);
INSERT INTO TBL_SUCURSALPRODUCTO (ID_SUCURSALPRODUCTO,Id_Producto,Id_Sucursal,CANTIDAD_SUCURSALPRODUCTO)
VALUES (36,98,2,187);
INSERT INTO TBL_SUCURSALPRODUCTO (ID_SUCURSALPRODUCTO,Id_Producto,Id_Sucursal,CANTIDAD_SUCURSALPRODUCTO)
VALUES (37,23,2,481);
INSERT INTO TBL_SUCURSALPRODUCTO (ID_SUCURSALPRODUCTO,Id_Producto,Id_Sucursal,CANTIDAD_SUCURSALPRODUCTO)
VALUES (38,107,3,100);
INSERT INTO TBL_SUCURSALPRODUCTO (ID_SUCURSALPRODUCTO,Id_Producto,Id_Sucursal,CANTIDAD_SUCURSALPRODUCTO)
VALUES (39,106,1,908);
INSERT INTO TBL_SUCURSALPRODUCTO (ID_SUCURSALPRODUCTO,Id_Producto,Id_Sucursal,CANTIDAD_SUCURSALPRODUCTO)
VALUES (40,134,2,784);
INSERT INTO TBL_SUCURSALPRODUCTO (ID_SUCURSALPRODUCTO,Id_Producto,Id_Sucursal,CANTIDAD_SUCURSALPRODUCTO)
VALUES (41,80,3,434);
INSERT INTO TBL_SUCURSALPRODUCTO (ID_SUCURSALPRODUCTO,Id_Producto,Id_Sucursal,CANTIDAD_SUCURSALPRODUCTO)
VALUES (42,79,3,761);
INSERT INTO TBL_SUCURSALPRODUCTO (ID_SUCURSALPRODUCTO,Id_Producto,Id_Sucursal,CANTIDAD_SUCURSALPRODUCTO)
VALUES (43,38,1,672);
INSERT INTO TBL_SUCURSALPRODUCTO (ID_SUCURSALPRODUCTO,Id_Producto,Id_Sucursal,CANTIDAD_SUCURSALPRODUCTO)
VALUES (44,15,3,542);
INSERT INTO TBL_SUCURSALPRODUCTO (ID_SUCURSALPRODUCTO,Id_Producto,Id_Sucursal,CANTIDAD_SUCURSALPRODUCTO)
VALUES (45,79,4,865);
INSERT INTO TBL_SUCURSALPRODUCTO (ID_SUCURSALPRODUCTO,Id_Producto,Id_Sucursal,CANTIDAD_SUCURSALPRODUCTO)
VALUES (46,147,2,767);
INSERT INTO TBL_SUCURSALPRODUCTO (ID_SUCURSALPRODUCTO,Id_Producto,Id_Sucursal,CANTIDAD_SUCURSALPRODUCTO)
VALUES (47,37,2,860);
INSERT INTO TBL_SUCURSALPRODUCTO (ID_SUCURSALPRODUCTO,Id_Producto,Id_Sucursal,CANTIDAD_SUCURSALPRODUCTO)
VALUES (48,93,2,965);
INSERT INTO TBL_SUCURSALPRODUCTO (ID_SUCURSALPRODUCTO,Id_Producto,Id_Sucursal,CANTIDAD_SUCURSALPRODUCTO)
VALUES (49,83,3,631);
INSERT INTO TBL_SUCURSALPRODUCTO (ID_SUCURSALPRODUCTO,Id_Producto,Id_Sucursal,CANTIDAD_SUCURSALPRODUCTO)
VALUES (50,63,3,730);
INSERT INTO TBL_SUCURSALPRODUCTO (ID_SUCURSALPRODUCTO,Id_Producto,Id_Sucursal,CANTIDAD_SUCURSALPRODUCTO)
VALUES (51,28,3,377);
INSERT INTO TBL_SUCURSALPRODUCTO (ID_SUCURSALPRODUCTO,Id_Producto,Id_Sucursal,CANTIDAD_SUCURSALPRODUCTO)
VALUES (52,97,2,203);
INSERT INTO TBL_SUCURSALPRODUCTO (ID_SUCURSALPRODUCTO,Id_Producto,Id_Sucursal,CANTIDAD_SUCURSALPRODUCTO)
VALUES (53,87,2,228);
INSERT INTO TBL_SUCURSALPRODUCTO (ID_SUCURSALPRODUCTO,Id_Producto,Id_Sucursal,CANTIDAD_SUCURSALPRODUCTO)
VALUES (54,50,3,723);
INSERT INTO TBL_SUCURSALPRODUCTO (ID_SUCURSALPRODUCTO,Id_Producto,Id_Sucursal,CANTIDAD_SUCURSALPRODUCTO)
VALUES (55,136,2,16);
INSERT INTO TBL_SUCURSALPRODUCTO (ID_SUCURSALPRODUCTO,Id_Producto,Id_Sucursal,CANTIDAD_SUCURSALPRODUCTO)
VALUES (56,74,3,26);
INSERT INTO TBL_SUCURSALPRODUCTO (ID_SUCURSALPRODUCTO,Id_Producto,Id_Sucursal,CANTIDAD_SUCURSALPRODUCTO)
VALUES (57,99,3,396);
INSERT INTO TBL_SUCURSALPRODUCTO (ID_SUCURSALPRODUCTO,Id_Producto,Id_Sucursal,CANTIDAD_SUCURSALPRODUCTO)
VALUES (58,75,4,523);
INSERT INTO TBL_SUCURSALPRODUCTO (ID_SUCURSALPRODUCTO,Id_Producto,Id_Sucursal,CANTIDAD_SUCURSALPRODUCTO)
VALUES (59,46,2,677);
INSERT INTO TBL_SUCURSALPRODUCTO (ID_SUCURSALPRODUCTO,Id_Producto,Id_Sucursal,CANTIDAD_SUCURSALPRODUCTO)
VALUES (60,64,2,16);
INSERT INTO TBL_SUCURSALPRODUCTO (ID_SUCURSALPRODUCTO,Id_Producto,Id_Sucursal,CANTIDAD_SUCURSALPRODUCTO)
VALUES (61,150,2,224);
INSERT INTO TBL_SUCURSALPRODUCTO (ID_SUCURSALPRODUCTO,Id_Producto,Id_Sucursal,CANTIDAD_SUCURSALPRODUCTO)
VALUES (62,73,1,405);
INSERT INTO TBL_SUCURSALPRODUCTO (ID_SUCURSALPRODUCTO,Id_Producto,Id_Sucursal,CANTIDAD_SUCURSALPRODUCTO)
VALUES (63,109,1,51);
INSERT INTO TBL_SUCURSALPRODUCTO (ID_SUCURSALPRODUCTO,Id_Producto,Id_Sucursal,CANTIDAD_SUCURSALPRODUCTO)
VALUES (64,124,4,55);
INSERT INTO TBL_SUCURSALPRODUCTO (ID_SUCURSALPRODUCTO,Id_Producto,Id_Sucursal,CANTIDAD_SUCURSALPRODUCTO)
VALUES (65,42,3,236);
INSERT INTO TBL_SUCURSALPRODUCTO (ID_SUCURSALPRODUCTO,Id_Producto,Id_Sucursal,CANTIDAD_SUCURSALPRODUCTO)
VALUES (66,43,2,69);
INSERT INTO TBL_SUCURSALPRODUCTO (ID_SUCURSALPRODUCTO,Id_Producto,Id_Sucursal,CANTIDAD_SUCURSALPRODUCTO)
VALUES (67,25,2,21);
INSERT INTO TBL_SUCURSALPRODUCTO (ID_SUCURSALPRODUCTO,Id_Producto,Id_Sucursal,CANTIDAD_SUCURSALPRODUCTO)
VALUES (68,91,2,584);
INSERT INTO TBL_SUCURSALPRODUCTO (ID_SUCURSALPRODUCTO,Id_Producto,Id_Sucursal,CANTIDAD_SUCURSALPRODUCTO)
VALUES (69,62,3,317);
INSERT INTO TBL_SUCURSALPRODUCTO (ID_SUCURSALPRODUCTO,Id_Producto,Id_Sucursal,CANTIDAD_SUCURSALPRODUCTO)
VALUES (70,124,3,255);
INSERT INTO TBL_SUCURSALPRODUCTO (ID_SUCURSALPRODUCTO,Id_Producto,Id_Sucursal,CANTIDAD_SUCURSALPRODUCTO)
VALUES (71,65,3,457);
INSERT INTO TBL_SUCURSALPRODUCTO (ID_SUCURSALPRODUCTO,Id_Producto,Id_Sucursal,CANTIDAD_SUCURSALPRODUCTO)
VALUES (72,35,4,573);
INSERT INTO TBL_SUCURSALPRODUCTO (ID_SUCURSALPRODUCTO,Id_Producto,Id_Sucursal,CANTIDAD_SUCURSALPRODUCTO)
VALUES (73,41,2,688);
INSERT INTO TBL_SUCURSALPRODUCTO (ID_SUCURSALPRODUCTO,Id_Producto,Id_Sucursal,CANTIDAD_SUCURSALPRODUCTO)
VALUES (74,135,4,517);
INSERT INTO TBL_SUCURSALPRODUCTO (ID_SUCURSALPRODUCTO,Id_Producto,Id_Sucursal,CANTIDAD_SUCURSALPRODUCTO)
VALUES (75,109,4,448);
INSERT INTO TBL_SUCURSALPRODUCTO (ID_SUCURSALPRODUCTO,Id_Producto,Id_Sucursal,CANTIDAD_SUCURSALPRODUCTO)
VALUES (76,62,4,931);
INSERT INTO TBL_SUCURSALPRODUCTO (ID_SUCURSALPRODUCTO,Id_Producto,Id_Sucursal,CANTIDAD_SUCURSALPRODUCTO)
VALUES (77,145,2,580);
INSERT INTO TBL_SUCURSALPRODUCTO (ID_SUCURSALPRODUCTO,Id_Producto,Id_Sucursal,CANTIDAD_SUCURSALPRODUCTO)
VALUES (78,11,4,965);
INSERT INTO TBL_SUCURSALPRODUCTO (ID_SUCURSALPRODUCTO,Id_Producto,Id_Sucursal,CANTIDAD_SUCURSALPRODUCTO)
VALUES (79,53,2,560);
INSERT INTO TBL_SUCURSALPRODUCTO (ID_SUCURSALPRODUCTO,Id_Producto,Id_Sucursal,CANTIDAD_SUCURSALPRODUCTO)
VALUES (80,11,2,810);
INSERT INTO TBL_SUCURSALPRODUCTO (ID_SUCURSALPRODUCTO,Id_Producto,Id_Sucursal,CANTIDAD_SUCURSALPRODUCTO)
VALUES (81,12,2,672);
INSERT INTO TBL_SUCURSALPRODUCTO (ID_SUCURSALPRODUCTO,Id_Producto,Id_Sucursal,CANTIDAD_SUCURSALPRODUCTO)
VALUES (82,96,3,294);
INSERT INTO TBL_SUCURSALPRODUCTO (ID_SUCURSALPRODUCTO,Id_Producto,Id_Sucursal,CANTIDAD_SUCURSALPRODUCTO)
VALUES (83,81,3,149);
INSERT INTO TBL_SUCURSALPRODUCTO (ID_SUCURSALPRODUCTO,Id_Producto,Id_Sucursal,CANTIDAD_SUCURSALPRODUCTO)
VALUES (84,42,2,184);
INSERT INTO TBL_SUCURSALPRODUCTO (ID_SUCURSALPRODUCTO,Id_Producto,Id_Sucursal,CANTIDAD_SUCURSALPRODUCTO)
VALUES (85,97,1,754);
INSERT INTO TBL_SUCURSALPRODUCTO (ID_SUCURSALPRODUCTO,Id_Producto,Id_Sucursal,CANTIDAD_SUCURSALPRODUCTO)
VALUES (86,36,3,17);
INSERT INTO TBL_SUCURSALPRODUCTO (ID_SUCURSALPRODUCTO,Id_Producto,Id_Sucursal,CANTIDAD_SUCURSALPRODUCTO)
VALUES (87,135,1,998);
INSERT INTO TBL_SUCURSALPRODUCTO (ID_SUCURSALPRODUCTO,Id_Producto,Id_Sucursal,CANTIDAD_SUCURSALPRODUCTO)
VALUES (88,111,1,629);
INSERT INTO TBL_SUCURSALPRODUCTO (ID_SUCURSALPRODUCTO,Id_Producto,Id_Sucursal,CANTIDAD_SUCURSALPRODUCTO)
VALUES (89,79,1,711);
INSERT INTO TBL_SUCURSALPRODUCTO (ID_SUCURSALPRODUCTO,Id_Producto,Id_Sucursal,CANTIDAD_SUCURSALPRODUCTO)
VALUES (90,109,2,415);
INSERT INTO TBL_SUCURSALPRODUCTO (ID_SUCURSALPRODUCTO,Id_Producto,Id_Sucursal,CANTIDAD_SUCURSALPRODUCTO)
VALUES (91,87,1,57);
INSERT INTO TBL_SUCURSALPRODUCTO (ID_SUCURSALPRODUCTO,Id_Producto,Id_Sucursal,CANTIDAD_SUCURSALPRODUCTO)
VALUES (92,58,4,66);
INSERT INTO TBL_SUCURSALPRODUCTO (ID_SUCURSALPRODUCTO,Id_Producto,Id_Sucursal,CANTIDAD_SUCURSALPRODUCTO)
VALUES (93,15,3,315);
INSERT INTO TBL_SUCURSALPRODUCTO (ID_SUCURSALPRODUCTO,Id_Producto,Id_Sucursal,CANTIDAD_SUCURSALPRODUCTO)
VALUES (94,149,1,728);
INSERT INTO TBL_SUCURSALPRODUCTO (ID_SUCURSALPRODUCTO,Id_Producto,Id_Sucursal,CANTIDAD_SUCURSALPRODUCTO)
VALUES (95,88,2,567);
INSERT INTO TBL_SUCURSALPRODUCTO (ID_SUCURSALPRODUCTO,Id_Producto,Id_Sucursal,CANTIDAD_SUCURSALPRODUCTO)
VALUES (96,5,2,930);
INSERT INTO TBL_SUCURSALPRODUCTO (ID_SUCURSALPRODUCTO,Id_Producto,Id_Sucursal,CANTIDAD_SUCURSALPRODUCTO)
VALUES (97,9,3,755);
INSERT INTO TBL_SUCURSALPRODUCTO (ID_SUCURSALPRODUCTO,Id_Producto,Id_Sucursal,CANTIDAD_SUCURSALPRODUCTO)
VALUES (98,29,2,943);
INSERT INTO TBL_SUCURSALPRODUCTO (ID_SUCURSALPRODUCTO,Id_Producto,Id_Sucursal,CANTIDAD_SUCURSALPRODUCTO)
VALUES (99,8,1,166);
INSERT INTO TBL_SUCURSALPRODUCTO (ID_SUCURSALPRODUCTO,Id_Producto,Id_Sucursal,CANTIDAD_SUCURSALPRODUCTO)
VALUES (100,56,1,994);
INSERT INTO TBL_SUCURSALPRODUCTO (ID_SUCURSALPRODUCTO,Id_Producto,Id_Sucursal,CANTIDAD_SUCURSALPRODUCTO)
VALUES (101,18,2,652);
INSERT INTO TBL_SUCURSALPRODUCTO (ID_SUCURSALPRODUCTO,Id_Producto,Id_Sucursal,CANTIDAD_SUCURSALPRODUCTO)
VALUES (102,66,3,993);
INSERT INTO TBL_SUCURSALPRODUCTO (ID_SUCURSALPRODUCTO,Id_Producto,Id_Sucursal,CANTIDAD_SUCURSALPRODUCTO)
VALUES (103,128,2,589);
INSERT INTO TBL_SUCURSALPRODUCTO (ID_SUCURSALPRODUCTO,Id_Producto,Id_Sucursal,CANTIDAD_SUCURSALPRODUCTO)
VALUES (104,80,1,634);
INSERT INTO TBL_SUCURSALPRODUCTO (ID_SUCURSALPRODUCTO,Id_Producto,Id_Sucursal,CANTIDAD_SUCURSALPRODUCTO)
VALUES (105,129,4,892);
INSERT INTO TBL_SUCURSALPRODUCTO (ID_SUCURSALPRODUCTO,Id_Producto,Id_Sucursal,CANTIDAD_SUCURSALPRODUCTO)
VALUES (106,30,3,759);
INSERT INTO TBL_SUCURSALPRODUCTO (ID_SUCURSALPRODUCTO,Id_Producto,Id_Sucursal,CANTIDAD_SUCURSALPRODUCTO)
VALUES (107,66,2,749);
INSERT INTO TBL_SUCURSALPRODUCTO (ID_SUCURSALPRODUCTO,Id_Producto,Id_Sucursal,CANTIDAD_SUCURSALPRODUCTO)
VALUES (108,55,1,387);
INSERT INTO TBL_SUCURSALPRODUCTO (ID_SUCURSALPRODUCTO,Id_Producto,Id_Sucursal,CANTIDAD_SUCURSALPRODUCTO)
VALUES (109,136,4,554);
INSERT INTO TBL_SUCURSALPRODUCTO (ID_SUCURSALPRODUCTO,Id_Producto,Id_Sucursal,CANTIDAD_SUCURSALPRODUCTO)
VALUES (110,19,2,876);
INSERT INTO TBL_SUCURSALPRODUCTO (ID_SUCURSALPRODUCTO,Id_Producto,Id_Sucursal,CANTIDAD_SUCURSALPRODUCTO)
VALUES (111,115,3,232);
INSERT INTO TBL_SUCURSALPRODUCTO (ID_SUCURSALPRODUCTO,Id_Producto,Id_Sucursal,CANTIDAD_SUCURSALPRODUCTO)
VALUES (112,115,2,922);
INSERT INTO TBL_SUCURSALPRODUCTO (ID_SUCURSALPRODUCTO,Id_Producto,Id_Sucursal,CANTIDAD_SUCURSALPRODUCTO)
VALUES (113,81,3,574);
INSERT INTO TBL_SUCURSALPRODUCTO (ID_SUCURSALPRODUCTO,Id_Producto,Id_Sucursal,CANTIDAD_SUCURSALPRODUCTO)
VALUES (114,55,2,179);
INSERT INTO TBL_SUCURSALPRODUCTO (ID_SUCURSALPRODUCTO,Id_Producto,Id_Sucursal,CANTIDAD_SUCURSALPRODUCTO)
VALUES (115,35,2,146);
INSERT INTO TBL_SUCURSALPRODUCTO (ID_SUCURSALPRODUCTO,Id_Producto,Id_Sucursal,CANTIDAD_SUCURSALPRODUCTO)
VALUES (116,71,3,346);
INSERT INTO TBL_SUCURSALPRODUCTO (ID_SUCURSALPRODUCTO,Id_Producto,Id_Sucursal,CANTIDAD_SUCURSALPRODUCTO)
VALUES (117,45,4,85);
INSERT INTO TBL_SUCURSALPRODUCTO (ID_SUCURSALPRODUCTO,Id_Producto,Id_Sucursal,CANTIDAD_SUCURSALPRODUCTO)
VALUES (118,14,3,991);
INSERT INTO TBL_SUCURSALPRODUCTO (ID_SUCURSALPRODUCTO,Id_Producto,Id_Sucursal,CANTIDAD_SUCURSALPRODUCTO)
VALUES (119,41,4,781);
INSERT INTO TBL_SUCURSALPRODUCTO (ID_SUCURSALPRODUCTO,Id_Producto,Id_Sucursal,CANTIDAD_SUCURSALPRODUCTO)
VALUES (120,140,2,626);
INSERT INTO TBL_SUCURSALPRODUCTO (ID_SUCURSALPRODUCTO,Id_Producto,Id_Sucursal,CANTIDAD_SUCURSALPRODUCTO)
VALUES (121,84,3,419);
INSERT INTO TBL_SUCURSALPRODUCTO (ID_SUCURSALPRODUCTO,Id_Producto,Id_Sucursal,CANTIDAD_SUCURSALPRODUCTO)
VALUES (122,23,1,912);
INSERT INTO TBL_SUCURSALPRODUCTO (ID_SUCURSALPRODUCTO,Id_Producto,Id_Sucursal,CANTIDAD_SUCURSALPRODUCTO)
VALUES (123,12,1,26);
INSERT INTO TBL_SUCURSALPRODUCTO (ID_SUCURSALPRODUCTO,Id_Producto,Id_Sucursal,CANTIDAD_SUCURSALPRODUCTO)
VALUES (124,57,2,742);
INSERT INTO TBL_SUCURSALPRODUCTO (ID_SUCURSALPRODUCTO,Id_Producto,Id_Sucursal,CANTIDAD_SUCURSALPRODUCTO)
VALUES (125,8,1,959);
INSERT INTO TBL_SUCURSALPRODUCTO (ID_SUCURSALPRODUCTO,Id_Producto,Id_Sucursal,CANTIDAD_SUCURSALPRODUCTO)
VALUES (126,45,2,152);
INSERT INTO TBL_SUCURSALPRODUCTO (ID_SUCURSALPRODUCTO,Id_Producto,Id_Sucursal,CANTIDAD_SUCURSALPRODUCTO)
VALUES (127,44,3,139);
INSERT INTO TBL_SUCURSALPRODUCTO (ID_SUCURSALPRODUCTO,Id_Producto,Id_Sucursal,CANTIDAD_SUCURSALPRODUCTO)
VALUES (128,15,4,227);
INSERT INTO TBL_SUCURSALPRODUCTO (ID_SUCURSALPRODUCTO,Id_Producto,Id_Sucursal,CANTIDAD_SUCURSALPRODUCTO)
VALUES (129,79,3,260);
INSERT INTO TBL_SUCURSALPRODUCTO (ID_SUCURSALPRODUCTO,Id_Producto,Id_Sucursal,CANTIDAD_SUCURSALPRODUCTO)
VALUES (130,120,2,598);
INSERT INTO TBL_SUCURSALPRODUCTO (ID_SUCURSALPRODUCTO,Id_Producto,Id_Sucursal,CANTIDAD_SUCURSALPRODUCTO)
VALUES (131,95,2,591);
INSERT INTO TBL_SUCURSALPRODUCTO (ID_SUCURSALPRODUCTO,Id_Producto,Id_Sucursal,CANTIDAD_SUCURSALPRODUCTO)
VALUES (132,105,3,61);
INSERT INTO TBL_SUCURSALPRODUCTO (ID_SUCURSALPRODUCTO,Id_Producto,Id_Sucursal,CANTIDAD_SUCURSALPRODUCTO)
VALUES (133,51,3,241);
INSERT INTO TBL_SUCURSALPRODUCTO (ID_SUCURSALPRODUCTO,Id_Producto,Id_Sucursal,CANTIDAD_SUCURSALPRODUCTO)
VALUES (134,7,3,675);
INSERT INTO TBL_SUCURSALPRODUCTO (ID_SUCURSALPRODUCTO,Id_Producto,Id_Sucursal,CANTIDAD_SUCURSALPRODUCTO)
VALUES (135,148,1,272);
INSERT INTO TBL_SUCURSALPRODUCTO (ID_SUCURSALPRODUCTO,Id_Producto,Id_Sucursal,CANTIDAD_SUCURSALPRODUCTO)
VALUES (136,114,2,247);
INSERT INTO TBL_SUCURSALPRODUCTO (ID_SUCURSALPRODUCTO,Id_Producto,Id_Sucursal,CANTIDAD_SUCURSALPRODUCTO)
VALUES (137,100,3,514);
INSERT INTO TBL_SUCURSALPRODUCTO (ID_SUCURSALPRODUCTO,Id_Producto,Id_Sucursal,CANTIDAD_SUCURSALPRODUCTO)
VALUES (138,33,1,729);
INSERT INTO TBL_SUCURSALPRODUCTO (ID_SUCURSALPRODUCTO,Id_Producto,Id_Sucursal,CANTIDAD_SUCURSALPRODUCTO)
VALUES (139,135,2,742);
INSERT INTO TBL_SUCURSALPRODUCTO (ID_SUCURSALPRODUCTO,Id_Producto,Id_Sucursal,CANTIDAD_SUCURSALPRODUCTO)
VALUES (140,94,2,168);
INSERT INTO TBL_SUCURSALPRODUCTO (ID_SUCURSALPRODUCTO,Id_Producto,Id_Sucursal,CANTIDAD_SUCURSALPRODUCTO)
VALUES (141,136,3,917);
INSERT INTO TBL_SUCURSALPRODUCTO (ID_SUCURSALPRODUCTO,Id_Producto,Id_Sucursal,CANTIDAD_SUCURSALPRODUCTO)
VALUES (142,61,3,367);
INSERT INTO TBL_SUCURSALPRODUCTO (ID_SUCURSALPRODUCTO,Id_Producto,Id_Sucursal,CANTIDAD_SUCURSALPRODUCTO)
VALUES (143,72,2,423);
INSERT INTO TBL_SUCURSALPRODUCTO (ID_SUCURSALPRODUCTO,Id_Producto,Id_Sucursal,CANTIDAD_SUCURSALPRODUCTO)
VALUES (144,138,4,7);
INSERT INTO TBL_SUCURSALPRODUCTO (ID_SUCURSALPRODUCTO,Id_Producto,Id_Sucursal,CANTIDAD_SUCURSALPRODUCTO)
VALUES (145,128,3,926);
INSERT INTO TBL_SUCURSALPRODUCTO (ID_SUCURSALPRODUCTO,Id_Producto,Id_Sucursal,CANTIDAD_SUCURSALPRODUCTO)
VALUES (146,57,4,997);
INSERT INTO TBL_SUCURSALPRODUCTO (ID_SUCURSALPRODUCTO,Id_Producto,Id_Sucursal,CANTIDAD_SUCURSALPRODUCTO)
VALUES (147,100,3,789);
INSERT INTO TBL_SUCURSALPRODUCTO (ID_SUCURSALPRODUCTO,Id_Producto,Id_Sucursal,CANTIDAD_SUCURSALPRODUCTO)
VALUES (148,129,3,993);
INSERT INTO TBL_SUCURSALPRODUCTO (ID_SUCURSALPRODUCTO,Id_Producto,Id_Sucursal,CANTIDAD_SUCURSALPRODUCTO)
VALUES (149,24,2,799);
INSERT INTO TBL_SUCURSALPRODUCTO (ID_SUCURSALPRODUCTO,Id_Producto,Id_Sucursal,CANTIDAD_SUCURSALPRODUCTO)
VALUES (150,88,3,522);
INSERT INTO TBL_SUCURSALPRODUCTO (ID_SUCURSALPRODUCTO,Id_Producto,Id_Sucursal,CANTIDAD_SUCURSALPRODUCTO)
VALUES (151,42,4,727);
INSERT INTO TBL_SUCURSALPRODUCTO (ID_SUCURSALPRODUCTO,Id_Producto,Id_Sucursal,CANTIDAD_SUCURSALPRODUCTO)
VALUES (152,144,4,793);
INSERT INTO TBL_SUCURSALPRODUCTO (ID_SUCURSALPRODUCTO,Id_Producto,Id_Sucursal,CANTIDAD_SUCURSALPRODUCTO)
VALUES (153,11,2,386);
INSERT INTO TBL_SUCURSALPRODUCTO (ID_SUCURSALPRODUCTO,Id_Producto,Id_Sucursal,CANTIDAD_SUCURSALPRODUCTO)
VALUES (154,30,2,794);
INSERT INTO TBL_SUCURSALPRODUCTO (ID_SUCURSALPRODUCTO,Id_Producto,Id_Sucursal,CANTIDAD_SUCURSALPRODUCTO)
VALUES (155,6,4,678);
INSERT INTO TBL_SUCURSALPRODUCTO (ID_SUCURSALPRODUCTO,Id_Producto,Id_Sucursal,CANTIDAD_SUCURSALPRODUCTO)
VALUES (156,119,3,203);
INSERT INTO TBL_SUCURSALPRODUCTO (ID_SUCURSALPRODUCTO,Id_Producto,Id_Sucursal,CANTIDAD_SUCURSALPRODUCTO)
VALUES (157,34,4,122);
INSERT INTO TBL_SUCURSALPRODUCTO (ID_SUCURSALPRODUCTO,Id_Producto,Id_Sucursal,CANTIDAD_SUCURSALPRODUCTO)
VALUES (158,100,3,338);
INSERT INTO TBL_SUCURSALPRODUCTO (ID_SUCURSALPRODUCTO,Id_Producto,Id_Sucursal,CANTIDAD_SUCURSALPRODUCTO)
VALUES (159,114,3,380);
INSERT INTO TBL_SUCURSALPRODUCTO (ID_SUCURSALPRODUCTO,Id_Producto,Id_Sucursal,CANTIDAD_SUCURSALPRODUCTO)
VALUES (160,127,2,769);
INSERT INTO TBL_SUCURSALPRODUCTO (ID_SUCURSALPRODUCTO,Id_Producto,Id_Sucursal,CANTIDAD_SUCURSALPRODUCTO)
VALUES (161,91,3,632);
INSERT INTO TBL_SUCURSALPRODUCTO (ID_SUCURSALPRODUCTO,Id_Producto,Id_Sucursal,CANTIDAD_SUCURSALPRODUCTO)
VALUES (162,128,2,544);
INSERT INTO TBL_SUCURSALPRODUCTO (ID_SUCURSALPRODUCTO,Id_Producto,Id_Sucursal,CANTIDAD_SUCURSALPRODUCTO)
VALUES (163,111,4,696);
INSERT INTO TBL_SUCURSALPRODUCTO (ID_SUCURSALPRODUCTO,Id_Producto,Id_Sucursal,CANTIDAD_SUCURSALPRODUCTO)
VALUES (164,23,2,404);
INSERT INTO TBL_SUCURSALPRODUCTO (ID_SUCURSALPRODUCTO,Id_Producto,Id_Sucursal,CANTIDAD_SUCURSALPRODUCTO)
VALUES (165,29,3,182);
INSERT INTO TBL_SUCURSALPRODUCTO (ID_SUCURSALPRODUCTO,Id_Producto,Id_Sucursal,CANTIDAD_SUCURSALPRODUCTO)
VALUES (166,106,1,171);
INSERT INTO TBL_SUCURSALPRODUCTO (ID_SUCURSALPRODUCTO,Id_Producto,Id_Sucursal,CANTIDAD_SUCURSALPRODUCTO)
VALUES (167,106,2,119);
INSERT INTO TBL_SUCURSALPRODUCTO (ID_SUCURSALPRODUCTO,Id_Producto,Id_Sucursal,CANTIDAD_SUCURSALPRODUCTO)
VALUES (168,137,3,979);
INSERT INTO TBL_SUCURSALPRODUCTO (ID_SUCURSALPRODUCTO,Id_Producto,Id_Sucursal,CANTIDAD_SUCURSALPRODUCTO)
VALUES (169,95,3,325);
INSERT INTO TBL_SUCURSALPRODUCTO (ID_SUCURSALPRODUCTO,Id_Producto,Id_Sucursal,CANTIDAD_SUCURSALPRODUCTO)
VALUES (170,70,3,304);
INSERT INTO TBL_SUCURSALPRODUCTO (ID_SUCURSALPRODUCTO,Id_Producto,Id_Sucursal,CANTIDAD_SUCURSALPRODUCTO)
VALUES (171,64,3,645);
INSERT INTO TBL_SUCURSALPRODUCTO (ID_SUCURSALPRODUCTO,Id_Producto,Id_Sucursal,CANTIDAD_SUCURSALPRODUCTO)
VALUES (172,78,2,922);
INSERT INTO TBL_SUCURSALPRODUCTO (ID_SUCURSALPRODUCTO,Id_Producto,Id_Sucursal,CANTIDAD_SUCURSALPRODUCTO)
VALUES (173,51,2,444);
INSERT INTO TBL_SUCURSALPRODUCTO (ID_SUCURSALPRODUCTO,Id_Producto,Id_Sucursal,CANTIDAD_SUCURSALPRODUCTO)
VALUES (174,86,3,534);
INSERT INTO TBL_SUCURSALPRODUCTO (ID_SUCURSALPRODUCTO,Id_Producto,Id_Sucursal,CANTIDAD_SUCURSALPRODUCTO)
VALUES (175,119,2,546);
INSERT INTO TBL_SUCURSALPRODUCTO (ID_SUCURSALPRODUCTO,Id_Producto,Id_Sucursal,CANTIDAD_SUCURSALPRODUCTO)
VALUES (176,145,3,962);
INSERT INTO TBL_SUCURSALPRODUCTO (ID_SUCURSALPRODUCTO,Id_Producto,Id_Sucursal,CANTIDAD_SUCURSALPRODUCTO)
VALUES (177,101,3,110);
INSERT INTO TBL_SUCURSALPRODUCTO (ID_SUCURSALPRODUCTO,Id_Producto,Id_Sucursal,CANTIDAD_SUCURSALPRODUCTO)
VALUES (178,100,3,416);
INSERT INTO TBL_SUCURSALPRODUCTO (ID_SUCURSALPRODUCTO,Id_Producto,Id_Sucursal,CANTIDAD_SUCURSALPRODUCTO)
VALUES (179,32,3,391);
INSERT INTO TBL_SUCURSALPRODUCTO (ID_SUCURSALPRODUCTO,Id_Producto,Id_Sucursal,CANTIDAD_SUCURSALPRODUCTO)
VALUES (180,99,3,483);
INSERT INTO TBL_SUCURSALPRODUCTO (ID_SUCURSALPRODUCTO,Id_Producto,Id_Sucursal,CANTIDAD_SUCURSALPRODUCTO)
VALUES (181,63,1,314);
INSERT INTO TBL_SUCURSALPRODUCTO (ID_SUCURSALPRODUCTO,Id_Producto,Id_Sucursal,CANTIDAD_SUCURSALPRODUCTO)
VALUES (182,65,2,323);
INSERT INTO TBL_SUCURSALPRODUCTO (ID_SUCURSALPRODUCTO,Id_Producto,Id_Sucursal,CANTIDAD_SUCURSALPRODUCTO)
VALUES (183,54,2,310);
INSERT INTO TBL_SUCURSALPRODUCTO (ID_SUCURSALPRODUCTO,Id_Producto,Id_Sucursal,CANTIDAD_SUCURSALPRODUCTO)
VALUES (184,21,4,658);
INSERT INTO TBL_SUCURSALPRODUCTO (ID_SUCURSALPRODUCTO,Id_Producto,Id_Sucursal,CANTIDAD_SUCURSALPRODUCTO)
VALUES (185,76,1,316);
INSERT INTO TBL_SUCURSALPRODUCTO (ID_SUCURSALPRODUCTO,Id_Producto,Id_Sucursal,CANTIDAD_SUCURSALPRODUCTO)
VALUES (186,115,2,89);
INSERT INTO TBL_SUCURSALPRODUCTO (ID_SUCURSALPRODUCTO,Id_Producto,Id_Sucursal,CANTIDAD_SUCURSALPRODUCTO)
VALUES (187,95,2,315);
INSERT INTO TBL_SUCURSALPRODUCTO (ID_SUCURSALPRODUCTO,Id_Producto,Id_Sucursal,CANTIDAD_SUCURSALPRODUCTO)
VALUES (188,59,4,505);
INSERT INTO TBL_SUCURSALPRODUCTO (ID_SUCURSALPRODUCTO,Id_Producto,Id_Sucursal,CANTIDAD_SUCURSALPRODUCTO)
VALUES (189,94,4,139);
INSERT INTO TBL_SUCURSALPRODUCTO (ID_SUCURSALPRODUCTO,Id_Producto,Id_Sucursal,CANTIDAD_SUCURSALPRODUCTO)
VALUES (190,73,2,968);
INSERT INTO TBL_SUCURSALPRODUCTO (ID_SUCURSALPRODUCTO,Id_Producto,Id_Sucursal,CANTIDAD_SUCURSALPRODUCTO)
VALUES (191,37,1,772);
INSERT INTO TBL_SUCURSALPRODUCTO (ID_SUCURSALPRODUCTO,Id_Producto,Id_Sucursal,CANTIDAD_SUCURSALPRODUCTO)
VALUES (192,33,3,460);
INSERT INTO TBL_SUCURSALPRODUCTO (ID_SUCURSALPRODUCTO,Id_Producto,Id_Sucursal,CANTIDAD_SUCURSALPRODUCTO)
VALUES (193,110,1,206);
INSERT INTO TBL_SUCURSALPRODUCTO (ID_SUCURSALPRODUCTO,Id_Producto,Id_Sucursal,CANTIDAD_SUCURSALPRODUCTO)
VALUES (194,3,3,585);
INSERT INTO TBL_SUCURSALPRODUCTO (ID_SUCURSALPRODUCTO,Id_Producto,Id_Sucursal,CANTIDAD_SUCURSALPRODUCTO)
VALUES (195,129,2,738);
INSERT INTO TBL_SUCURSALPRODUCTO (ID_SUCURSALPRODUCTO,Id_Producto,Id_Sucursal,CANTIDAD_SUCURSALPRODUCTO)
VALUES (196,5,2,25);
INSERT INTO TBL_SUCURSALPRODUCTO (ID_SUCURSALPRODUCTO,Id_Producto,Id_Sucursal,CANTIDAD_SUCURSALPRODUCTO)
VALUES (197,92,2,667);
INSERT INTO TBL_SUCURSALPRODUCTO (ID_SUCURSALPRODUCTO,Id_Producto,Id_Sucursal,CANTIDAD_SUCURSALPRODUCTO)
VALUES (198,23,2,916);
INSERT INTO TBL_SUCURSALPRODUCTO (ID_SUCURSALPRODUCTO,Id_Producto,Id_Sucursal,CANTIDAD_SUCURSALPRODUCTO)
VALUES (199,141,2,985);
INSERT INTO TBL_SUCURSALPRODUCTO (ID_SUCURSALPRODUCTO,Id_Producto,Id_Sucursal,CANTIDAD_SUCURSALPRODUCTO)
VALUES (200,34,1,537);
INSERT INTO TBL_SUCURSALPRODUCTO (ID_SUCURSALPRODUCTO,Id_Producto,Id_Sucursal,CANTIDAD_SUCURSALPRODUCTO)
VALUES (201,150,4,891);
INSERT INTO TBL_SUCURSALPRODUCTO (ID_SUCURSALPRODUCTO,Id_Producto,Id_Sucursal,CANTIDAD_SUCURSALPRODUCTO)
VALUES (202,138,2,854);
INSERT INTO TBL_SUCURSALPRODUCTO (ID_SUCURSALPRODUCTO,Id_Producto,Id_Sucursal,CANTIDAD_SUCURSALPRODUCTO)
VALUES (203,73,1,411);
INSERT INTO TBL_SUCURSALPRODUCTO (ID_SUCURSALPRODUCTO,Id_Producto,Id_Sucursal,CANTIDAD_SUCURSALPRODUCTO)
VALUES (204,120,3,45);
INSERT INTO TBL_SUCURSALPRODUCTO (ID_SUCURSALPRODUCTO,Id_Producto,Id_Sucursal,CANTIDAD_SUCURSALPRODUCTO)
VALUES (205,115,3,429);
INSERT INTO TBL_SUCURSALPRODUCTO (ID_SUCURSALPRODUCTO,Id_Producto,Id_Sucursal,CANTIDAD_SUCURSALPRODUCTO)
VALUES (206,99,2,738);
INSERT INTO TBL_SUCURSALPRODUCTO (ID_SUCURSALPRODUCTO,Id_Producto,Id_Sucursal,CANTIDAD_SUCURSALPRODUCTO)
VALUES (207,34,2,853);
INSERT INTO TBL_SUCURSALPRODUCTO (ID_SUCURSALPRODUCTO,Id_Producto,Id_Sucursal,CANTIDAD_SUCURSALPRODUCTO)
VALUES (208,40,4,717);
INSERT INTO TBL_SUCURSALPRODUCTO (ID_SUCURSALPRODUCTO,Id_Producto,Id_Sucursal,CANTIDAD_SUCURSALPRODUCTO)
VALUES (209,89,2,12);
INSERT INTO TBL_SUCURSALPRODUCTO (ID_SUCURSALPRODUCTO,Id_Producto,Id_Sucursal,CANTIDAD_SUCURSALPRODUCTO)
VALUES (210,113,2,609);
INSERT INTO TBL_SUCURSALPRODUCTO (ID_SUCURSALPRODUCTO,Id_Producto,Id_Sucursal,CANTIDAD_SUCURSALPRODUCTO)
VALUES (211,93,2,865);
INSERT INTO TBL_SUCURSALPRODUCTO (ID_SUCURSALPRODUCTO,Id_Producto,Id_Sucursal,CANTIDAD_SUCURSALPRODUCTO)
VALUES (212,120,3,755);
INSERT INTO TBL_SUCURSALPRODUCTO (ID_SUCURSALPRODUCTO,Id_Producto,Id_Sucursal,CANTIDAD_SUCURSALPRODUCTO)
VALUES (213,107,3,133);
INSERT INTO TBL_SUCURSALPRODUCTO (ID_SUCURSALPRODUCTO,Id_Producto,Id_Sucursal,CANTIDAD_SUCURSALPRODUCTO)
VALUES (214,54,4,156);
INSERT INTO TBL_SUCURSALPRODUCTO (ID_SUCURSALPRODUCTO,Id_Producto,Id_Sucursal,CANTIDAD_SUCURSALPRODUCTO)
VALUES (215,131,2,961);
INSERT INTO TBL_SUCURSALPRODUCTO (ID_SUCURSALPRODUCTO,Id_Producto,Id_Sucursal,CANTIDAD_SUCURSALPRODUCTO)
VALUES (216,92,2,483);
INSERT INTO TBL_SUCURSALPRODUCTO (ID_SUCURSALPRODUCTO,Id_Producto,Id_Sucursal,CANTIDAD_SUCURSALPRODUCTO)
VALUES (217,36,3,953);
INSERT INTO TBL_SUCURSALPRODUCTO (ID_SUCURSALPRODUCTO,Id_Producto,Id_Sucursal,CANTIDAD_SUCURSALPRODUCTO)
VALUES (218,118,3,732);
INSERT INTO TBL_SUCURSALPRODUCTO (ID_SUCURSALPRODUCTO,Id_Producto,Id_Sucursal,CANTIDAD_SUCURSALPRODUCTO)
VALUES (219,132,3,322);
INSERT INTO TBL_SUCURSALPRODUCTO (ID_SUCURSALPRODUCTO,Id_Producto,Id_Sucursal,CANTIDAD_SUCURSALPRODUCTO)
VALUES (220,141,3,849);
INSERT INTO TBL_SUCURSALPRODUCTO (ID_SUCURSALPRODUCTO,Id_Producto,Id_Sucursal,CANTIDAD_SUCURSALPRODUCTO)
VALUES (221,51,4,930);
INSERT INTO TBL_SUCURSALPRODUCTO (ID_SUCURSALPRODUCTO,Id_Producto,Id_Sucursal,CANTIDAD_SUCURSALPRODUCTO)
VALUES (222,47,3,231);
INSERT INTO TBL_SUCURSALPRODUCTO (ID_SUCURSALPRODUCTO,Id_Producto,Id_Sucursal,CANTIDAD_SUCURSALPRODUCTO)
VALUES (223,69,2,905);
INSERT INTO TBL_SUCURSALPRODUCTO (ID_SUCURSALPRODUCTO,Id_Producto,Id_Sucursal,CANTIDAD_SUCURSALPRODUCTO)
VALUES (224,135,2,729);
INSERT INTO TBL_SUCURSALPRODUCTO (ID_SUCURSALPRODUCTO,Id_Producto,Id_Sucursal,CANTIDAD_SUCURSALPRODUCTO)
VALUES (225,91,4,700);
INSERT INTO TBL_SUCURSALPRODUCTO (ID_SUCURSALPRODUCTO,Id_Producto,Id_Sucursal,CANTIDAD_SUCURSALPRODUCTO)
VALUES (226,53,1,882);
INSERT INTO TBL_SUCURSALPRODUCTO (ID_SUCURSALPRODUCTO,Id_Producto,Id_Sucursal,CANTIDAD_SUCURSALPRODUCTO)
VALUES (227,104,3,656);
INSERT INTO TBL_SUCURSALPRODUCTO (ID_SUCURSALPRODUCTO,Id_Producto,Id_Sucursal,CANTIDAD_SUCURSALPRODUCTO)
VALUES (228,18,3,623);
INSERT INTO TBL_SUCURSALPRODUCTO (ID_SUCURSALPRODUCTO,Id_Producto,Id_Sucursal,CANTIDAD_SUCURSALPRODUCTO)
VALUES (229,144,1,783);
INSERT INTO TBL_SUCURSALPRODUCTO (ID_SUCURSALPRODUCTO,Id_Producto,Id_Sucursal,CANTIDAD_SUCURSALPRODUCTO)
VALUES (230,94,3,250);
INSERT INTO TBL_SUCURSALPRODUCTO (ID_SUCURSALPRODUCTO,Id_Producto,Id_Sucursal,CANTIDAD_SUCURSALPRODUCTO)
VALUES (231,36,3,182);
INSERT INTO TBL_SUCURSALPRODUCTO (ID_SUCURSALPRODUCTO,Id_Producto,Id_Sucursal,CANTIDAD_SUCURSALPRODUCTO)
VALUES (232,6,2,943);
INSERT INTO TBL_SUCURSALPRODUCTO (ID_SUCURSALPRODUCTO,Id_Producto,Id_Sucursal,CANTIDAD_SUCURSALPRODUCTO)
VALUES (233,118,1,676);
INSERT INTO TBL_SUCURSALPRODUCTO (ID_SUCURSALPRODUCTO,Id_Producto,Id_Sucursal,CANTIDAD_SUCURSALPRODUCTO)
VALUES (234,51,1,56);
INSERT INTO TBL_SUCURSALPRODUCTO (ID_SUCURSALPRODUCTO,Id_Producto,Id_Sucursal,CANTIDAD_SUCURSALPRODUCTO)
VALUES (235,22,3,898);
INSERT INTO TBL_SUCURSALPRODUCTO (ID_SUCURSALPRODUCTO,Id_Producto,Id_Sucursal,CANTIDAD_SUCURSALPRODUCTO)
VALUES (236,129,3,109);
INSERT INTO TBL_SUCURSALPRODUCTO (ID_SUCURSALPRODUCTO,Id_Producto,Id_Sucursal,CANTIDAD_SUCURSALPRODUCTO)
VALUES (237,128,4,86);
INSERT INTO TBL_SUCURSALPRODUCTO (ID_SUCURSALPRODUCTO,Id_Producto,Id_Sucursal,CANTIDAD_SUCURSALPRODUCTO)
VALUES (238,2,4,548);
INSERT INTO TBL_SUCURSALPRODUCTO (ID_SUCURSALPRODUCTO,Id_Producto,Id_Sucursal,CANTIDAD_SUCURSALPRODUCTO)
VALUES (239,2,3,425);
INSERT INTO TBL_SUCURSALPRODUCTO (ID_SUCURSALPRODUCTO,Id_Producto,Id_Sucursal,CANTIDAD_SUCURSALPRODUCTO)
VALUES (240,26,4,269);
INSERT INTO TBL_SUCURSALPRODUCTO (ID_SUCURSALPRODUCTO,Id_Producto,Id_Sucursal,CANTIDAD_SUCURSALPRODUCTO)
VALUES (241,87,1,726);
INSERT INTO TBL_SUCURSALPRODUCTO (ID_SUCURSALPRODUCTO,Id_Producto,Id_Sucursal,CANTIDAD_SUCURSALPRODUCTO)
VALUES (242,29,3,868);
INSERT INTO TBL_SUCURSALPRODUCTO (ID_SUCURSALPRODUCTO,Id_Producto,Id_Sucursal,CANTIDAD_SUCURSALPRODUCTO)
VALUES (243,36,1,833);
INSERT INTO TBL_SUCURSALPRODUCTO (ID_SUCURSALPRODUCTO,Id_Producto,Id_Sucursal,CANTIDAD_SUCURSALPRODUCTO)
VALUES (244,105,1,982);
INSERT INTO TBL_SUCURSALPRODUCTO (ID_SUCURSALPRODUCTO,Id_Producto,Id_Sucursal,CANTIDAD_SUCURSALPRODUCTO)
VALUES (245,72,1,375);
INSERT INTO TBL_SUCURSALPRODUCTO (ID_SUCURSALPRODUCTO,Id_Producto,Id_Sucursal,CANTIDAD_SUCURSALPRODUCTO)
VALUES (246,34,4,148);
INSERT INTO TBL_SUCURSALPRODUCTO (ID_SUCURSALPRODUCTO,Id_Producto,Id_Sucursal,CANTIDAD_SUCURSALPRODUCTO)
VALUES (247,92,2,713);
INSERT INTO TBL_SUCURSALPRODUCTO (ID_SUCURSALPRODUCTO,Id_Producto,Id_Sucursal,CANTIDAD_SUCURSALPRODUCTO)
VALUES (248,25,1,712);
INSERT INTO TBL_SUCURSALPRODUCTO (ID_SUCURSALPRODUCTO,Id_Producto,Id_Sucursal,CANTIDAD_SUCURSALPRODUCTO)
VALUES (249,97,1,256);
INSERT INTO TBL_SUCURSALPRODUCTO (ID_SUCURSALPRODUCTO,Id_Producto,Id_Sucursal,CANTIDAD_SUCURSALPRODUCTO)
VALUES (250,115,3,144);
commit;
--------------------------------

INSERT INTO TBL_MANTENIMIENTO (ID_MANTENIMIENTO,ID_ESTADOMANTENIMIENTO,Id_Sucursal,ID_VEHICULO,ID_EMPLEADO,FECHAINGRESO_MANTENIMIENTO,FECHASALIDA_MANTENIMIENTO,PRESUPUESTO_MANTENIMIENTO)
VALUES (1,1,2,9,29,'03/04/2022','21/08/2020',832155);
INSERT INTO TBL_MANTENIMIENTO (ID_MANTENIMIENTO,ID_ESTADOMANTENIMIENTO,Id_Sucursal,ID_VEHICULO,ID_EMPLEADO,FECHAINGRESO_MANTENIMIENTO,FECHASALIDA_MANTENIMIENTO,PRESUPUESTO_MANTENIMIENTO)
VALUES (2,3,3,5,31,'01/06/2021','20/06/2021',1256169);
INSERT INTO TBL_MANTENIMIENTO (ID_MANTENIMIENTO,ID_ESTADOMANTENIMIENTO,Id_Sucursal,ID_VEHICULO,ID_EMPLEADO,FECHAINGRESO_MANTENIMIENTO,FECHASALIDA_MANTENIMIENTO,PRESUPUESTO_MANTENIMIENTO)
VALUES (3,2,2,41,20,'17/10/2018','02/07/2019',2417392);
INSERT INTO TBL_MANTENIMIENTO (ID_MANTENIMIENTO,ID_ESTADOMANTENIMIENTO,Id_Sucursal,ID_VEHICULO,ID_EMPLEADO,FECHAINGRESO_MANTENIMIENTO,FECHASALIDA_MANTENIMIENTO,PRESUPUESTO_MANTENIMIENTO)
VALUES (4,2,3,31,49,'12/05/2020','07/12/2019',1038696);
INSERT INTO TBL_MANTENIMIENTO (ID_MANTENIMIENTO,ID_ESTADOMANTENIMIENTO,Id_Sucursal,ID_VEHICULO,ID_EMPLEADO,FECHAINGRESO_MANTENIMIENTO,FECHASALIDA_MANTENIMIENTO,PRESUPUESTO_MANTENIMIENTO)
VALUES (5,2,3,21,36,'14/11/2021','11/06/2021',1023593);
INSERT INTO TBL_MANTENIMIENTO (ID_MANTENIMIENTO,ID_ESTADOMANTENIMIENTO,Id_Sucursal,ID_VEHICULO,ID_EMPLEADO,FECHAINGRESO_MANTENIMIENTO,FECHASALIDA_MANTENIMIENTO,PRESUPUESTO_MANTENIMIENTO)
VALUES (6,4,3,5,31,'24/04/2019','22/10/2020',1461430);
INSERT INTO TBL_MANTENIMIENTO (ID_MANTENIMIENTO,ID_ESTADOMANTENIMIENTO,Id_Sucursal,ID_VEHICULO,ID_EMPLEADO,FECHAINGRESO_MANTENIMIENTO,FECHASALIDA_MANTENIMIENTO,PRESUPUESTO_MANTENIMIENTO)
VALUES (7,1,4,50,33,'05/12/2018','15/02/2020',2677639);
INSERT INTO TBL_MANTENIMIENTO (ID_MANTENIMIENTO,ID_ESTADOMANTENIMIENTO,Id_Sucursal,ID_VEHICULO,ID_EMPLEADO,FECHAINGRESO_MANTENIMIENTO,FECHASALIDA_MANTENIMIENTO,PRESUPUESTO_MANTENIMIENTO)
VALUES (8,3,3,31,47,'24/05/2022','20/11/2020',733083);
INSERT INTO TBL_MANTENIMIENTO (ID_MANTENIMIENTO,ID_ESTADOMANTENIMIENTO,Id_Sucursal,ID_VEHICULO,ID_EMPLEADO,FECHAINGRESO_MANTENIMIENTO,FECHASALIDA_MANTENIMIENTO,PRESUPUESTO_MANTENIMIENTO)
VALUES (9,4,2,27,9,'09/08/2019','17/09/2020',962215);
INSERT INTO TBL_MANTENIMIENTO (ID_MANTENIMIENTO,ID_ESTADOMANTENIMIENTO,Id_Sucursal,ID_VEHICULO,ID_EMPLEADO,FECHAINGRESO_MANTENIMIENTO,FECHASALIDA_MANTENIMIENTO,PRESUPUESTO_MANTENIMIENTO)
VALUES (10,3,3,40,24,'18/11/2019','14/08/2021',622177);
INSERT INTO TBL_MANTENIMIENTO (ID_MANTENIMIENTO,ID_ESTADOMANTENIMIENTO,Id_Sucursal,ID_VEHICULO,ID_EMPLEADO,FECHAINGRESO_MANTENIMIENTO,FECHASALIDA_MANTENIMIENTO,PRESUPUESTO_MANTENIMIENTO)
VALUES (11,1,3,24,47,'03/02/2019','06/03/2021',635260);
INSERT INTO TBL_MANTENIMIENTO (ID_MANTENIMIENTO,ID_ESTADOMANTENIMIENTO,Id_Sucursal,ID_VEHICULO,ID_EMPLEADO,FECHAINGRESO_MANTENIMIENTO,FECHASALIDA_MANTENIMIENTO,PRESUPUESTO_MANTENIMIENTO)
VALUES (12,3,4,44,25,'29/11/2019','20/07/2021',1242148);
INSERT INTO TBL_MANTENIMIENTO (ID_MANTENIMIENTO,ID_ESTADOMANTENIMIENTO,Id_Sucursal,ID_VEHICULO,ID_EMPLEADO,FECHAINGRESO_MANTENIMIENTO,FECHASALIDA_MANTENIMIENTO,PRESUPUESTO_MANTENIMIENTO)
VALUES (13,3,4,28,28,'05/06/2022','28/07/2022',2985994);
INSERT INTO TBL_MANTENIMIENTO (ID_MANTENIMIENTO,ID_ESTADOMANTENIMIENTO,Id_Sucursal,ID_VEHICULO,ID_EMPLEADO,FECHAINGRESO_MANTENIMIENTO,FECHASALIDA_MANTENIMIENTO,PRESUPUESTO_MANTENIMIENTO)
VALUES (14,4,4,33,48,'10/03/2021','15/01/2021',1616482);
INSERT INTO TBL_MANTENIMIENTO (ID_MANTENIMIENTO,ID_ESTADOMANTENIMIENTO,Id_Sucursal,ID_VEHICULO,ID_EMPLEADO,FECHAINGRESO_MANTENIMIENTO,FECHASALIDA_MANTENIMIENTO,PRESUPUESTO_MANTENIMIENTO)
VALUES (15,2,4,27,12,'31/12/2019','13/05/2022',1988977);
INSERT INTO TBL_MANTENIMIENTO (ID_MANTENIMIENTO,ID_ESTADOMANTENIMIENTO,Id_Sucursal,ID_VEHICULO,ID_EMPLEADO,FECHAINGRESO_MANTENIMIENTO,FECHASALIDA_MANTENIMIENTO,PRESUPUESTO_MANTENIMIENTO)
VALUES (16,4,2,39,21,'24/12/2019','04/03/2019',2389376);
INSERT INTO TBL_MANTENIMIENTO (ID_MANTENIMIENTO,ID_ESTADOMANTENIMIENTO,Id_Sucursal,ID_VEHICULO,ID_EMPLEADO,FECHAINGRESO_MANTENIMIENTO,FECHASALIDA_MANTENIMIENTO,PRESUPUESTO_MANTENIMIENTO)
VALUES (17,1,4,48,35,'01/02/2022','16/07/2019',2897773);
INSERT INTO TBL_MANTENIMIENTO (ID_MANTENIMIENTO,ID_ESTADOMANTENIMIENTO,Id_Sucursal,ID_VEHICULO,ID_EMPLEADO,FECHAINGRESO_MANTENIMIENTO,FECHASALIDA_MANTENIMIENTO,PRESUPUESTO_MANTENIMIENTO)
VALUES (18,2,2,1,35,'20/01/2022','21/01/2022',2853664);
INSERT INTO TBL_MANTENIMIENTO (ID_MANTENIMIENTO,ID_ESTADOMANTENIMIENTO,Id_Sucursal,ID_VEHICULO,ID_EMPLEADO,FECHAINGRESO_MANTENIMIENTO,FECHASALIDA_MANTENIMIENTO,PRESUPUESTO_MANTENIMIENTO)
VALUES (19,3,4,11,39,'13/06/2020','01/06/2021',2832681);
INSERT INTO TBL_MANTENIMIENTO (ID_MANTENIMIENTO,ID_ESTADOMANTENIMIENTO,Id_Sucursal,ID_VEHICULO,ID_EMPLEADO,FECHAINGRESO_MANTENIMIENTO,FECHASALIDA_MANTENIMIENTO,PRESUPUESTO_MANTENIMIENTO)
VALUES (20,2,1,49,18,'07/11/2020','28/04/2022',1808840);
INSERT INTO TBL_MANTENIMIENTO (ID_MANTENIMIENTO,ID_ESTADOMANTENIMIENTO,Id_Sucursal,ID_VEHICULO,ID_EMPLEADO,FECHAINGRESO_MANTENIMIENTO,FECHASALIDA_MANTENIMIENTO,PRESUPUESTO_MANTENIMIENTO)
VALUES (21,1,2,48,40,'03/02/2019','03/01/2019',678080);
INSERT INTO TBL_MANTENIMIENTO (ID_MANTENIMIENTO,ID_ESTADOMANTENIMIENTO,Id_Sucursal,ID_VEHICULO,ID_EMPLEADO,FECHAINGRESO_MANTENIMIENTO,FECHASALIDA_MANTENIMIENTO,PRESUPUESTO_MANTENIMIENTO)
VALUES (22,2,4,20,22,'10/10/2019','13/01/2021',693108);
INSERT INTO TBL_MANTENIMIENTO (ID_MANTENIMIENTO,ID_ESTADOMANTENIMIENTO,Id_Sucursal,ID_VEHICULO,ID_EMPLEADO,FECHAINGRESO_MANTENIMIENTO,FECHASALIDA_MANTENIMIENTO,PRESUPUESTO_MANTENIMIENTO)
VALUES (23,4,2,14,48,'01/02/2022','06/11/2021',1864212);
INSERT INTO TBL_MANTENIMIENTO (ID_MANTENIMIENTO,ID_ESTADOMANTENIMIENTO,Id_Sucursal,ID_VEHICULO,ID_EMPLEADO,FECHAINGRESO_MANTENIMIENTO,FECHASALIDA_MANTENIMIENTO,PRESUPUESTO_MANTENIMIENTO)
VALUES (24,2,2,33,4,'15/01/2020','04/08/2020',1758690);
INSERT INTO TBL_MANTENIMIENTO (ID_MANTENIMIENTO,ID_ESTADOMANTENIMIENTO,Id_Sucursal,ID_VEHICULO,ID_EMPLEADO,FECHAINGRESO_MANTENIMIENTO,FECHASALIDA_MANTENIMIENTO,PRESUPUESTO_MANTENIMIENTO)
VALUES (25,2,2,21,48,'26/01/2021','06/07/2020',1985045);
INSERT INTO TBL_MANTENIMIENTO (ID_MANTENIMIENTO,ID_ESTADOMANTENIMIENTO,Id_Sucursal,ID_VEHICULO,ID_EMPLEADO,FECHAINGRESO_MANTENIMIENTO,FECHASALIDA_MANTENIMIENTO,PRESUPUESTO_MANTENIMIENTO)
VALUES (26,3,1,39,4,'13/08/2020','09/06/2021',1671215);
INSERT INTO TBL_MANTENIMIENTO (ID_MANTENIMIENTO,ID_ESTADOMANTENIMIENTO,Id_Sucursal,ID_VEHICULO,ID_EMPLEADO,FECHAINGRESO_MANTENIMIENTO,FECHASALIDA_MANTENIMIENTO,PRESUPUESTO_MANTENIMIENTO)
VALUES (27,2,3,33,45,'04/08/2022','19/09/2021',1086250);
INSERT INTO TBL_MANTENIMIENTO (ID_MANTENIMIENTO,ID_ESTADOMANTENIMIENTO,Id_Sucursal,ID_VEHICULO,ID_EMPLEADO,FECHAINGRESO_MANTENIMIENTO,FECHASALIDA_MANTENIMIENTO,PRESUPUESTO_MANTENIMIENTO)
VALUES (28,4,3,46,6,'13/01/2019','30/12/2021',1886202);
INSERT INTO TBL_MANTENIMIENTO (ID_MANTENIMIENTO,ID_ESTADOMANTENIMIENTO,Id_Sucursal,ID_VEHICULO,ID_EMPLEADO,FECHAINGRESO_MANTENIMIENTO,FECHASALIDA_MANTENIMIENTO,PRESUPUESTO_MANTENIMIENTO)
VALUES (29,1,3,1,8,'31/05/2020','20/06/2019',2965957);
INSERT INTO TBL_MANTENIMIENTO (ID_MANTENIMIENTO,ID_ESTADOMANTENIMIENTO,Id_Sucursal,ID_VEHICULO,ID_EMPLEADO,FECHAINGRESO_MANTENIMIENTO,FECHASALIDA_MANTENIMIENTO,PRESUPUESTO_MANTENIMIENTO)
VALUES (30,3,2,21,15,'17/02/2020','01/02/2022',2863581);
INSERT INTO TBL_MANTENIMIENTO (ID_MANTENIMIENTO,ID_ESTADOMANTENIMIENTO,Id_Sucursal,ID_VEHICULO,ID_EMPLEADO,FECHAINGRESO_MANTENIMIENTO,FECHASALIDA_MANTENIMIENTO,PRESUPUESTO_MANTENIMIENTO)
VALUES (31,3,4,10,44,'23/02/2021','11/08/2020',1016534);
INSERT INTO TBL_MANTENIMIENTO (ID_MANTENIMIENTO,ID_ESTADOMANTENIMIENTO,Id_Sucursal,ID_VEHICULO,ID_EMPLEADO,FECHAINGRESO_MANTENIMIENTO,FECHASALIDA_MANTENIMIENTO,PRESUPUESTO_MANTENIMIENTO)
VALUES (32,4,2,35,32,'04/10/2020','03/04/2019',2222757);
INSERT INTO TBL_MANTENIMIENTO (ID_MANTENIMIENTO,ID_ESTADOMANTENIMIENTO,Id_Sucursal,ID_VEHICULO,ID_EMPLEADO,FECHAINGRESO_MANTENIMIENTO,FECHASALIDA_MANTENIMIENTO,PRESUPUESTO_MANTENIMIENTO)
VALUES (33,2,4,19,30,'16/12/2020','15/09/2020',1173508);
INSERT INTO TBL_MANTENIMIENTO (ID_MANTENIMIENTO,ID_ESTADOMANTENIMIENTO,Id_Sucursal,ID_VEHICULO,ID_EMPLEADO,FECHAINGRESO_MANTENIMIENTO,FECHASALIDA_MANTENIMIENTO,PRESUPUESTO_MANTENIMIENTO)
VALUES (34,3,4,22,40,'05/08/2022','26/07/2019',713152);
INSERT INTO TBL_MANTENIMIENTO (ID_MANTENIMIENTO,ID_ESTADOMANTENIMIENTO,Id_Sucursal,ID_VEHICULO,ID_EMPLEADO,FECHAINGRESO_MANTENIMIENTO,FECHASALIDA_MANTENIMIENTO,PRESUPUESTO_MANTENIMIENTO)
VALUES (35,4,2,41,5,'11/05/2022','09/10/2019',2342513);
INSERT INTO TBL_MANTENIMIENTO (ID_MANTENIMIENTO,ID_ESTADOMANTENIMIENTO,Id_Sucursal,ID_VEHICULO,ID_EMPLEADO,FECHAINGRESO_MANTENIMIENTO,FECHASALIDA_MANTENIMIENTO,PRESUPUESTO_MANTENIMIENTO)
VALUES (36,1,3,30,32,'10/05/2020','27/10/2020',2922400);
INSERT INTO TBL_MANTENIMIENTO (ID_MANTENIMIENTO,ID_ESTADOMANTENIMIENTO,Id_Sucursal,ID_VEHICULO,ID_EMPLEADO,FECHAINGRESO_MANTENIMIENTO,FECHASALIDA_MANTENIMIENTO,PRESUPUESTO_MANTENIMIENTO)
VALUES (37,2,2,38,6,'28/09/2019','28/03/2021',1217010);
INSERT INTO TBL_MANTENIMIENTO (ID_MANTENIMIENTO,ID_ESTADOMANTENIMIENTO,Id_Sucursal,ID_VEHICULO,ID_EMPLEADO,FECHAINGRESO_MANTENIMIENTO,FECHASALIDA_MANTENIMIENTO,PRESUPUESTO_MANTENIMIENTO)
VALUES (38,3,4,44,26,'09/02/2020','15/04/2022',2031717);
INSERT INTO TBL_MANTENIMIENTO (ID_MANTENIMIENTO,ID_ESTADOMANTENIMIENTO,Id_Sucursal,ID_VEHICULO,ID_EMPLEADO,FECHAINGRESO_MANTENIMIENTO,FECHASALIDA_MANTENIMIENTO,PRESUPUESTO_MANTENIMIENTO)
VALUES (39,4,2,8,16,'30/08/2020','27/12/2019',1489900);
INSERT INTO TBL_MANTENIMIENTO (ID_MANTENIMIENTO,ID_ESTADOMANTENIMIENTO,Id_Sucursal,ID_VEHICULO,ID_EMPLEADO,FECHAINGRESO_MANTENIMIENTO,FECHASALIDA_MANTENIMIENTO,PRESUPUESTO_MANTENIMIENTO)
VALUES (40,2,2,31,50,'11/06/2019','11/04/2019',1330550);
INSERT INTO TBL_MANTENIMIENTO (ID_MANTENIMIENTO,ID_ESTADOMANTENIMIENTO,Id_Sucursal,ID_VEHICULO,ID_EMPLEADO,FECHAINGRESO_MANTENIMIENTO,FECHASALIDA_MANTENIMIENTO,PRESUPUESTO_MANTENIMIENTO)
VALUES (41,4,2,43,16,'04/03/2021','04/10/2018',2621503);
INSERT INTO TBL_MANTENIMIENTO (ID_MANTENIMIENTO,ID_ESTADOMANTENIMIENTO,Id_Sucursal,ID_VEHICULO,ID_EMPLEADO,FECHAINGRESO_MANTENIMIENTO,FECHASALIDA_MANTENIMIENTO,PRESUPUESTO_MANTENIMIENTO)
VALUES (42,3,3,34,8,'13/11/2020','16/03/2022',2906634);
INSERT INTO TBL_MANTENIMIENTO (ID_MANTENIMIENTO,ID_ESTADOMANTENIMIENTO,Id_Sucursal,ID_VEHICULO,ID_EMPLEADO,FECHAINGRESO_MANTENIMIENTO,FECHASALIDA_MANTENIMIENTO,PRESUPUESTO_MANTENIMIENTO)
VALUES (43,1,3,44,3,'05/01/2022','03/12/2021',914117);
INSERT INTO TBL_MANTENIMIENTO (ID_MANTENIMIENTO,ID_ESTADOMANTENIMIENTO,Id_Sucursal,ID_VEHICULO,ID_EMPLEADO,FECHAINGRESO_MANTENIMIENTO,FECHASALIDA_MANTENIMIENTO,PRESUPUESTO_MANTENIMIENTO)
VALUES (44,2,2,48,6,'25/07/2019','01/03/2022',1809740);
INSERT INTO TBL_MANTENIMIENTO (ID_MANTENIMIENTO,ID_ESTADOMANTENIMIENTO,Id_Sucursal,ID_VEHICULO,ID_EMPLEADO,FECHAINGRESO_MANTENIMIENTO,FECHASALIDA_MANTENIMIENTO,PRESUPUESTO_MANTENIMIENTO)
VALUES (45,2,4,43,15,'21/10/2019','03/08/2022',2324477);
INSERT INTO TBL_MANTENIMIENTO (ID_MANTENIMIENTO,ID_ESTADOMANTENIMIENTO,Id_Sucursal,ID_VEHICULO,ID_EMPLEADO,FECHAINGRESO_MANTENIMIENTO,FECHASALIDA_MANTENIMIENTO,PRESUPUESTO_MANTENIMIENTO)
VALUES (46,3,3,32,39,'21/01/2021','29/07/2019',1036824);
INSERT INTO TBL_MANTENIMIENTO (ID_MANTENIMIENTO,ID_ESTADOMANTENIMIENTO,Id_Sucursal,ID_VEHICULO,ID_EMPLEADO,FECHAINGRESO_MANTENIMIENTO,FECHASALIDA_MANTENIMIENTO,PRESUPUESTO_MANTENIMIENTO)
VALUES (47,2,4,32,48,'01/07/2019','28/01/2021',2186626);
INSERT INTO TBL_MANTENIMIENTO (ID_MANTENIMIENTO,ID_ESTADOMANTENIMIENTO,Id_Sucursal,ID_VEHICULO,ID_EMPLEADO,FECHAINGRESO_MANTENIMIENTO,FECHASALIDA_MANTENIMIENTO,PRESUPUESTO_MANTENIMIENTO)
VALUES (48,2,2,35,31,'25/07/2019','31/10/2021',2998981);
INSERT INTO TBL_MANTENIMIENTO (ID_MANTENIMIENTO,ID_ESTADOMANTENIMIENTO,Id_Sucursal,ID_VEHICULO,ID_EMPLEADO,FECHAINGRESO_MANTENIMIENTO,FECHASALIDA_MANTENIMIENTO,PRESUPUESTO_MANTENIMIENTO)
VALUES (49,1,3,33,47,'22/07/2021','22/08/2020',2709603);
INSERT INTO TBL_MANTENIMIENTO (ID_MANTENIMIENTO,ID_ESTADOMANTENIMIENTO,Id_Sucursal,ID_VEHICULO,ID_EMPLEADO,FECHAINGRESO_MANTENIMIENTO,FECHASALIDA_MANTENIMIENTO,PRESUPUESTO_MANTENIMIENTO)
VALUES (50,2,1,9,33,'05/04/2021','18/02/2019',1771706);
INSERT INTO TBL_MANTENIMIENTO (ID_MANTENIMIENTO,ID_ESTADOMANTENIMIENTO,Id_Sucursal,ID_VEHICULO,ID_EMPLEADO,FECHAINGRESO_MANTENIMIENTO,FECHASALIDA_MANTENIMIENTO,PRESUPUESTO_MANTENIMIENTO)
VALUES (51,3,3,27,42,'17/08/2021','10/01/2020',1950361);
INSERT INTO TBL_MANTENIMIENTO (ID_MANTENIMIENTO,ID_ESTADOMANTENIMIENTO,Id_Sucursal,ID_VEHICULO,ID_EMPLEADO,FECHAINGRESO_MANTENIMIENTO,FECHASALIDA_MANTENIMIENTO,PRESUPUESTO_MANTENIMIENTO)
VALUES (52,3,3,18,25,'19/04/2019','22/09/2019',1452300);
INSERT INTO TBL_MANTENIMIENTO (ID_MANTENIMIENTO,ID_ESTADOMANTENIMIENTO,Id_Sucursal,ID_VEHICULO,ID_EMPLEADO,FECHAINGRESO_MANTENIMIENTO,FECHASALIDA_MANTENIMIENTO,PRESUPUESTO_MANTENIMIENTO)
VALUES (53,2,1,14,16,'31/05/2019','29/10/2021',2570174);
INSERT INTO TBL_MANTENIMIENTO (ID_MANTENIMIENTO,ID_ESTADOMANTENIMIENTO,Id_Sucursal,ID_VEHICULO,ID_EMPLEADO,FECHAINGRESO_MANTENIMIENTO,FECHASALIDA_MANTENIMIENTO,PRESUPUESTO_MANTENIMIENTO)
VALUES (54,4,1,40,33,'11/05/2020','09/08/2020',1277554);
INSERT INTO TBL_MANTENIMIENTO (ID_MANTENIMIENTO,ID_ESTADOMANTENIMIENTO,Id_Sucursal,ID_VEHICULO,ID_EMPLEADO,FECHAINGRESO_MANTENIMIENTO,FECHASALIDA_MANTENIMIENTO,PRESUPUESTO_MANTENIMIENTO)
VALUES (55,4,3,44,49,'18/01/2019','31/03/2021',1872733);
INSERT INTO TBL_MANTENIMIENTO (ID_MANTENIMIENTO,ID_ESTADOMANTENIMIENTO,Id_Sucursal,ID_VEHICULO,ID_EMPLEADO,FECHAINGRESO_MANTENIMIENTO,FECHASALIDA_MANTENIMIENTO,PRESUPUESTO_MANTENIMIENTO)
VALUES (56,3,2,9,25,'26/07/2021','13/08/2022',2105885);
INSERT INTO TBL_MANTENIMIENTO (ID_MANTENIMIENTO,ID_ESTADOMANTENIMIENTO,Id_Sucursal,ID_VEHICULO,ID_EMPLEADO,FECHAINGRESO_MANTENIMIENTO,FECHASALIDA_MANTENIMIENTO,PRESUPUESTO_MANTENIMIENTO)
VALUES (57,2,2,15,40,'07/08/2021','02/05/2021',1704989);
INSERT INTO TBL_MANTENIMIENTO (ID_MANTENIMIENTO,ID_ESTADOMANTENIMIENTO,Id_Sucursal,ID_VEHICULO,ID_EMPLEADO,FECHAINGRESO_MANTENIMIENTO,FECHASALIDA_MANTENIMIENTO,PRESUPUESTO_MANTENIMIENTO)
VALUES (58,3,4,13,6,'02/06/2019','28/11/2018',2744188);
INSERT INTO TBL_MANTENIMIENTO (ID_MANTENIMIENTO,ID_ESTADOMANTENIMIENTO,Id_Sucursal,ID_VEHICULO,ID_EMPLEADO,FECHAINGRESO_MANTENIMIENTO,FECHASALIDA_MANTENIMIENTO,PRESUPUESTO_MANTENIMIENTO)
VALUES (59,4,3,24,18,'22/05/2022','22/08/2021',2437901);
INSERT INTO TBL_MANTENIMIENTO (ID_MANTENIMIENTO,ID_ESTADOMANTENIMIENTO,Id_Sucursal,ID_VEHICULO,ID_EMPLEADO,FECHAINGRESO_MANTENIMIENTO,FECHASALIDA_MANTENIMIENTO,PRESUPUESTO_MANTENIMIENTO)
VALUES (60,1,2,12,7,'03/04/2021','19/07/2021',1039104);
INSERT INTO TBL_MANTENIMIENTO (ID_MANTENIMIENTO,ID_ESTADOMANTENIMIENTO,Id_Sucursal,ID_VEHICULO,ID_EMPLEADO,FECHAINGRESO_MANTENIMIENTO,FECHASALIDA_MANTENIMIENTO,PRESUPUESTO_MANTENIMIENTO)
VALUES (61,1,4,27,36,'01/09/2021','11/02/2022',1049800);
INSERT INTO TBL_MANTENIMIENTO (ID_MANTENIMIENTO,ID_ESTADOMANTENIMIENTO,Id_Sucursal,ID_VEHICULO,ID_EMPLEADO,FECHAINGRESO_MANTENIMIENTO,FECHASALIDA_MANTENIMIENTO,PRESUPUESTO_MANTENIMIENTO)
VALUES (62,4,1,38,31,'13/04/2020','01/02/2022',811375);
INSERT INTO TBL_MANTENIMIENTO (ID_MANTENIMIENTO,ID_ESTADOMANTENIMIENTO,Id_Sucursal,ID_VEHICULO,ID_EMPLEADO,FECHAINGRESO_MANTENIMIENTO,FECHASALIDA_MANTENIMIENTO,PRESUPUESTO_MANTENIMIENTO)
VALUES (63,2,1,29,42,'14/04/2022','17/10/2021',1585866);
INSERT INTO TBL_MANTENIMIENTO (ID_MANTENIMIENTO,ID_ESTADOMANTENIMIENTO,Id_Sucursal,ID_VEHICULO,ID_EMPLEADO,FECHAINGRESO_MANTENIMIENTO,FECHASALIDA_MANTENIMIENTO,PRESUPUESTO_MANTENIMIENTO)
VALUES (64,3,2,50,25,'11/04/2019','12/04/2021',2321218);
INSERT INTO TBL_MANTENIMIENTO (ID_MANTENIMIENTO,ID_ESTADOMANTENIMIENTO,Id_Sucursal,ID_VEHICULO,ID_EMPLEADO,FECHAINGRESO_MANTENIMIENTO,FECHASALIDA_MANTENIMIENTO,PRESUPUESTO_MANTENIMIENTO)
VALUES (65,4,4,3,20,'03/04/2022','30/09/2020',2974270);
INSERT INTO TBL_MANTENIMIENTO (ID_MANTENIMIENTO,ID_ESTADOMANTENIMIENTO,Id_Sucursal,ID_VEHICULO,ID_EMPLEADO,FECHAINGRESO_MANTENIMIENTO,FECHASALIDA_MANTENIMIENTO,PRESUPUESTO_MANTENIMIENTO)
VALUES (66,1,3,38,12,'14/12/2021','02/02/2022',1512334);
INSERT INTO TBL_MANTENIMIENTO (ID_MANTENIMIENTO,ID_ESTADOMANTENIMIENTO,Id_Sucursal,ID_VEHICULO,ID_EMPLEADO,FECHAINGRESO_MANTENIMIENTO,FECHASALIDA_MANTENIMIENTO,PRESUPUESTO_MANTENIMIENTO)
VALUES (67,3,2,4,24,'10/09/2022','22/06/2021',2188710);
INSERT INTO TBL_MANTENIMIENTO (ID_MANTENIMIENTO,ID_ESTADOMANTENIMIENTO,Id_Sucursal,ID_VEHICULO,ID_EMPLEADO,FECHAINGRESO_MANTENIMIENTO,FECHASALIDA_MANTENIMIENTO,PRESUPUESTO_MANTENIMIENTO)
VALUES (68,3,4,16,31,'26/10/2018','02/05/2021',527298);
INSERT INTO TBL_MANTENIMIENTO (ID_MANTENIMIENTO,ID_ESTADOMANTENIMIENTO,Id_Sucursal,ID_VEHICULO,ID_EMPLEADO,FECHAINGRESO_MANTENIMIENTO,FECHASALIDA_MANTENIMIENTO,PRESUPUESTO_MANTENIMIENTO)
VALUES (69,3,1,39,41,'08/11/2018','20/12/2018',2609612);
INSERT INTO TBL_MANTENIMIENTO (ID_MANTENIMIENTO,ID_ESTADOMANTENIMIENTO,Id_Sucursal,ID_VEHICULO,ID_EMPLEADO,FECHAINGRESO_MANTENIMIENTO,FECHASALIDA_MANTENIMIENTO,PRESUPUESTO_MANTENIMIENTO)
VALUES (70,1,2,10,37,'21/10/2021','04/11/2021',2672543);
INSERT INTO TBL_MANTENIMIENTO (ID_MANTENIMIENTO,ID_ESTADOMANTENIMIENTO,Id_Sucursal,ID_VEHICULO,ID_EMPLEADO,FECHAINGRESO_MANTENIMIENTO,FECHASALIDA_MANTENIMIENTO,PRESUPUESTO_MANTENIMIENTO)
VALUES (71,2,3,42,5,'16/11/2020','13/01/2022',1971335);
INSERT INTO TBL_MANTENIMIENTO (ID_MANTENIMIENTO,ID_ESTADOMANTENIMIENTO,Id_Sucursal,ID_VEHICULO,ID_EMPLEADO,FECHAINGRESO_MANTENIMIENTO,FECHASALIDA_MANTENIMIENTO,PRESUPUESTO_MANTENIMIENTO)
VALUES (72,1,2,34,3,'23/08/2019','18/12/2021',1558900);
INSERT INTO TBL_MANTENIMIENTO (ID_MANTENIMIENTO,ID_ESTADOMANTENIMIENTO,Id_Sucursal,ID_VEHICULO,ID_EMPLEADO,FECHAINGRESO_MANTENIMIENTO,FECHASALIDA_MANTENIMIENTO,PRESUPUESTO_MANTENIMIENTO)
VALUES (73,2,3,23,46,'19/09/2019','11/03/2021',612475);
INSERT INTO TBL_MANTENIMIENTO (ID_MANTENIMIENTO,ID_ESTADOMANTENIMIENTO,Id_Sucursal,ID_VEHICULO,ID_EMPLEADO,FECHAINGRESO_MANTENIMIENTO,FECHASALIDA_MANTENIMIENTO,PRESUPUESTO_MANTENIMIENTO)
VALUES (74,2,4,13,16,'23/09/2021','20/07/2020',1715735);
INSERT INTO TBL_MANTENIMIENTO (ID_MANTENIMIENTO,ID_ESTADOMANTENIMIENTO,Id_Sucursal,ID_VEHICULO,ID_EMPLEADO,FECHAINGRESO_MANTENIMIENTO,FECHASALIDA_MANTENIMIENTO,PRESUPUESTO_MANTENIMIENTO)
VALUES (75,2,4,20,2,'06/07/2020','29/06/2019',1454510);
INSERT INTO TBL_MANTENIMIENTO (ID_MANTENIMIENTO,ID_ESTADOMANTENIMIENTO,Id_Sucursal,ID_VEHICULO,ID_EMPLEADO,FECHAINGRESO_MANTENIMIENTO,FECHASALIDA_MANTENIMIENTO,PRESUPUESTO_MANTENIMIENTO)
VALUES (76,3,1,16,48,'15/08/2020','04/06/2022',1079288);
INSERT INTO TBL_MANTENIMIENTO (ID_MANTENIMIENTO,ID_ESTADOMANTENIMIENTO,Id_Sucursal,ID_VEHICULO,ID_EMPLEADO,FECHAINGRESO_MANTENIMIENTO,FECHASALIDA_MANTENIMIENTO,PRESUPUESTO_MANTENIMIENTO)
VALUES (77,1,1,38,20,'19/11/2020','16/02/2021',2169814);
INSERT INTO TBL_MANTENIMIENTO (ID_MANTENIMIENTO,ID_ESTADOMANTENIMIENTO,Id_Sucursal,ID_VEHICULO,ID_EMPLEADO,FECHAINGRESO_MANTENIMIENTO,FECHASALIDA_MANTENIMIENTO,PRESUPUESTO_MANTENIMIENTO)
VALUES (78,1,3,47,13,'11/06/2022','15/01/2020',2245756);
INSERT INTO TBL_MANTENIMIENTO (ID_MANTENIMIENTO,ID_ESTADOMANTENIMIENTO,Id_Sucursal,ID_VEHICULO,ID_EMPLEADO,FECHAINGRESO_MANTENIMIENTO,FECHASALIDA_MANTENIMIENTO,PRESUPUESTO_MANTENIMIENTO)
VALUES (79,3,2,34,23,'01/03/2022','16/05/2020',2551835);
INSERT INTO TBL_MANTENIMIENTO (ID_MANTENIMIENTO,ID_ESTADOMANTENIMIENTO,Id_Sucursal,ID_VEHICULO,ID_EMPLEADO,FECHAINGRESO_MANTENIMIENTO,FECHASALIDA_MANTENIMIENTO,PRESUPUESTO_MANTENIMIENTO)
VALUES (80,1,4,40,8,'16/07/2021','02/09/2019',2287702);
INSERT INTO TBL_MANTENIMIENTO (ID_MANTENIMIENTO,ID_ESTADOMANTENIMIENTO,Id_Sucursal,ID_VEHICULO,ID_EMPLEADO,FECHAINGRESO_MANTENIMIENTO,FECHASALIDA_MANTENIMIENTO,PRESUPUESTO_MANTENIMIENTO)
VALUES (81,3,4,15,41,'24/09/2019','02/07/2019',2923869);
INSERT INTO TBL_MANTENIMIENTO (ID_MANTENIMIENTO,ID_ESTADOMANTENIMIENTO,Id_Sucursal,ID_VEHICULO,ID_EMPLEADO,FECHAINGRESO_MANTENIMIENTO,FECHASALIDA_MANTENIMIENTO,PRESUPUESTO_MANTENIMIENTO)
VALUES (82,3,4,47,30,'20/02/2022','23/06/2022',626703);
INSERT INTO TBL_MANTENIMIENTO (ID_MANTENIMIENTO,ID_ESTADOMANTENIMIENTO,Id_Sucursal,ID_VEHICULO,ID_EMPLEADO,FECHAINGRESO_MANTENIMIENTO,FECHASALIDA_MANTENIMIENTO,PRESUPUESTO_MANTENIMIENTO)
VALUES (83,1,2,16,28,'28/12/2019','11/05/2022',787770);
INSERT INTO TBL_MANTENIMIENTO (ID_MANTENIMIENTO,ID_ESTADOMANTENIMIENTO,Id_Sucursal,ID_VEHICULO,ID_EMPLEADO,FECHAINGRESO_MANTENIMIENTO,FECHASALIDA_MANTENIMIENTO,PRESUPUESTO_MANTENIMIENTO)
VALUES (84,2,4,39,17,'03/03/2021','31/05/2020',2028575);
INSERT INTO TBL_MANTENIMIENTO (ID_MANTENIMIENTO,ID_ESTADOMANTENIMIENTO,Id_Sucursal,ID_VEHICULO,ID_EMPLEADO,FECHAINGRESO_MANTENIMIENTO,FECHASALIDA_MANTENIMIENTO,PRESUPUESTO_MANTENIMIENTO)
VALUES (85,4,4,47,43,'14/02/2019','04/03/2020',807280);
INSERT INTO TBL_MANTENIMIENTO (ID_MANTENIMIENTO,ID_ESTADOMANTENIMIENTO,Id_Sucursal,ID_VEHICULO,ID_EMPLEADO,FECHAINGRESO_MANTENIMIENTO,FECHASALIDA_MANTENIMIENTO,PRESUPUESTO_MANTENIMIENTO)
VALUES (86,4,4,44,32,'27/11/2019','04/02/2020',1456293);
INSERT INTO TBL_MANTENIMIENTO (ID_MANTENIMIENTO,ID_ESTADOMANTENIMIENTO,Id_Sucursal,ID_VEHICULO,ID_EMPLEADO,FECHAINGRESO_MANTENIMIENTO,FECHASALIDA_MANTENIMIENTO,PRESUPUESTO_MANTENIMIENTO)
VALUES (87,3,2,22,14,'14/11/2020','22/03/2022',630684);
INSERT INTO TBL_MANTENIMIENTO (ID_MANTENIMIENTO,ID_ESTADOMANTENIMIENTO,Id_Sucursal,ID_VEHICULO,ID_EMPLEADO,FECHAINGRESO_MANTENIMIENTO,FECHASALIDA_MANTENIMIENTO,PRESUPUESTO_MANTENIMIENTO)
VALUES (88,2,3,48,48,'19/05/2020','12/07/2021',2235432);
INSERT INTO TBL_MANTENIMIENTO (ID_MANTENIMIENTO,ID_ESTADOMANTENIMIENTO,Id_Sucursal,ID_VEHICULO,ID_EMPLEADO,FECHAINGRESO_MANTENIMIENTO,FECHASALIDA_MANTENIMIENTO,PRESUPUESTO_MANTENIMIENTO)
VALUES (89,3,2,22,39,'14/05/2021','25/11/2019',1805700);
INSERT INTO TBL_MANTENIMIENTO (ID_MANTENIMIENTO,ID_ESTADOMANTENIMIENTO,Id_Sucursal,ID_VEHICULO,ID_EMPLEADO,FECHAINGRESO_MANTENIMIENTO,FECHASALIDA_MANTENIMIENTO,PRESUPUESTO_MANTENIMIENTO)
VALUES (90,4,2,17,39,'10/07/2021','10/05/2021',2905076);
INSERT INTO TBL_MANTENIMIENTO (ID_MANTENIMIENTO,ID_ESTADOMANTENIMIENTO,Id_Sucursal,ID_VEHICULO,ID_EMPLEADO,FECHAINGRESO_MANTENIMIENTO,FECHASALIDA_MANTENIMIENTO,PRESUPUESTO_MANTENIMIENTO)
VALUES (91,2,2,32,49,'05/01/2022','06/02/2022',842365);
INSERT INTO TBL_MANTENIMIENTO (ID_MANTENIMIENTO,ID_ESTADOMANTENIMIENTO,Id_Sucursal,ID_VEHICULO,ID_EMPLEADO,FECHAINGRESO_MANTENIMIENTO,FECHASALIDA_MANTENIMIENTO,PRESUPUESTO_MANTENIMIENTO)
VALUES (92,2,2,1,10,'05/04/2022','12/06/2021',1881435);
INSERT INTO TBL_MANTENIMIENTO (ID_MANTENIMIENTO,ID_ESTADOMANTENIMIENTO,Id_Sucursal,ID_VEHICULO,ID_EMPLEADO,FECHAINGRESO_MANTENIMIENTO,FECHASALIDA_MANTENIMIENTO,PRESUPUESTO_MANTENIMIENTO)
VALUES (93,3,4,4,30,'12/01/2021','31/03/2020',2530789);
INSERT INTO TBL_MANTENIMIENTO (ID_MANTENIMIENTO,ID_ESTADOMANTENIMIENTO,Id_Sucursal,ID_VEHICULO,ID_EMPLEADO,FECHAINGRESO_MANTENIMIENTO,FECHASALIDA_MANTENIMIENTO,PRESUPUESTO_MANTENIMIENTO)
VALUES (94,2,1,50,33,'02/01/2020','23/10/2021',2178492);
INSERT INTO TBL_MANTENIMIENTO (ID_MANTENIMIENTO,ID_ESTADOMANTENIMIENTO,Id_Sucursal,ID_VEHICULO,ID_EMPLEADO,FECHAINGRESO_MANTENIMIENTO,FECHASALIDA_MANTENIMIENTO,PRESUPUESTO_MANTENIMIENTO)
VALUES (95,3,2,4,48,'23/05/2020','06/06/2019',675991);
INSERT INTO TBL_MANTENIMIENTO (ID_MANTENIMIENTO,ID_ESTADOMANTENIMIENTO,Id_Sucursal,ID_VEHICULO,ID_EMPLEADO,FECHAINGRESO_MANTENIMIENTO,FECHASALIDA_MANTENIMIENTO,PRESUPUESTO_MANTENIMIENTO)
VALUES (96,2,2,38,11,'15/09/2020','29/05/2019',1396146);
INSERT INTO TBL_MANTENIMIENTO (ID_MANTENIMIENTO,ID_ESTADOMANTENIMIENTO,Id_Sucursal,ID_VEHICULO,ID_EMPLEADO,FECHAINGRESO_MANTENIMIENTO,FECHASALIDA_MANTENIMIENTO,PRESUPUESTO_MANTENIMIENTO)
VALUES (97,3,2,29,23,'04/05/2021','25/05/2021',700091);
INSERT INTO TBL_MANTENIMIENTO (ID_MANTENIMIENTO,ID_ESTADOMANTENIMIENTO,Id_Sucursal,ID_VEHICULO,ID_EMPLEADO,FECHAINGRESO_MANTENIMIENTO,FECHASALIDA_MANTENIMIENTO,PRESUPUESTO_MANTENIMIENTO)
VALUES (98,1,3,16,6,'27/06/2021','25/09/2021',984934);
INSERT INTO TBL_MANTENIMIENTO (ID_MANTENIMIENTO,ID_ESTADOMANTENIMIENTO,Id_Sucursal,ID_VEHICULO,ID_EMPLEADO,FECHAINGRESO_MANTENIMIENTO,FECHASALIDA_MANTENIMIENTO,PRESUPUESTO_MANTENIMIENTO)
VALUES (99,2,2,21,3,'18/06/2022','18/04/2022',1100280);
INSERT INTO TBL_MANTENIMIENTO (ID_MANTENIMIENTO,ID_ESTADOMANTENIMIENTO,Id_Sucursal,ID_VEHICULO,ID_EMPLEADO,FECHAINGRESO_MANTENIMIENTO,FECHASALIDA_MANTENIMIENTO,PRESUPUESTO_MANTENIMIENTO)
VALUES (100,2,2,35,35,'24/01/2022','23/11/2019',1489701);
commit;
-------------------------------------------

INSERT INTO TBL_DETMANTENIMIENTO (ID_DETMANTENIMIENTO,ID_MANTENIMIENTO,ID_PRODUCTO,CANTIDAD_PRODUCTO)
VALUES (1,43,43,3);
INSERT INTO TBL_DETMANTENIMIENTO (ID_DETMANTENIMIENTO,ID_MANTENIMIENTO,ID_PRODUCTO,CANTIDAD_PRODUCTO)
VALUES (2,13,44,4);
INSERT INTO TBL_DETMANTENIMIENTO (ID_DETMANTENIMIENTO,ID_MANTENIMIENTO,ID_PRODUCTO,CANTIDAD_PRODUCTO)
VALUES (3,26,104,5);
INSERT INTO TBL_DETMANTENIMIENTO (ID_DETMANTENIMIENTO,ID_MANTENIMIENTO,ID_PRODUCTO,CANTIDAD_PRODUCTO)
VALUES (4,88,32,8);
INSERT INTO TBL_DETMANTENIMIENTO (ID_DETMANTENIMIENTO,ID_MANTENIMIENTO,ID_PRODUCTO,CANTIDAD_PRODUCTO)
VALUES (5,85,102,4);
INSERT INTO TBL_DETMANTENIMIENTO (ID_DETMANTENIMIENTO,ID_MANTENIMIENTO,ID_PRODUCTO,CANTIDAD_PRODUCTO)
VALUES (6,88,58,8);
INSERT INTO TBL_DETMANTENIMIENTO (ID_DETMANTENIMIENTO,ID_MANTENIMIENTO,ID_PRODUCTO,CANTIDAD_PRODUCTO)
VALUES (7,25,21,3);
INSERT INTO TBL_DETMANTENIMIENTO (ID_DETMANTENIMIENTO,ID_MANTENIMIENTO,ID_PRODUCTO,CANTIDAD_PRODUCTO)
VALUES (8,46,101,9);
INSERT INTO TBL_DETMANTENIMIENTO (ID_DETMANTENIMIENTO,ID_MANTENIMIENTO,ID_PRODUCTO,CANTIDAD_PRODUCTO)
VALUES (9,45,118,3);
INSERT INTO TBL_DETMANTENIMIENTO (ID_DETMANTENIMIENTO,ID_MANTENIMIENTO,ID_PRODUCTO,CANTIDAD_PRODUCTO)
VALUES (10,3,17,6);
INSERT INTO TBL_DETMANTENIMIENTO (ID_DETMANTENIMIENTO,ID_MANTENIMIENTO,ID_PRODUCTO,CANTIDAD_PRODUCTO)
VALUES (11,17,98,8);
INSERT INTO TBL_DETMANTENIMIENTO (ID_DETMANTENIMIENTO,ID_MANTENIMIENTO,ID_PRODUCTO,CANTIDAD_PRODUCTO)
VALUES (12,31,94,10);
INSERT INTO TBL_DETMANTENIMIENTO (ID_DETMANTENIMIENTO,ID_MANTENIMIENTO,ID_PRODUCTO,CANTIDAD_PRODUCTO)
VALUES (13,81,147,5);
INSERT INTO TBL_DETMANTENIMIENTO (ID_DETMANTENIMIENTO,ID_MANTENIMIENTO,ID_PRODUCTO,CANTIDAD_PRODUCTO)
VALUES (14,22,22,3);
INSERT INTO TBL_DETMANTENIMIENTO (ID_DETMANTENIMIENTO,ID_MANTENIMIENTO,ID_PRODUCTO,CANTIDAD_PRODUCTO)
VALUES (15,49,139,2);
INSERT INTO TBL_DETMANTENIMIENTO (ID_DETMANTENIMIENTO,ID_MANTENIMIENTO,ID_PRODUCTO,CANTIDAD_PRODUCTO)
VALUES (16,80,71,4);
INSERT INTO TBL_DETMANTENIMIENTO (ID_DETMANTENIMIENTO,ID_MANTENIMIENTO,ID_PRODUCTO,CANTIDAD_PRODUCTO)
VALUES (17,21,62,7);
INSERT INTO TBL_DETMANTENIMIENTO (ID_DETMANTENIMIENTO,ID_MANTENIMIENTO,ID_PRODUCTO,CANTIDAD_PRODUCTO)
VALUES (18,71,44,3);
INSERT INTO TBL_DETMANTENIMIENTO (ID_DETMANTENIMIENTO,ID_MANTENIMIENTO,ID_PRODUCTO,CANTIDAD_PRODUCTO)
VALUES (19,48,147,4);
INSERT INTO TBL_DETMANTENIMIENTO (ID_DETMANTENIMIENTO,ID_MANTENIMIENTO,ID_PRODUCTO,CANTIDAD_PRODUCTO)
VALUES (20,65,95,2);
INSERT INTO TBL_DETMANTENIMIENTO (ID_DETMANTENIMIENTO,ID_MANTENIMIENTO,ID_PRODUCTO,CANTIDAD_PRODUCTO)
VALUES (21,17,16,7);
INSERT INTO TBL_DETMANTENIMIENTO (ID_DETMANTENIMIENTO,ID_MANTENIMIENTO,ID_PRODUCTO,CANTIDAD_PRODUCTO)
VALUES (22,18,24,4);
INSERT INTO TBL_DETMANTENIMIENTO (ID_DETMANTENIMIENTO,ID_MANTENIMIENTO,ID_PRODUCTO,CANTIDAD_PRODUCTO)
VALUES (23,10,18,5);
INSERT INTO TBL_DETMANTENIMIENTO (ID_DETMANTENIMIENTO,ID_MANTENIMIENTO,ID_PRODUCTO,CANTIDAD_PRODUCTO)
VALUES (24,86,132,2);
INSERT INTO TBL_DETMANTENIMIENTO (ID_DETMANTENIMIENTO,ID_MANTENIMIENTO,ID_PRODUCTO,CANTIDAD_PRODUCTO)
VALUES (25,84,102,5);
INSERT INTO TBL_DETMANTENIMIENTO (ID_DETMANTENIMIENTO,ID_MANTENIMIENTO,ID_PRODUCTO,CANTIDAD_PRODUCTO)
VALUES (26,42,116,2);
INSERT INTO TBL_DETMANTENIMIENTO (ID_DETMANTENIMIENTO,ID_MANTENIMIENTO,ID_PRODUCTO,CANTIDAD_PRODUCTO)
VALUES (27,4,117,3);
INSERT INTO TBL_DETMANTENIMIENTO (ID_DETMANTENIMIENTO,ID_MANTENIMIENTO,ID_PRODUCTO,CANTIDAD_PRODUCTO)
VALUES (28,79,8,3);
INSERT INTO TBL_DETMANTENIMIENTO (ID_DETMANTENIMIENTO,ID_MANTENIMIENTO,ID_PRODUCTO,CANTIDAD_PRODUCTO)
VALUES (29,92,48,7);
INSERT INTO TBL_DETMANTENIMIENTO (ID_DETMANTENIMIENTO,ID_MANTENIMIENTO,ID_PRODUCTO,CANTIDAD_PRODUCTO)
VALUES (30,33,83,2);
INSERT INTO TBL_DETMANTENIMIENTO (ID_DETMANTENIMIENTO,ID_MANTENIMIENTO,ID_PRODUCTO,CANTIDAD_PRODUCTO)
VALUES (31,80,81,3);
INSERT INTO TBL_DETMANTENIMIENTO (ID_DETMANTENIMIENTO,ID_MANTENIMIENTO,ID_PRODUCTO,CANTIDAD_PRODUCTO)
VALUES (32,65,9,3);
INSERT INTO TBL_DETMANTENIMIENTO (ID_DETMANTENIMIENTO,ID_MANTENIMIENTO,ID_PRODUCTO,CANTIDAD_PRODUCTO)
VALUES (33,25,34,8);
INSERT INTO TBL_DETMANTENIMIENTO (ID_DETMANTENIMIENTO,ID_MANTENIMIENTO,ID_PRODUCTO,CANTIDAD_PRODUCTO)
VALUES (34,96,123,5);
INSERT INTO TBL_DETMANTENIMIENTO (ID_DETMANTENIMIENTO,ID_MANTENIMIENTO,ID_PRODUCTO,CANTIDAD_PRODUCTO)
VALUES (35,59,76,4);
INSERT INTO TBL_DETMANTENIMIENTO (ID_DETMANTENIMIENTO,ID_MANTENIMIENTO,ID_PRODUCTO,CANTIDAD_PRODUCTO)
VALUES (36,80,67,4);
INSERT INTO TBL_DETMANTENIMIENTO (ID_DETMANTENIMIENTO,ID_MANTENIMIENTO,ID_PRODUCTO,CANTIDAD_PRODUCTO)
VALUES (37,57,99,6);
INSERT INTO TBL_DETMANTENIMIENTO (ID_DETMANTENIMIENTO,ID_MANTENIMIENTO,ID_PRODUCTO,CANTIDAD_PRODUCTO)
VALUES (38,2,56,4);
INSERT INTO TBL_DETMANTENIMIENTO (ID_DETMANTENIMIENTO,ID_MANTENIMIENTO,ID_PRODUCTO,CANTIDAD_PRODUCTO)
VALUES (39,25,104,5);
INSERT INTO TBL_DETMANTENIMIENTO (ID_DETMANTENIMIENTO,ID_MANTENIMIENTO,ID_PRODUCTO,CANTIDAD_PRODUCTO)
VALUES (40,83,114,6);
INSERT INTO TBL_DETMANTENIMIENTO (ID_DETMANTENIMIENTO,ID_MANTENIMIENTO,ID_PRODUCTO,CANTIDAD_PRODUCTO)
VALUES (41,17,129,2);
INSERT INTO TBL_DETMANTENIMIENTO (ID_DETMANTENIMIENTO,ID_MANTENIMIENTO,ID_PRODUCTO,CANTIDAD_PRODUCTO)
VALUES (42,56,88,7);
INSERT INTO TBL_DETMANTENIMIENTO (ID_DETMANTENIMIENTO,ID_MANTENIMIENTO,ID_PRODUCTO,CANTIDAD_PRODUCTO)
VALUES (43,43,147,4);
INSERT INTO TBL_DETMANTENIMIENTO (ID_DETMANTENIMIENTO,ID_MANTENIMIENTO,ID_PRODUCTO,CANTIDAD_PRODUCTO)
VALUES (44,35,78,2);
INSERT INTO TBL_DETMANTENIMIENTO (ID_DETMANTENIMIENTO,ID_MANTENIMIENTO,ID_PRODUCTO,CANTIDAD_PRODUCTO)
VALUES (45,44,99,6);
INSERT INTO TBL_DETMANTENIMIENTO (ID_DETMANTENIMIENTO,ID_MANTENIMIENTO,ID_PRODUCTO,CANTIDAD_PRODUCTO)
VALUES (46,67,118,3);
INSERT INTO TBL_DETMANTENIMIENTO (ID_DETMANTENIMIENTO,ID_MANTENIMIENTO,ID_PRODUCTO,CANTIDAD_PRODUCTO)
VALUES (47,19,103,1);
INSERT INTO TBL_DETMANTENIMIENTO (ID_DETMANTENIMIENTO,ID_MANTENIMIENTO,ID_PRODUCTO,CANTIDAD_PRODUCTO)
VALUES (48,60,146,6);
INSERT INTO TBL_DETMANTENIMIENTO (ID_DETMANTENIMIENTO,ID_MANTENIMIENTO,ID_PRODUCTO,CANTIDAD_PRODUCTO)
VALUES (49,58,22,2);
INSERT INTO TBL_DETMANTENIMIENTO (ID_DETMANTENIMIENTO,ID_MANTENIMIENTO,ID_PRODUCTO,CANTIDAD_PRODUCTO)
VALUES (50,10,80,10);
INSERT INTO TBL_DETMANTENIMIENTO (ID_DETMANTENIMIENTO,ID_MANTENIMIENTO,ID_PRODUCTO,CANTIDAD_PRODUCTO)
VALUES (51,10,7,8);
INSERT INTO TBL_DETMANTENIMIENTO (ID_DETMANTENIMIENTO,ID_MANTENIMIENTO,ID_PRODUCTO,CANTIDAD_PRODUCTO)
VALUES (52,99,12,4);
INSERT INTO TBL_DETMANTENIMIENTO (ID_DETMANTENIMIENTO,ID_MANTENIMIENTO,ID_PRODUCTO,CANTIDAD_PRODUCTO)
VALUES (53,62,108,5);
INSERT INTO TBL_DETMANTENIMIENTO (ID_DETMANTENIMIENTO,ID_MANTENIMIENTO,ID_PRODUCTO,CANTIDAD_PRODUCTO)
VALUES (54,52,112,5);
INSERT INTO TBL_DETMANTENIMIENTO (ID_DETMANTENIMIENTO,ID_MANTENIMIENTO,ID_PRODUCTO,CANTIDAD_PRODUCTO)
VALUES (55,3,47,9);
INSERT INTO TBL_DETMANTENIMIENTO (ID_DETMANTENIMIENTO,ID_MANTENIMIENTO,ID_PRODUCTO,CANTIDAD_PRODUCTO)
VALUES (56,71,40,9);
INSERT INTO TBL_DETMANTENIMIENTO (ID_DETMANTENIMIENTO,ID_MANTENIMIENTO,ID_PRODUCTO,CANTIDAD_PRODUCTO)
VALUES (57,38,14,5);
INSERT INTO TBL_DETMANTENIMIENTO (ID_DETMANTENIMIENTO,ID_MANTENIMIENTO,ID_PRODUCTO,CANTIDAD_PRODUCTO)
VALUES (58,11,27,2);
INSERT INTO TBL_DETMANTENIMIENTO (ID_DETMANTENIMIENTO,ID_MANTENIMIENTO,ID_PRODUCTO,CANTIDAD_PRODUCTO)
VALUES (59,60,127,7);
INSERT INTO TBL_DETMANTENIMIENTO (ID_DETMANTENIMIENTO,ID_MANTENIMIENTO,ID_PRODUCTO,CANTIDAD_PRODUCTO)
VALUES (60,7,10,6);
INSERT INTO TBL_DETMANTENIMIENTO (ID_DETMANTENIMIENTO,ID_MANTENIMIENTO,ID_PRODUCTO,CANTIDAD_PRODUCTO)
VALUES (61,92,71,7);
INSERT INTO TBL_DETMANTENIMIENTO (ID_DETMANTENIMIENTO,ID_MANTENIMIENTO,ID_PRODUCTO,CANTIDAD_PRODUCTO)
VALUES (62,75,60,3);
INSERT INTO TBL_DETMANTENIMIENTO (ID_DETMANTENIMIENTO,ID_MANTENIMIENTO,ID_PRODUCTO,CANTIDAD_PRODUCTO)
VALUES (63,78,59,1);
INSERT INTO TBL_DETMANTENIMIENTO (ID_DETMANTENIMIENTO,ID_MANTENIMIENTO,ID_PRODUCTO,CANTIDAD_PRODUCTO)
VALUES (64,25,86,1);
INSERT INTO TBL_DETMANTENIMIENTO (ID_DETMANTENIMIENTO,ID_MANTENIMIENTO,ID_PRODUCTO,CANTIDAD_PRODUCTO)
VALUES (65,91,72,2);
INSERT INTO TBL_DETMANTENIMIENTO (ID_DETMANTENIMIENTO,ID_MANTENIMIENTO,ID_PRODUCTO,CANTIDAD_PRODUCTO)
VALUES (66,58,137,5);
INSERT INTO TBL_DETMANTENIMIENTO (ID_DETMANTENIMIENTO,ID_MANTENIMIENTO,ID_PRODUCTO,CANTIDAD_PRODUCTO)
VALUES (67,46,106,10);
INSERT INTO TBL_DETMANTENIMIENTO (ID_DETMANTENIMIENTO,ID_MANTENIMIENTO,ID_PRODUCTO,CANTIDAD_PRODUCTO)
VALUES (68,3,5,8);
INSERT INTO TBL_DETMANTENIMIENTO (ID_DETMANTENIMIENTO,ID_MANTENIMIENTO,ID_PRODUCTO,CANTIDAD_PRODUCTO)
VALUES (69,33,40,6);
INSERT INTO TBL_DETMANTENIMIENTO (ID_DETMANTENIMIENTO,ID_MANTENIMIENTO,ID_PRODUCTO,CANTIDAD_PRODUCTO)
VALUES (70,38,38,5);
INSERT INTO TBL_DETMANTENIMIENTO (ID_DETMANTENIMIENTO,ID_MANTENIMIENTO,ID_PRODUCTO,CANTIDAD_PRODUCTO)
VALUES (71,2,135,6);
INSERT INTO TBL_DETMANTENIMIENTO (ID_DETMANTENIMIENTO,ID_MANTENIMIENTO,ID_PRODUCTO,CANTIDAD_PRODUCTO)
VALUES (72,52,128,6);
INSERT INTO TBL_DETMANTENIMIENTO (ID_DETMANTENIMIENTO,ID_MANTENIMIENTO,ID_PRODUCTO,CANTIDAD_PRODUCTO)
VALUES (73,60,54,2);
INSERT INTO TBL_DETMANTENIMIENTO (ID_DETMANTENIMIENTO,ID_MANTENIMIENTO,ID_PRODUCTO,CANTIDAD_PRODUCTO)
VALUES (74,89,102,1);
INSERT INTO TBL_DETMANTENIMIENTO (ID_DETMANTENIMIENTO,ID_MANTENIMIENTO,ID_PRODUCTO,CANTIDAD_PRODUCTO)
VALUES (75,57,66,7);
INSERT INTO TBL_DETMANTENIMIENTO (ID_DETMANTENIMIENTO,ID_MANTENIMIENTO,ID_PRODUCTO,CANTIDAD_PRODUCTO)
VALUES (76,5,91,4);
INSERT INTO TBL_DETMANTENIMIENTO (ID_DETMANTENIMIENTO,ID_MANTENIMIENTO,ID_PRODUCTO,CANTIDAD_PRODUCTO)
VALUES (77,57,9,7);
INSERT INTO TBL_DETMANTENIMIENTO (ID_DETMANTENIMIENTO,ID_MANTENIMIENTO,ID_PRODUCTO,CANTIDAD_PRODUCTO)
VALUES (78,21,90,7);
INSERT INTO TBL_DETMANTENIMIENTO (ID_DETMANTENIMIENTO,ID_MANTENIMIENTO,ID_PRODUCTO,CANTIDAD_PRODUCTO)
VALUES (79,26,87,9);
INSERT INTO TBL_DETMANTENIMIENTO (ID_DETMANTENIMIENTO,ID_MANTENIMIENTO,ID_PRODUCTO,CANTIDAD_PRODUCTO)
VALUES (80,32,3,3);
INSERT INTO TBL_DETMANTENIMIENTO (ID_DETMANTENIMIENTO,ID_MANTENIMIENTO,ID_PRODUCTO,CANTIDAD_PRODUCTO)
VALUES (81,68,17,2);
INSERT INTO TBL_DETMANTENIMIENTO (ID_DETMANTENIMIENTO,ID_MANTENIMIENTO,ID_PRODUCTO,CANTIDAD_PRODUCTO)
VALUES (82,36,109,3);
INSERT INTO TBL_DETMANTENIMIENTO (ID_DETMANTENIMIENTO,ID_MANTENIMIENTO,ID_PRODUCTO,CANTIDAD_PRODUCTO)
VALUES (83,82,39,7);
INSERT INTO TBL_DETMANTENIMIENTO (ID_DETMANTENIMIENTO,ID_MANTENIMIENTO,ID_PRODUCTO,CANTIDAD_PRODUCTO)
VALUES (84,76,17,10);
INSERT INTO TBL_DETMANTENIMIENTO (ID_DETMANTENIMIENTO,ID_MANTENIMIENTO,ID_PRODUCTO,CANTIDAD_PRODUCTO)
VALUES (85,10,14,10);
INSERT INTO TBL_DETMANTENIMIENTO (ID_DETMANTENIMIENTO,ID_MANTENIMIENTO,ID_PRODUCTO,CANTIDAD_PRODUCTO)
VALUES (86,35,33,1);
INSERT INTO TBL_DETMANTENIMIENTO (ID_DETMANTENIMIENTO,ID_MANTENIMIENTO,ID_PRODUCTO,CANTIDAD_PRODUCTO)
VALUES (87,8,149,4);
INSERT INTO TBL_DETMANTENIMIENTO (ID_DETMANTENIMIENTO,ID_MANTENIMIENTO,ID_PRODUCTO,CANTIDAD_PRODUCTO)
VALUES (88,5,21,5);
INSERT INTO TBL_DETMANTENIMIENTO (ID_DETMANTENIMIENTO,ID_MANTENIMIENTO,ID_PRODUCTO,CANTIDAD_PRODUCTO)
VALUES (89,13,51,6);
INSERT INTO TBL_DETMANTENIMIENTO (ID_DETMANTENIMIENTO,ID_MANTENIMIENTO,ID_PRODUCTO,CANTIDAD_PRODUCTO)
VALUES (90,17,82,2);
INSERT INTO TBL_DETMANTENIMIENTO (ID_DETMANTENIMIENTO,ID_MANTENIMIENTO,ID_PRODUCTO,CANTIDAD_PRODUCTO)
VALUES (91,82,130,9);
INSERT INTO TBL_DETMANTENIMIENTO (ID_DETMANTENIMIENTO,ID_MANTENIMIENTO,ID_PRODUCTO,CANTIDAD_PRODUCTO)
VALUES (92,97,8,3);
INSERT INTO TBL_DETMANTENIMIENTO (ID_DETMANTENIMIENTO,ID_MANTENIMIENTO,ID_PRODUCTO,CANTIDAD_PRODUCTO)
VALUES (93,95,101,6);
INSERT INTO TBL_DETMANTENIMIENTO (ID_DETMANTENIMIENTO,ID_MANTENIMIENTO,ID_PRODUCTO,CANTIDAD_PRODUCTO)
VALUES (94,50,140,8);
INSERT INTO TBL_DETMANTENIMIENTO (ID_DETMANTENIMIENTO,ID_MANTENIMIENTO,ID_PRODUCTO,CANTIDAD_PRODUCTO)
VALUES (95,65,132,5);
INSERT INTO TBL_DETMANTENIMIENTO (ID_DETMANTENIMIENTO,ID_MANTENIMIENTO,ID_PRODUCTO,CANTIDAD_PRODUCTO)
VALUES (96,28,6,7);
INSERT INTO TBL_DETMANTENIMIENTO (ID_DETMANTENIMIENTO,ID_MANTENIMIENTO,ID_PRODUCTO,CANTIDAD_PRODUCTO)
VALUES (97,77,136,1);
INSERT INTO TBL_DETMANTENIMIENTO (ID_DETMANTENIMIENTO,ID_MANTENIMIENTO,ID_PRODUCTO,CANTIDAD_PRODUCTO)
VALUES (98,21,125,4);
INSERT INTO TBL_DETMANTENIMIENTO (ID_DETMANTENIMIENTO,ID_MANTENIMIENTO,ID_PRODUCTO,CANTIDAD_PRODUCTO)
VALUES (99,25,62,9);
INSERT INTO TBL_DETMANTENIMIENTO (ID_DETMANTENIMIENTO,ID_MANTENIMIENTO,ID_PRODUCTO,CANTIDAD_PRODUCTO)
VALUES (100,47,126,4);
INSERT INTO TBL_DETMANTENIMIENTO (ID_DETMANTENIMIENTO,ID_MANTENIMIENTO,ID_PRODUCTO,CANTIDAD_PRODUCTO)
VALUES (101,36,89,6);
INSERT INTO TBL_DETMANTENIMIENTO (ID_DETMANTENIMIENTO,ID_MANTENIMIENTO,ID_PRODUCTO,CANTIDAD_PRODUCTO)
VALUES (102,13,104,7);
INSERT INTO TBL_DETMANTENIMIENTO (ID_DETMANTENIMIENTO,ID_MANTENIMIENTO,ID_PRODUCTO,CANTIDAD_PRODUCTO)
VALUES (103,41,21,3);
INSERT INTO TBL_DETMANTENIMIENTO (ID_DETMANTENIMIENTO,ID_MANTENIMIENTO,ID_PRODUCTO,CANTIDAD_PRODUCTO)
VALUES (104,65,75,2);
INSERT INTO TBL_DETMANTENIMIENTO (ID_DETMANTENIMIENTO,ID_MANTENIMIENTO,ID_PRODUCTO,CANTIDAD_PRODUCTO)
VALUES (105,99,127,2);
INSERT INTO TBL_DETMANTENIMIENTO (ID_DETMANTENIMIENTO,ID_MANTENIMIENTO,ID_PRODUCTO,CANTIDAD_PRODUCTO)
VALUES (106,60,43,2);
INSERT INTO TBL_DETMANTENIMIENTO (ID_DETMANTENIMIENTO,ID_MANTENIMIENTO,ID_PRODUCTO,CANTIDAD_PRODUCTO)
VALUES (107,12,29,3);
INSERT INTO TBL_DETMANTENIMIENTO (ID_DETMANTENIMIENTO,ID_MANTENIMIENTO,ID_PRODUCTO,CANTIDAD_PRODUCTO)
VALUES (108,50,119,6);
INSERT INTO TBL_DETMANTENIMIENTO (ID_DETMANTENIMIENTO,ID_MANTENIMIENTO,ID_PRODUCTO,CANTIDAD_PRODUCTO)
VALUES (109,63,120,7);
INSERT INTO TBL_DETMANTENIMIENTO (ID_DETMANTENIMIENTO,ID_MANTENIMIENTO,ID_PRODUCTO,CANTIDAD_PRODUCTO)
VALUES (110,19,144,7);
INSERT INTO TBL_DETMANTENIMIENTO (ID_DETMANTENIMIENTO,ID_MANTENIMIENTO,ID_PRODUCTO,CANTIDAD_PRODUCTO)
VALUES (111,89,9,3);
INSERT INTO TBL_DETMANTENIMIENTO (ID_DETMANTENIMIENTO,ID_MANTENIMIENTO,ID_PRODUCTO,CANTIDAD_PRODUCTO)
VALUES (112,91,86,3);
INSERT INTO TBL_DETMANTENIMIENTO (ID_DETMANTENIMIENTO,ID_MANTENIMIENTO,ID_PRODUCTO,CANTIDAD_PRODUCTO)
VALUES (113,4,147,8);
INSERT INTO TBL_DETMANTENIMIENTO (ID_DETMANTENIMIENTO,ID_MANTENIMIENTO,ID_PRODUCTO,CANTIDAD_PRODUCTO)
VALUES (114,85,114,2);
INSERT INTO TBL_DETMANTENIMIENTO (ID_DETMANTENIMIENTO,ID_MANTENIMIENTO,ID_PRODUCTO,CANTIDAD_PRODUCTO)
VALUES (115,39,135,9);
INSERT INTO TBL_DETMANTENIMIENTO (ID_DETMANTENIMIENTO,ID_MANTENIMIENTO,ID_PRODUCTO,CANTIDAD_PRODUCTO)
VALUES (116,72,2,5);
INSERT INTO TBL_DETMANTENIMIENTO (ID_DETMANTENIMIENTO,ID_MANTENIMIENTO,ID_PRODUCTO,CANTIDAD_PRODUCTO)
VALUES (117,31,54,8);
INSERT INTO TBL_DETMANTENIMIENTO (ID_DETMANTENIMIENTO,ID_MANTENIMIENTO,ID_PRODUCTO,CANTIDAD_PRODUCTO)
VALUES (118,1,6,2);
INSERT INTO TBL_DETMANTENIMIENTO (ID_DETMANTENIMIENTO,ID_MANTENIMIENTO,ID_PRODUCTO,CANTIDAD_PRODUCTO)
VALUES (119,90,55,6);
INSERT INTO TBL_DETMANTENIMIENTO (ID_DETMANTENIMIENTO,ID_MANTENIMIENTO,ID_PRODUCTO,CANTIDAD_PRODUCTO)
VALUES (120,76,43,5);
INSERT INTO TBL_DETMANTENIMIENTO (ID_DETMANTENIMIENTO,ID_MANTENIMIENTO,ID_PRODUCTO,CANTIDAD_PRODUCTO)
VALUES (121,55,46,9);
INSERT INTO TBL_DETMANTENIMIENTO (ID_DETMANTENIMIENTO,ID_MANTENIMIENTO,ID_PRODUCTO,CANTIDAD_PRODUCTO)
VALUES (122,81,79,5);
INSERT INTO TBL_DETMANTENIMIENTO (ID_DETMANTENIMIENTO,ID_MANTENIMIENTO,ID_PRODUCTO,CANTIDAD_PRODUCTO)
VALUES (123,44,110,3);
INSERT INTO TBL_DETMANTENIMIENTO (ID_DETMANTENIMIENTO,ID_MANTENIMIENTO,ID_PRODUCTO,CANTIDAD_PRODUCTO)
VALUES (124,28,13,9);
INSERT INTO TBL_DETMANTENIMIENTO (ID_DETMANTENIMIENTO,ID_MANTENIMIENTO,ID_PRODUCTO,CANTIDAD_PRODUCTO)
VALUES (125,89,85,1);
INSERT INTO TBL_DETMANTENIMIENTO (ID_DETMANTENIMIENTO,ID_MANTENIMIENTO,ID_PRODUCTO,CANTIDAD_PRODUCTO)
VALUES (126,64,130,10);
INSERT INTO TBL_DETMANTENIMIENTO (ID_DETMANTENIMIENTO,ID_MANTENIMIENTO,ID_PRODUCTO,CANTIDAD_PRODUCTO)
VALUES (127,54,111,4);
INSERT INTO TBL_DETMANTENIMIENTO (ID_DETMANTENIMIENTO,ID_MANTENIMIENTO,ID_PRODUCTO,CANTIDAD_PRODUCTO)
VALUES (128,30,23,5);
INSERT INTO TBL_DETMANTENIMIENTO (ID_DETMANTENIMIENTO,ID_MANTENIMIENTO,ID_PRODUCTO,CANTIDAD_PRODUCTO)
VALUES (129,56,25,4);
INSERT INTO TBL_DETMANTENIMIENTO (ID_DETMANTENIMIENTO,ID_MANTENIMIENTO,ID_PRODUCTO,CANTIDAD_PRODUCTO)
VALUES (130,40,21,1);
INSERT INTO TBL_DETMANTENIMIENTO (ID_DETMANTENIMIENTO,ID_MANTENIMIENTO,ID_PRODUCTO,CANTIDAD_PRODUCTO)
VALUES (131,84,117,4);
INSERT INTO TBL_DETMANTENIMIENTO (ID_DETMANTENIMIENTO,ID_MANTENIMIENTO,ID_PRODUCTO,CANTIDAD_PRODUCTO)
VALUES (132,83,63,5);
INSERT INTO TBL_DETMANTENIMIENTO (ID_DETMANTENIMIENTO,ID_MANTENIMIENTO,ID_PRODUCTO,CANTIDAD_PRODUCTO)
VALUES (133,94,131,9);
INSERT INTO TBL_DETMANTENIMIENTO (ID_DETMANTENIMIENTO,ID_MANTENIMIENTO,ID_PRODUCTO,CANTIDAD_PRODUCTO)
VALUES (134,33,98,7);
INSERT INTO TBL_DETMANTENIMIENTO (ID_DETMANTENIMIENTO,ID_MANTENIMIENTO,ID_PRODUCTO,CANTIDAD_PRODUCTO)
VALUES (135,76,52,6);
INSERT INTO TBL_DETMANTENIMIENTO (ID_DETMANTENIMIENTO,ID_MANTENIMIENTO,ID_PRODUCTO,CANTIDAD_PRODUCTO)
VALUES (136,2,48,9);
INSERT INTO TBL_DETMANTENIMIENTO (ID_DETMANTENIMIENTO,ID_MANTENIMIENTO,ID_PRODUCTO,CANTIDAD_PRODUCTO)
VALUES (137,11,32,4);
INSERT INTO TBL_DETMANTENIMIENTO (ID_DETMANTENIMIENTO,ID_MANTENIMIENTO,ID_PRODUCTO,CANTIDAD_PRODUCTO)
VALUES (138,42,16,9);
INSERT INTO TBL_DETMANTENIMIENTO (ID_DETMANTENIMIENTO,ID_MANTENIMIENTO,ID_PRODUCTO,CANTIDAD_PRODUCTO)
VALUES (139,90,113,10);
INSERT INTO TBL_DETMANTENIMIENTO (ID_DETMANTENIMIENTO,ID_MANTENIMIENTO,ID_PRODUCTO,CANTIDAD_PRODUCTO)
VALUES (140,63,107,5);
INSERT INTO TBL_DETMANTENIMIENTO (ID_DETMANTENIMIENTO,ID_MANTENIMIENTO,ID_PRODUCTO,CANTIDAD_PRODUCTO)
VALUES (141,15,5,6);
INSERT INTO TBL_DETMANTENIMIENTO (ID_DETMANTENIMIENTO,ID_MANTENIMIENTO,ID_PRODUCTO,CANTIDAD_PRODUCTO)
VALUES (142,99,29,2);
INSERT INTO TBL_DETMANTENIMIENTO (ID_DETMANTENIMIENTO,ID_MANTENIMIENTO,ID_PRODUCTO,CANTIDAD_PRODUCTO)
VALUES (143,13,136,8);
INSERT INTO TBL_DETMANTENIMIENTO (ID_DETMANTENIMIENTO,ID_MANTENIMIENTO,ID_PRODUCTO,CANTIDAD_PRODUCTO)
VALUES (144,5,14,7);
INSERT INTO TBL_DETMANTENIMIENTO (ID_DETMANTENIMIENTO,ID_MANTENIMIENTO,ID_PRODUCTO,CANTIDAD_PRODUCTO)
VALUES (145,18,97,4);
INSERT INTO TBL_DETMANTENIMIENTO (ID_DETMANTENIMIENTO,ID_MANTENIMIENTO,ID_PRODUCTO,CANTIDAD_PRODUCTO)
VALUES (146,43,120,9);
INSERT INTO TBL_DETMANTENIMIENTO (ID_DETMANTENIMIENTO,ID_MANTENIMIENTO,ID_PRODUCTO,CANTIDAD_PRODUCTO)
VALUES (147,63,23,6);
INSERT INTO TBL_DETMANTENIMIENTO (ID_DETMANTENIMIENTO,ID_MANTENIMIENTO,ID_PRODUCTO,CANTIDAD_PRODUCTO)
VALUES (148,46,47,8);
INSERT INTO TBL_DETMANTENIMIENTO (ID_DETMANTENIMIENTO,ID_MANTENIMIENTO,ID_PRODUCTO,CANTIDAD_PRODUCTO)
VALUES (149,44,20,2);
INSERT INTO TBL_DETMANTENIMIENTO (ID_DETMANTENIMIENTO,ID_MANTENIMIENTO,ID_PRODUCTO,CANTIDAD_PRODUCTO)
VALUES (150,44,95,2);
INSERT INTO TBL_DETMANTENIMIENTO (ID_DETMANTENIMIENTO,ID_MANTENIMIENTO,ID_PRODUCTO,CANTIDAD_PRODUCTO)
VALUES (151,58,76,3);
INSERT INTO TBL_DETMANTENIMIENTO (ID_DETMANTENIMIENTO,ID_MANTENIMIENTO,ID_PRODUCTO,CANTIDAD_PRODUCTO)
VALUES (152,74,13,1);
INSERT INTO TBL_DETMANTENIMIENTO (ID_DETMANTENIMIENTO,ID_MANTENIMIENTO,ID_PRODUCTO,CANTIDAD_PRODUCTO)
VALUES (153,73,56,5);
INSERT INTO TBL_DETMANTENIMIENTO (ID_DETMANTENIMIENTO,ID_MANTENIMIENTO,ID_PRODUCTO,CANTIDAD_PRODUCTO)
VALUES (154,71,41,4);
INSERT INTO TBL_DETMANTENIMIENTO (ID_DETMANTENIMIENTO,ID_MANTENIMIENTO,ID_PRODUCTO,CANTIDAD_PRODUCTO)
VALUES (155,62,33,2);
INSERT INTO TBL_DETMANTENIMIENTO (ID_DETMANTENIMIENTO,ID_MANTENIMIENTO,ID_PRODUCTO,CANTIDAD_PRODUCTO)
VALUES (156,99,45,3);
INSERT INTO TBL_DETMANTENIMIENTO (ID_DETMANTENIMIENTO,ID_MANTENIMIENTO,ID_PRODUCTO,CANTIDAD_PRODUCTO)
VALUES (157,11,85,6);
INSERT INTO TBL_DETMANTENIMIENTO (ID_DETMANTENIMIENTO,ID_MANTENIMIENTO,ID_PRODUCTO,CANTIDAD_PRODUCTO)
VALUES (158,88,137,9);
INSERT INTO TBL_DETMANTENIMIENTO (ID_DETMANTENIMIENTO,ID_MANTENIMIENTO,ID_PRODUCTO,CANTIDAD_PRODUCTO)
VALUES (159,71,107,5);
INSERT INTO TBL_DETMANTENIMIENTO (ID_DETMANTENIMIENTO,ID_MANTENIMIENTO,ID_PRODUCTO,CANTIDAD_PRODUCTO)
VALUES (160,32,19,7);
INSERT INTO TBL_DETMANTENIMIENTO (ID_DETMANTENIMIENTO,ID_MANTENIMIENTO,ID_PRODUCTO,CANTIDAD_PRODUCTO)
VALUES (161,48,141,3);
INSERT INTO TBL_DETMANTENIMIENTO (ID_DETMANTENIMIENTO,ID_MANTENIMIENTO,ID_PRODUCTO,CANTIDAD_PRODUCTO)
VALUES (162,41,31,5);
INSERT INTO TBL_DETMANTENIMIENTO (ID_DETMANTENIMIENTO,ID_MANTENIMIENTO,ID_PRODUCTO,CANTIDAD_PRODUCTO)
VALUES (163,95,62,4);
INSERT INTO TBL_DETMANTENIMIENTO (ID_DETMANTENIMIENTO,ID_MANTENIMIENTO,ID_PRODUCTO,CANTIDAD_PRODUCTO)
VALUES (164,15,29,2);
INSERT INTO TBL_DETMANTENIMIENTO (ID_DETMANTENIMIENTO,ID_MANTENIMIENTO,ID_PRODUCTO,CANTIDAD_PRODUCTO)
VALUES (165,83,123,1);
INSERT INTO TBL_DETMANTENIMIENTO (ID_DETMANTENIMIENTO,ID_MANTENIMIENTO,ID_PRODUCTO,CANTIDAD_PRODUCTO)
VALUES (166,49,2,5);
INSERT INTO TBL_DETMANTENIMIENTO (ID_DETMANTENIMIENTO,ID_MANTENIMIENTO,ID_PRODUCTO,CANTIDAD_PRODUCTO)
VALUES (167,75,107,6);
INSERT INTO TBL_DETMANTENIMIENTO (ID_DETMANTENIMIENTO,ID_MANTENIMIENTO,ID_PRODUCTO,CANTIDAD_PRODUCTO)
VALUES (168,13,142,10);
INSERT INTO TBL_DETMANTENIMIENTO (ID_DETMANTENIMIENTO,ID_MANTENIMIENTO,ID_PRODUCTO,CANTIDAD_PRODUCTO)
VALUES (169,56,140,10);
INSERT INTO TBL_DETMANTENIMIENTO (ID_DETMANTENIMIENTO,ID_MANTENIMIENTO,ID_PRODUCTO,CANTIDAD_PRODUCTO)
VALUES (170,21,69,6);
INSERT INTO TBL_DETMANTENIMIENTO (ID_DETMANTENIMIENTO,ID_MANTENIMIENTO,ID_PRODUCTO,CANTIDAD_PRODUCTO)
VALUES (171,94,107,2);
INSERT INTO TBL_DETMANTENIMIENTO (ID_DETMANTENIMIENTO,ID_MANTENIMIENTO,ID_PRODUCTO,CANTIDAD_PRODUCTO)
VALUES (172,23,14,6);
INSERT INTO TBL_DETMANTENIMIENTO (ID_DETMANTENIMIENTO,ID_MANTENIMIENTO,ID_PRODUCTO,CANTIDAD_PRODUCTO)
VALUES (173,64,59,8);
INSERT INTO TBL_DETMANTENIMIENTO (ID_DETMANTENIMIENTO,ID_MANTENIMIENTO,ID_PRODUCTO,CANTIDAD_PRODUCTO)
VALUES (174,14,35,5);
INSERT INTO TBL_DETMANTENIMIENTO (ID_DETMANTENIMIENTO,ID_MANTENIMIENTO,ID_PRODUCTO,CANTIDAD_PRODUCTO)
VALUES (175,30,43,7);
INSERT INTO TBL_DETMANTENIMIENTO (ID_DETMANTENIMIENTO,ID_MANTENIMIENTO,ID_PRODUCTO,CANTIDAD_PRODUCTO)
VALUES (176,8,51,7);
INSERT INTO TBL_DETMANTENIMIENTO (ID_DETMANTENIMIENTO,ID_MANTENIMIENTO,ID_PRODUCTO,CANTIDAD_PRODUCTO)
VALUES (177,74,39,6);
INSERT INTO TBL_DETMANTENIMIENTO (ID_DETMANTENIMIENTO,ID_MANTENIMIENTO,ID_PRODUCTO,CANTIDAD_PRODUCTO)
VALUES (178,68,41,8);
INSERT INTO TBL_DETMANTENIMIENTO (ID_DETMANTENIMIENTO,ID_MANTENIMIENTO,ID_PRODUCTO,CANTIDAD_PRODUCTO)
VALUES (179,54,119,6);
INSERT INTO TBL_DETMANTENIMIENTO (ID_DETMANTENIMIENTO,ID_MANTENIMIENTO,ID_PRODUCTO,CANTIDAD_PRODUCTO)
VALUES (180,81,96,6);
INSERT INTO TBL_DETMANTENIMIENTO (ID_DETMANTENIMIENTO,ID_MANTENIMIENTO,ID_PRODUCTO,CANTIDAD_PRODUCTO)
VALUES (181,73,12,6);
INSERT INTO TBL_DETMANTENIMIENTO (ID_DETMANTENIMIENTO,ID_MANTENIMIENTO,ID_PRODUCTO,CANTIDAD_PRODUCTO)
VALUES (182,78,105,7);
INSERT INTO TBL_DETMANTENIMIENTO (ID_DETMANTENIMIENTO,ID_MANTENIMIENTO,ID_PRODUCTO,CANTIDAD_PRODUCTO)
VALUES (183,89,106,10);
INSERT INTO TBL_DETMANTENIMIENTO (ID_DETMANTENIMIENTO,ID_MANTENIMIENTO,ID_PRODUCTO,CANTIDAD_PRODUCTO)
VALUES (184,84,144,2);
INSERT INTO TBL_DETMANTENIMIENTO (ID_DETMANTENIMIENTO,ID_MANTENIMIENTO,ID_PRODUCTO,CANTIDAD_PRODUCTO)
VALUES (185,53,31,5);
INSERT INTO TBL_DETMANTENIMIENTO (ID_DETMANTENIMIENTO,ID_MANTENIMIENTO,ID_PRODUCTO,CANTIDAD_PRODUCTO)
VALUES (186,4,108,2);
INSERT INTO TBL_DETMANTENIMIENTO (ID_DETMANTENIMIENTO,ID_MANTENIMIENTO,ID_PRODUCTO,CANTIDAD_PRODUCTO)
VALUES (187,59,46,9);
INSERT INTO TBL_DETMANTENIMIENTO (ID_DETMANTENIMIENTO,ID_MANTENIMIENTO,ID_PRODUCTO,CANTIDAD_PRODUCTO)
VALUES (188,85,129,2);
INSERT INTO TBL_DETMANTENIMIENTO (ID_DETMANTENIMIENTO,ID_MANTENIMIENTO,ID_PRODUCTO,CANTIDAD_PRODUCTO)
VALUES (189,34,67,7);
INSERT INTO TBL_DETMANTENIMIENTO (ID_DETMANTENIMIENTO,ID_MANTENIMIENTO,ID_PRODUCTO,CANTIDAD_PRODUCTO)
VALUES (190,36,136,7);
INSERT INTO TBL_DETMANTENIMIENTO (ID_DETMANTENIMIENTO,ID_MANTENIMIENTO,ID_PRODUCTO,CANTIDAD_PRODUCTO)
VALUES (191,20,31,7);
INSERT INTO TBL_DETMANTENIMIENTO (ID_DETMANTENIMIENTO,ID_MANTENIMIENTO,ID_PRODUCTO,CANTIDAD_PRODUCTO)
VALUES (192,5,63,2);
INSERT INTO TBL_DETMANTENIMIENTO (ID_DETMANTENIMIENTO,ID_MANTENIMIENTO,ID_PRODUCTO,CANTIDAD_PRODUCTO)
VALUES (193,16,135,2);
INSERT INTO TBL_DETMANTENIMIENTO (ID_DETMANTENIMIENTO,ID_MANTENIMIENTO,ID_PRODUCTO,CANTIDAD_PRODUCTO)
VALUES (194,91,53,7);
INSERT INTO TBL_DETMANTENIMIENTO (ID_DETMANTENIMIENTO,ID_MANTENIMIENTO,ID_PRODUCTO,CANTIDAD_PRODUCTO)
VALUES (195,97,138,8);
INSERT INTO TBL_DETMANTENIMIENTO (ID_DETMANTENIMIENTO,ID_MANTENIMIENTO,ID_PRODUCTO,CANTIDAD_PRODUCTO)
VALUES (196,37,10,10);
INSERT INTO TBL_DETMANTENIMIENTO (ID_DETMANTENIMIENTO,ID_MANTENIMIENTO,ID_PRODUCTO,CANTIDAD_PRODUCTO)
VALUES (197,77,56,5);
INSERT INTO TBL_DETMANTENIMIENTO (ID_DETMANTENIMIENTO,ID_MANTENIMIENTO,ID_PRODUCTO,CANTIDAD_PRODUCTO)
VALUES (198,31,143,3);
INSERT INTO TBL_DETMANTENIMIENTO (ID_DETMANTENIMIENTO,ID_MANTENIMIENTO,ID_PRODUCTO,CANTIDAD_PRODUCTO)
VALUES (199,31,139,2);
INSERT INTO TBL_DETMANTENIMIENTO (ID_DETMANTENIMIENTO,ID_MANTENIMIENTO,ID_PRODUCTO,CANTIDAD_PRODUCTO)
VALUES (200,51,118,4);
INSERT INTO TBL_DETMANTENIMIENTO (ID_DETMANTENIMIENTO,ID_MANTENIMIENTO,ID_PRODUCTO,CANTIDAD_PRODUCTO)
VALUES (201,39,7,3);
INSERT INTO TBL_DETMANTENIMIENTO (ID_DETMANTENIMIENTO,ID_MANTENIMIENTO,ID_PRODUCTO,CANTIDAD_PRODUCTO)
VALUES (202,66,108,5);
INSERT INTO TBL_DETMANTENIMIENTO (ID_DETMANTENIMIENTO,ID_MANTENIMIENTO,ID_PRODUCTO,CANTIDAD_PRODUCTO)
VALUES (203,85,21,7);
INSERT INTO TBL_DETMANTENIMIENTO (ID_DETMANTENIMIENTO,ID_MANTENIMIENTO,ID_PRODUCTO,CANTIDAD_PRODUCTO)
VALUES (204,88,5,4);
INSERT INTO TBL_DETMANTENIMIENTO (ID_DETMANTENIMIENTO,ID_MANTENIMIENTO,ID_PRODUCTO,CANTIDAD_PRODUCTO)
VALUES (205,47,66,7);
INSERT INTO TBL_DETMANTENIMIENTO (ID_DETMANTENIMIENTO,ID_MANTENIMIENTO,ID_PRODUCTO,CANTIDAD_PRODUCTO)
VALUES (206,88,125,8);
INSERT INTO TBL_DETMANTENIMIENTO (ID_DETMANTENIMIENTO,ID_MANTENIMIENTO,ID_PRODUCTO,CANTIDAD_PRODUCTO)
VALUES (207,13,5,3);
INSERT INTO TBL_DETMANTENIMIENTO (ID_DETMANTENIMIENTO,ID_MANTENIMIENTO,ID_PRODUCTO,CANTIDAD_PRODUCTO)
VALUES (208,87,21,2);
INSERT INTO TBL_DETMANTENIMIENTO (ID_DETMANTENIMIENTO,ID_MANTENIMIENTO,ID_PRODUCTO,CANTIDAD_PRODUCTO)
VALUES (209,27,119,6);
INSERT INTO TBL_DETMANTENIMIENTO (ID_DETMANTENIMIENTO,ID_MANTENIMIENTO,ID_PRODUCTO,CANTIDAD_PRODUCTO)
VALUES (210,67,141,7);
INSERT INTO TBL_DETMANTENIMIENTO (ID_DETMANTENIMIENTO,ID_MANTENIMIENTO,ID_PRODUCTO,CANTIDAD_PRODUCTO)
VALUES (211,83,46,4);
INSERT INTO TBL_DETMANTENIMIENTO (ID_DETMANTENIMIENTO,ID_MANTENIMIENTO,ID_PRODUCTO,CANTIDAD_PRODUCTO)
VALUES (212,35,75,9);
INSERT INTO TBL_DETMANTENIMIENTO (ID_DETMANTENIMIENTO,ID_MANTENIMIENTO,ID_PRODUCTO,CANTIDAD_PRODUCTO)
VALUES (213,44,135,4);
INSERT INTO TBL_DETMANTENIMIENTO (ID_DETMANTENIMIENTO,ID_MANTENIMIENTO,ID_PRODUCTO,CANTIDAD_PRODUCTO)
VALUES (214,31,112,4);
INSERT INTO TBL_DETMANTENIMIENTO (ID_DETMANTENIMIENTO,ID_MANTENIMIENTO,ID_PRODUCTO,CANTIDAD_PRODUCTO)
VALUES (215,99,84,8);
INSERT INTO TBL_DETMANTENIMIENTO (ID_DETMANTENIMIENTO,ID_MANTENIMIENTO,ID_PRODUCTO,CANTIDAD_PRODUCTO)
VALUES (216,9,22,4);
INSERT INTO TBL_DETMANTENIMIENTO (ID_DETMANTENIMIENTO,ID_MANTENIMIENTO,ID_PRODUCTO,CANTIDAD_PRODUCTO)
VALUES (217,87,78,2);
INSERT INTO TBL_DETMANTENIMIENTO (ID_DETMANTENIMIENTO,ID_MANTENIMIENTO,ID_PRODUCTO,CANTIDAD_PRODUCTO)
VALUES (218,5,77,1);
INSERT INTO TBL_DETMANTENIMIENTO (ID_DETMANTENIMIENTO,ID_MANTENIMIENTO,ID_PRODUCTO,CANTIDAD_PRODUCTO)
VALUES (219,2,77,3);
INSERT INTO TBL_DETMANTENIMIENTO (ID_DETMANTENIMIENTO,ID_MANTENIMIENTO,ID_PRODUCTO,CANTIDAD_PRODUCTO)
VALUES (220,44,61,2);
INSERT INTO TBL_DETMANTENIMIENTO (ID_DETMANTENIMIENTO,ID_MANTENIMIENTO,ID_PRODUCTO,CANTIDAD_PRODUCTO)
VALUES (221,4,137,5);
INSERT INTO TBL_DETMANTENIMIENTO (ID_DETMANTENIMIENTO,ID_MANTENIMIENTO,ID_PRODUCTO,CANTIDAD_PRODUCTO)
VALUES (222,85,101,7);
INSERT INTO TBL_DETMANTENIMIENTO (ID_DETMANTENIMIENTO,ID_MANTENIMIENTO,ID_PRODUCTO,CANTIDAD_PRODUCTO)
VALUES (223,9,70,6);
INSERT INTO TBL_DETMANTENIMIENTO (ID_DETMANTENIMIENTO,ID_MANTENIMIENTO,ID_PRODUCTO,CANTIDAD_PRODUCTO)
VALUES (224,4,93,7);
INSERT INTO TBL_DETMANTENIMIENTO (ID_DETMANTENIMIENTO,ID_MANTENIMIENTO,ID_PRODUCTO,CANTIDAD_PRODUCTO)
VALUES (225,89,24,5);
INSERT INTO TBL_DETMANTENIMIENTO (ID_DETMANTENIMIENTO,ID_MANTENIMIENTO,ID_PRODUCTO,CANTIDAD_PRODUCTO)
VALUES (226,96,54,6);
INSERT INTO TBL_DETMANTENIMIENTO (ID_DETMANTENIMIENTO,ID_MANTENIMIENTO,ID_PRODUCTO,CANTIDAD_PRODUCTO)
VALUES (227,81,91,6);
INSERT INTO TBL_DETMANTENIMIENTO (ID_DETMANTENIMIENTO,ID_MANTENIMIENTO,ID_PRODUCTO,CANTIDAD_PRODUCTO)
VALUES (228,90,72,6);
INSERT INTO TBL_DETMANTENIMIENTO (ID_DETMANTENIMIENTO,ID_MANTENIMIENTO,ID_PRODUCTO,CANTIDAD_PRODUCTO)
VALUES (229,93,26,10);
INSERT INTO TBL_DETMANTENIMIENTO (ID_DETMANTENIMIENTO,ID_MANTENIMIENTO,ID_PRODUCTO,CANTIDAD_PRODUCTO)
VALUES (230,46,91,2);
INSERT INTO TBL_DETMANTENIMIENTO (ID_DETMANTENIMIENTO,ID_MANTENIMIENTO,ID_PRODUCTO,CANTIDAD_PRODUCTO)
VALUES (231,66,87,5);
INSERT INTO TBL_DETMANTENIMIENTO (ID_DETMANTENIMIENTO,ID_MANTENIMIENTO,ID_PRODUCTO,CANTIDAD_PRODUCTO)
VALUES (232,39,115,2);
INSERT INTO TBL_DETMANTENIMIENTO (ID_DETMANTENIMIENTO,ID_MANTENIMIENTO,ID_PRODUCTO,CANTIDAD_PRODUCTO)
VALUES (233,2,73,7);
INSERT INTO TBL_DETMANTENIMIENTO (ID_DETMANTENIMIENTO,ID_MANTENIMIENTO,ID_PRODUCTO,CANTIDAD_PRODUCTO)
VALUES (234,85,114,5);
INSERT INTO TBL_DETMANTENIMIENTO (ID_DETMANTENIMIENTO,ID_MANTENIMIENTO,ID_PRODUCTO,CANTIDAD_PRODUCTO)
VALUES (235,91,137,6);
INSERT INTO TBL_DETMANTENIMIENTO (ID_DETMANTENIMIENTO,ID_MANTENIMIENTO,ID_PRODUCTO,CANTIDAD_PRODUCTO)
VALUES (236,65,98,7);
INSERT INTO TBL_DETMANTENIMIENTO (ID_DETMANTENIMIENTO,ID_MANTENIMIENTO,ID_PRODUCTO,CANTIDAD_PRODUCTO)
VALUES (237,72,51,9);
INSERT INTO TBL_DETMANTENIMIENTO (ID_DETMANTENIMIENTO,ID_MANTENIMIENTO,ID_PRODUCTO,CANTIDAD_PRODUCTO)
VALUES (238,28,75,7);
INSERT INTO TBL_DETMANTENIMIENTO (ID_DETMANTENIMIENTO,ID_MANTENIMIENTO,ID_PRODUCTO,CANTIDAD_PRODUCTO)
VALUES (239,24,47,2);
INSERT INTO TBL_DETMANTENIMIENTO (ID_DETMANTENIMIENTO,ID_MANTENIMIENTO,ID_PRODUCTO,CANTIDAD_PRODUCTO)
VALUES (240,46,3,7);
INSERT INTO TBL_DETMANTENIMIENTO (ID_DETMANTENIMIENTO,ID_MANTENIMIENTO,ID_PRODUCTO,CANTIDAD_PRODUCTO)
VALUES (241,32,25,2);
INSERT INTO TBL_DETMANTENIMIENTO (ID_DETMANTENIMIENTO,ID_MANTENIMIENTO,ID_PRODUCTO,CANTIDAD_PRODUCTO)
VALUES (242,65,115,10);
INSERT INTO TBL_DETMANTENIMIENTO (ID_DETMANTENIMIENTO,ID_MANTENIMIENTO,ID_PRODUCTO,CANTIDAD_PRODUCTO)
VALUES (243,75,73,5);
INSERT INTO TBL_DETMANTENIMIENTO (ID_DETMANTENIMIENTO,ID_MANTENIMIENTO,ID_PRODUCTO,CANTIDAD_PRODUCTO)
VALUES (244,36,14,5);
INSERT INTO TBL_DETMANTENIMIENTO (ID_DETMANTENIMIENTO,ID_MANTENIMIENTO,ID_PRODUCTO,CANTIDAD_PRODUCTO)
VALUES (245,95,53,8);
INSERT INTO TBL_DETMANTENIMIENTO (ID_DETMANTENIMIENTO,ID_MANTENIMIENTO,ID_PRODUCTO,CANTIDAD_PRODUCTO)
VALUES (246,55,30,2);
INSERT INTO TBL_DETMANTENIMIENTO (ID_DETMANTENIMIENTO,ID_MANTENIMIENTO,ID_PRODUCTO,CANTIDAD_PRODUCTO)
VALUES (247,83,141,9);
INSERT INTO TBL_DETMANTENIMIENTO (ID_DETMANTENIMIENTO,ID_MANTENIMIENTO,ID_PRODUCTO,CANTIDAD_PRODUCTO)
VALUES (248,40,91,2);
INSERT INTO TBL_DETMANTENIMIENTO (ID_DETMANTENIMIENTO,ID_MANTENIMIENTO,ID_PRODUCTO,CANTIDAD_PRODUCTO)
VALUES (249,35,54,3);
INSERT INTO TBL_DETMANTENIMIENTO (ID_DETMANTENIMIENTO,ID_MANTENIMIENTO,ID_PRODUCTO,CANTIDAD_PRODUCTO)
VALUES (250,49,137,3);
INSERT INTO TBL_DETMANTENIMIENTO (ID_DETMANTENIMIENTO,ID_MANTENIMIENTO,ID_PRODUCTO,CANTIDAD_PRODUCTO)
VALUES (251,20,90,7);
INSERT INTO TBL_DETMANTENIMIENTO (ID_DETMANTENIMIENTO,ID_MANTENIMIENTO,ID_PRODUCTO,CANTIDAD_PRODUCTO)
VALUES (252,56,130,6);
INSERT INTO TBL_DETMANTENIMIENTO (ID_DETMANTENIMIENTO,ID_MANTENIMIENTO,ID_PRODUCTO,CANTIDAD_PRODUCTO)
VALUES (253,8,42,10);
INSERT INTO TBL_DETMANTENIMIENTO (ID_DETMANTENIMIENTO,ID_MANTENIMIENTO,ID_PRODUCTO,CANTIDAD_PRODUCTO)
VALUES (254,63,116,2);
INSERT INTO TBL_DETMANTENIMIENTO (ID_DETMANTENIMIENTO,ID_MANTENIMIENTO,ID_PRODUCTO,CANTIDAD_PRODUCTO)
VALUES (255,26,80,3);
INSERT INTO TBL_DETMANTENIMIENTO (ID_DETMANTENIMIENTO,ID_MANTENIMIENTO,ID_PRODUCTO,CANTIDAD_PRODUCTO)
VALUES (256,5,85,5);
INSERT INTO TBL_DETMANTENIMIENTO (ID_DETMANTENIMIENTO,ID_MANTENIMIENTO,ID_PRODUCTO,CANTIDAD_PRODUCTO)
VALUES (257,77,52,1);
INSERT INTO TBL_DETMANTENIMIENTO (ID_DETMANTENIMIENTO,ID_MANTENIMIENTO,ID_PRODUCTO,CANTIDAD_PRODUCTO)
VALUES (258,40,16,10);
INSERT INTO TBL_DETMANTENIMIENTO (ID_DETMANTENIMIENTO,ID_MANTENIMIENTO,ID_PRODUCTO,CANTIDAD_PRODUCTO)
VALUES (259,7,36,4);
INSERT INTO TBL_DETMANTENIMIENTO (ID_DETMANTENIMIENTO,ID_MANTENIMIENTO,ID_PRODUCTO,CANTIDAD_PRODUCTO)
VALUES (260,98,131,9);
INSERT INTO TBL_DETMANTENIMIENTO (ID_DETMANTENIMIENTO,ID_MANTENIMIENTO,ID_PRODUCTO,CANTIDAD_PRODUCTO)
VALUES (261,78,19,7);
INSERT INTO TBL_DETMANTENIMIENTO (ID_DETMANTENIMIENTO,ID_MANTENIMIENTO,ID_PRODUCTO,CANTIDAD_PRODUCTO)
VALUES (262,42,73,5);
INSERT INTO TBL_DETMANTENIMIENTO (ID_DETMANTENIMIENTO,ID_MANTENIMIENTO,ID_PRODUCTO,CANTIDAD_PRODUCTO)
VALUES (263,42,90,8);
INSERT INTO TBL_DETMANTENIMIENTO (ID_DETMANTENIMIENTO,ID_MANTENIMIENTO,ID_PRODUCTO,CANTIDAD_PRODUCTO)
VALUES (264,50,87,6);
INSERT INTO TBL_DETMANTENIMIENTO (ID_DETMANTENIMIENTO,ID_MANTENIMIENTO,ID_PRODUCTO,CANTIDAD_PRODUCTO)
VALUES (265,15,43,10);
INSERT INTO TBL_DETMANTENIMIENTO (ID_DETMANTENIMIENTO,ID_MANTENIMIENTO,ID_PRODUCTO,CANTIDAD_PRODUCTO)
VALUES (266,92,67,5);
INSERT INTO TBL_DETMANTENIMIENTO (ID_DETMANTENIMIENTO,ID_MANTENIMIENTO,ID_PRODUCTO,CANTIDAD_PRODUCTO)
VALUES (267,65,143,10);
INSERT INTO TBL_DETMANTENIMIENTO (ID_DETMANTENIMIENTO,ID_MANTENIMIENTO,ID_PRODUCTO,CANTIDAD_PRODUCTO)
VALUES (268,32,76,3);
INSERT INTO TBL_DETMANTENIMIENTO (ID_DETMANTENIMIENTO,ID_MANTENIMIENTO,ID_PRODUCTO,CANTIDAD_PRODUCTO)
VALUES (269,57,124,9);
INSERT INTO TBL_DETMANTENIMIENTO (ID_DETMANTENIMIENTO,ID_MANTENIMIENTO,ID_PRODUCTO,CANTIDAD_PRODUCTO)
VALUES (270,96,22,9);
INSERT INTO TBL_DETMANTENIMIENTO (ID_DETMANTENIMIENTO,ID_MANTENIMIENTO,ID_PRODUCTO,CANTIDAD_PRODUCTO)
VALUES (271,7,139,9);
INSERT INTO TBL_DETMANTENIMIENTO (ID_DETMANTENIMIENTO,ID_MANTENIMIENTO,ID_PRODUCTO,CANTIDAD_PRODUCTO)
VALUES (272,79,120,3);
INSERT INTO TBL_DETMANTENIMIENTO (ID_DETMANTENIMIENTO,ID_MANTENIMIENTO,ID_PRODUCTO,CANTIDAD_PRODUCTO)
VALUES (273,64,123,4);
INSERT INTO TBL_DETMANTENIMIENTO (ID_DETMANTENIMIENTO,ID_MANTENIMIENTO,ID_PRODUCTO,CANTIDAD_PRODUCTO)
VALUES (274,44,114,4);
INSERT INTO TBL_DETMANTENIMIENTO (ID_DETMANTENIMIENTO,ID_MANTENIMIENTO,ID_PRODUCTO,CANTIDAD_PRODUCTO)
VALUES (275,86,15,7);
INSERT INTO TBL_DETMANTENIMIENTO (ID_DETMANTENIMIENTO,ID_MANTENIMIENTO,ID_PRODUCTO,CANTIDAD_PRODUCTO)
VALUES (276,16,77,8);
INSERT INTO TBL_DETMANTENIMIENTO (ID_DETMANTENIMIENTO,ID_MANTENIMIENTO,ID_PRODUCTO,CANTIDAD_PRODUCTO)
VALUES (277,16,33,2);
INSERT INTO TBL_DETMANTENIMIENTO (ID_DETMANTENIMIENTO,ID_MANTENIMIENTO,ID_PRODUCTO,CANTIDAD_PRODUCTO)
VALUES (278,55,82,8);
INSERT INTO TBL_DETMANTENIMIENTO (ID_DETMANTENIMIENTO,ID_MANTENIMIENTO,ID_PRODUCTO,CANTIDAD_PRODUCTO)
VALUES (279,13,30,4);
INSERT INTO TBL_DETMANTENIMIENTO (ID_DETMANTENIMIENTO,ID_MANTENIMIENTO,ID_PRODUCTO,CANTIDAD_PRODUCTO)
VALUES (280,89,50,3);
INSERT INTO TBL_DETMANTENIMIENTO (ID_DETMANTENIMIENTO,ID_MANTENIMIENTO,ID_PRODUCTO,CANTIDAD_PRODUCTO)
VALUES (281,50,124,8);
INSERT INTO TBL_DETMANTENIMIENTO (ID_DETMANTENIMIENTO,ID_MANTENIMIENTO,ID_PRODUCTO,CANTIDAD_PRODUCTO)
VALUES (282,68,3,2);
INSERT INTO TBL_DETMANTENIMIENTO (ID_DETMANTENIMIENTO,ID_MANTENIMIENTO,ID_PRODUCTO,CANTIDAD_PRODUCTO)
VALUES (283,58,133,7);
INSERT INTO TBL_DETMANTENIMIENTO (ID_DETMANTENIMIENTO,ID_MANTENIMIENTO,ID_PRODUCTO,CANTIDAD_PRODUCTO)
VALUES (284,24,112,9);
INSERT INTO TBL_DETMANTENIMIENTO (ID_DETMANTENIMIENTO,ID_MANTENIMIENTO,ID_PRODUCTO,CANTIDAD_PRODUCTO)
VALUES (285,49,16,8);
INSERT INTO TBL_DETMANTENIMIENTO (ID_DETMANTENIMIENTO,ID_MANTENIMIENTO,ID_PRODUCTO,CANTIDAD_PRODUCTO)
VALUES (286,30,63,8);
INSERT INTO TBL_DETMANTENIMIENTO (ID_DETMANTENIMIENTO,ID_MANTENIMIENTO,ID_PRODUCTO,CANTIDAD_PRODUCTO)
VALUES (287,62,58,4);
INSERT INTO TBL_DETMANTENIMIENTO (ID_DETMANTENIMIENTO,ID_MANTENIMIENTO,ID_PRODUCTO,CANTIDAD_PRODUCTO)
VALUES (288,16,135,5);
INSERT INTO TBL_DETMANTENIMIENTO (ID_DETMANTENIMIENTO,ID_MANTENIMIENTO,ID_PRODUCTO,CANTIDAD_PRODUCTO)
VALUES (289,100,97,4);
INSERT INTO TBL_DETMANTENIMIENTO (ID_DETMANTENIMIENTO,ID_MANTENIMIENTO,ID_PRODUCTO,CANTIDAD_PRODUCTO)
VALUES (290,95,140,5);
INSERT INTO TBL_DETMANTENIMIENTO (ID_DETMANTENIMIENTO,ID_MANTENIMIENTO,ID_PRODUCTO,CANTIDAD_PRODUCTO)
VALUES (291,1,23,7);
INSERT INTO TBL_DETMANTENIMIENTO (ID_DETMANTENIMIENTO,ID_MANTENIMIENTO,ID_PRODUCTO,CANTIDAD_PRODUCTO)
VALUES (292,66,37,3);
INSERT INTO TBL_DETMANTENIMIENTO (ID_DETMANTENIMIENTO,ID_MANTENIMIENTO,ID_PRODUCTO,CANTIDAD_PRODUCTO)
VALUES (293,63,96,1);
INSERT INTO TBL_DETMANTENIMIENTO (ID_DETMANTENIMIENTO,ID_MANTENIMIENTO,ID_PRODUCTO,CANTIDAD_PRODUCTO)
VALUES (294,75,112,4);
INSERT INTO TBL_DETMANTENIMIENTO (ID_DETMANTENIMIENTO,ID_MANTENIMIENTO,ID_PRODUCTO,CANTIDAD_PRODUCTO)
VALUES (295,55,140,4);
INSERT INTO TBL_DETMANTENIMIENTO (ID_DETMANTENIMIENTO,ID_MANTENIMIENTO,ID_PRODUCTO,CANTIDAD_PRODUCTO)
VALUES (296,49,102,8);
INSERT INTO TBL_DETMANTENIMIENTO (ID_DETMANTENIMIENTO,ID_MANTENIMIENTO,ID_PRODUCTO,CANTIDAD_PRODUCTO)
VALUES (297,68,51,7);
INSERT INTO TBL_DETMANTENIMIENTO (ID_DETMANTENIMIENTO,ID_MANTENIMIENTO,ID_PRODUCTO,CANTIDAD_PRODUCTO)
VALUES (298,55,39,8);
INSERT INTO TBL_DETMANTENIMIENTO (ID_DETMANTENIMIENTO,ID_MANTENIMIENTO,ID_PRODUCTO,CANTIDAD_PRODUCTO)
VALUES (299,44,64,4);
INSERT INTO TBL_DETMANTENIMIENTO (ID_DETMANTENIMIENTO,ID_MANTENIMIENTO,ID_PRODUCTO,CANTIDAD_PRODUCTO)
VALUES (300,45,35,3);
commit;

------------------------------------

--------------------------------------------------------
-- Archivo creado  - viernes-octubre-01-2021   
--------------------------------------------------------
REM INSERTING into CARCENTER.TBL_ENCFACTURA
SET DEFINE OFF;
Insert into CARCENTER.TBL_ENCFACTURA (ID_FACTURA,ID_MANTENIMIENTO,ID_CLIENTE,ID_ESTADOFACTURA,ID_MEDIOPAGO,ID_SUCURSAL,FECHAEMISION_FACTURA,FECHAPAGO_FACTURA,OBSERVACIONES,VALORTOTAL_FACTURA,VALORIMPUESTOS_FACTURA,VALORDESCUENTOS_FACTURA,USUARIO_GENERACION) values ('1','40','47','1','2','4',to_date('04/04/20','DD/MM/RR'),to_date('02/11/20','DD/MM/RR'),null,'36707195,48125','0','184458,26875','Ria Neal');
Insert into CARCENTER.TBL_ENCFACTURA (ID_FACTURA,ID_MANTENIMIENTO,ID_CLIENTE,ID_ESTADOFACTURA,ID_MEDIOPAGO,ID_SUCURSAL,FECHAEMISION_FACTURA,FECHAPAGO_FACTURA,OBSERVACIONES,VALORTOTAL_FACTURA,VALORIMPUESTOS_FACTURA,VALORDESCUENTOS_FACTURA,USUARIO_GENERACION) values ('2','10','8','3','3','4',to_date('14/10/18','DD/MM/RR'),to_date('29/06/21','DD/MM/RR'),null,'22113170,94375','3545571,7125','93304,51875','Ginger Berg');
Insert into CARCENTER.TBL_ENCFACTURA (ID_FACTURA,ID_MANTENIMIENTO,ID_CLIENTE,ID_ESTADOFACTURA,ID_MEDIOPAGO,ID_SUCURSAL,FECHAEMISION_FACTURA,FECHAPAGO_FACTURA,OBSERVACIONES,VALORTOTAL_FACTURA,VALORIMPUESTOS_FACTURA,VALORDESCUENTOS_FACTURA,USUARIO_GENERACION) values ('3','83','91','3','2','2',to_date('17/11/18','DD/MM/RR'),to_date('05/12/18','DD/MM/RR'),null,'46075795,15','2204583,5','220458,35','Josephine Terry');
Insert into CARCENTER.TBL_ENCFACTURA (ID_FACTURA,ID_MANTENIMIENTO,ID_CLIENTE,ID_ESTADOFACTURA,ID_MEDIOPAGO,ID_SUCURSAL,FECHAEMISION_FACTURA,FECHAPAGO_FACTURA,OBSERVACIONES,VALORTOTAL_FACTURA,VALORIMPUESTOS_FACTURA,VALORDESCUENTOS_FACTURA,USUARIO_GENERACION) values ('4','71','10','2','4','4',to_date('12/09/21','DD/MM/RR'),to_date('23/06/19','DD/MM/RR'),null,'2457018,99375','393952,4125','10367,16875','India Guerrero');
Insert into CARCENTER.TBL_ENCFACTURA (ID_FACTURA,ID_MANTENIMIENTO,ID_CLIENTE,ID_ESTADOFACTURA,ID_MEDIOPAGO,ID_SUCURSAL,FECHAEMISION_FACTURA,FECHAPAGO_FACTURA,OBSERVACIONES,VALORTOTAL_FACTURA,VALORIMPUESTOS_FACTURA,VALORDESCUENTOS_FACTURA,USUARIO_GENERACION) values ('5','81','52','2','2','3',to_date('21/02/19','DD/MM/RR'),to_date('24/07/20','DD/MM/RR'),null,'9045306,45','1450302,3','38165,85','Ima Price');
Insert into CARCENTER.TBL_ENCFACTURA (ID_FACTURA,ID_MANTENIMIENTO,ID_CLIENTE,ID_ESTADOFACTURA,ID_MEDIOPAGO,ID_SUCURSAL,FECHAEMISION_FACTURA,FECHAPAGO_FACTURA,OBSERVACIONES,VALORTOTAL_FACTURA,VALORIMPUESTOS_FACTURA,VALORDESCUENTOS_FACTURA,USUARIO_GENERACION) values ('6','82','16','2','4','2',to_date('19/02/21','DD/MM/RR'),to_date('20/11/20','DD/MM/RR'),null,'65437302,7125','10492056,975','276106,7625','Baxter Skinner');
Insert into CARCENTER.TBL_ENCFACTURA (ID_FACTURA,ID_MANTENIMIENTO,ID_CLIENTE,ID_ESTADOFACTURA,ID_MEDIOPAGO,ID_SUCURSAL,FECHAEMISION_FACTURA,FECHAPAGO_FACTURA,OBSERVACIONES,VALORTOTAL_FACTURA,VALORIMPUESTOS_FACTURA,VALORDESCUENTOS_FACTURA,USUARIO_GENERACION) values ('7','86','78','3','2','2',to_date('27/11/19','DD/MM/RR'),to_date('23/09/19','DD/MM/RR'),null,'38094881,9625','1822721,625','182272,1625','Ulric Singleton');
Insert into CARCENTER.TBL_ENCFACTURA (ID_FACTURA,ID_MANTENIMIENTO,ID_CLIENTE,ID_ESTADOFACTURA,ID_MEDIOPAGO,ID_SUCURSAL,FECHAEMISION_FACTURA,FECHAPAGO_FACTURA,OBSERVACIONES,VALORTOTAL_FACTURA,VALORIMPUESTOS_FACTURA,VALORDESCUENTOS_FACTURA,USUARIO_GENERACION) values ('8','93','98','2','3','2',to_date('01/01/20','DD/MM/RR'),to_date('25/08/19','DD/MM/RR'),null,'36593820,45','1750900,5','175090,05','Gary Jimenez');
Insert into CARCENTER.TBL_ENCFACTURA (ID_FACTURA,ID_MANTENIMIENTO,ID_CLIENTE,ID_ESTADOFACTURA,ID_MEDIOPAGO,ID_SUCURSAL,FECHAEMISION_FACTURA,FECHAPAGO_FACTURA,OBSERVACIONES,VALORTOTAL_FACTURA,VALORIMPUESTOS_FACTURA,VALORDESCUENTOS_FACTURA,USUARIO_GENERACION) values ('9','41','27','3','4','3',to_date('20/05/22','DD/MM/RR'),to_date('27/01/21','DD/MM/RR'),null,'26217895,275','1254444,75','125444,475','Odysseus Sargent');
Insert into CARCENTER.TBL_ENCFACTURA (ID_FACTURA,ID_MANTENIMIENTO,ID_CLIENTE,ID_ESTADOFACTURA,ID_MEDIOPAGO,ID_SUCURSAL,FECHAEMISION_FACTURA,FECHAPAGO_FACTURA,OBSERVACIONES,VALORTOTAL_FACTURA,VALORIMPUESTOS_FACTURA,VALORDESCUENTOS_FACTURA,USUARIO_GENERACION) values ('10','70','13','3','2','2',to_date('23/12/18','DD/MM/RR'),to_date('23/09/19','DD/MM/RR'),null,'38776459,66875','0','194856,58125','Philip Nielsen');
Insert into CARCENTER.TBL_ENCFACTURA (ID_FACTURA,ID_MANTENIMIENTO,ID_CLIENTE,ID_ESTADOFACTURA,ID_MEDIOPAGO,ID_SUCURSAL,FECHAEMISION_FACTURA,FECHAPAGO_FACTURA,OBSERVACIONES,VALORTOTAL_FACTURA,VALORIMPUESTOS_FACTURA,VALORDESCUENTOS_FACTURA,USUARIO_GENERACION) values ('11','43','5','3','4','1',to_date('19/09/20','DD/MM/RR'),to_date('19/12/18','DD/MM/RR'),null,'4195116,2625','672634,675','17700,9125','Ashton Shaffer');
Insert into CARCENTER.TBL_ENCFACTURA (ID_FACTURA,ID_MANTENIMIENTO,ID_CLIENTE,ID_ESTADOFACTURA,ID_MEDIOPAGO,ID_SUCURSAL,FECHAEMISION_FACTURA,FECHAPAGO_FACTURA,OBSERVACIONES,VALORTOTAL_FACTURA,VALORIMPUESTOS_FACTURA,VALORDESCUENTOS_FACTURA,USUARIO_GENERACION) values ('12','34','14','2','3','3',to_date('22/02/21','DD/MM/RR'),to_date('29/03/22','DD/MM/RR'),null,'17300757,075','2773961,05','72998,975','Trevor Zamora');
Insert into CARCENTER.TBL_ENCFACTURA (ID_FACTURA,ID_MANTENIMIENTO,ID_CLIENTE,ID_ESTADOFACTURA,ID_MEDIOPAGO,ID_SUCURSAL,FECHAEMISION_FACTURA,FECHAPAGO_FACTURA,OBSERVACIONES,VALORTOTAL_FACTURA,VALORIMPUESTOS_FACTURA,VALORDESCUENTOS_FACTURA,USUARIO_GENERACION) values ('13','14','78','2','2','3',to_date('13/12/21','DD/MM/RR'),to_date('07/07/20','DD/MM/RR'),null,'2690703,88125','128741,8125','12874,18125','Vivien Bonner');
Insert into CARCENTER.TBL_ENCFACTURA (ID_FACTURA,ID_MANTENIMIENTO,ID_CLIENTE,ID_ESTADOFACTURA,ID_MEDIOPAGO,ID_SUCURSAL,FECHAEMISION_FACTURA,FECHAPAGO_FACTURA,OBSERVACIONES,VALORTOTAL_FACTURA,VALORIMPUESTOS_FACTURA,VALORDESCUENTOS_FACTURA,USUARIO_GENERACION) values ('14','87','100','1','3','2',to_date('19/07/20','DD/MM/RR'),to_date('29/06/20','DD/MM/RR'),null,'40021324,95','6416921,3','168866,35','Clayton Mcclain');
Insert into CARCENTER.TBL_ENCFACTURA (ID_FACTURA,ID_MANTENIMIENTO,ID_CLIENTE,ID_ESTADOFACTURA,ID_MEDIOPAGO,ID_SUCURSAL,FECHAEMISION_FACTURA,FECHAPAGO_FACTURA,OBSERVACIONES,VALORTOTAL_FACTURA,VALORIMPUESTOS_FACTURA,VALORDESCUENTOS_FACTURA,USUARIO_GENERACION) values ('15','69','28','2','4','3',to_date('04/05/20','DD/MM/RR'),to_date('25/09/20','DD/MM/RR'),null,'22680828,9','3636588,6','95699,7','Curran Gilbert');
Insert into CARCENTER.TBL_ENCFACTURA (ID_FACTURA,ID_MANTENIMIENTO,ID_CLIENTE,ID_ESTADOFACTURA,ID_MEDIOPAGO,ID_SUCURSAL,FECHAEMISION_FACTURA,FECHAPAGO_FACTURA,OBSERVACIONES,VALORTOTAL_FACTURA,VALORIMPUESTOS_FACTURA,VALORDESCUENTOS_FACTURA,USUARIO_GENERACION) values ('16','20','65','2','3','3',to_date('09/09/22','DD/MM/RR'),to_date('12/04/22','DD/MM/RR'),null,'85548232,6875','4093216,875','409321,6875','Molly Beck');
Insert into CARCENTER.TBL_ENCFACTURA (ID_FACTURA,ID_MANTENIMIENTO,ID_CLIENTE,ID_ESTADOFACTURA,ID_MEDIOPAGO,ID_SUCURSAL,FECHAEMISION_FACTURA,FECHAPAGO_FACTURA,OBSERVACIONES,VALORTOTAL_FACTURA,VALORIMPUESTOS_FACTURA,VALORDESCUENTOS_FACTURA,USUARIO_GENERACION) values ('17','40','13','2','1','3',to_date('05/12/21','DD/MM/RR'),to_date('01/10/18','DD/MM/RR'),null,'21955809,3','0','110330,7','Tashya Brennan');
Insert into CARCENTER.TBL_ENCFACTURA (ID_FACTURA,ID_MANTENIMIENTO,ID_CLIENTE,ID_ESTADOFACTURA,ID_MEDIOPAGO,ID_SUCURSAL,FECHAEMISION_FACTURA,FECHAPAGO_FACTURA,OBSERVACIONES,VALORTOTAL_FACTURA,VALORIMPUESTOS_FACTURA,VALORDESCUENTOS_FACTURA,USUARIO_GENERACION) values ('18','96','4','3','2','1',to_date('11/11/19','DD/MM/RR'),to_date('11/07/21','DD/MM/RR'),null,'78055082,15625','0','392236,59375','David Levine');
Insert into CARCENTER.TBL_ENCFACTURA (ID_FACTURA,ID_MANTENIMIENTO,ID_CLIENTE,ID_ESTADOFACTURA,ID_MEDIOPAGO,ID_SUCURSAL,FECHAEMISION_FACTURA,FECHAPAGO_FACTURA,OBSERVACIONES,VALORTOTAL_FACTURA,VALORIMPUESTOS_FACTURA,VALORDESCUENTOS_FACTURA,USUARIO_GENERACION) values ('19','77','18','2','2','3',to_date('06/08/19','DD/MM/RR'),to_date('26/02/21','DD/MM/RR'),null,'32626800,525','5231301,35','137665,825','Cullen Becker');
Insert into CARCENTER.TBL_ENCFACTURA (ID_FACTURA,ID_MANTENIMIENTO,ID_CLIENTE,ID_ESTADOFACTURA,ID_MEDIOPAGO,ID_SUCURSAL,FECHAEMISION_FACTURA,FECHAPAGO_FACTURA,OBSERVACIONES,VALORTOTAL_FACTURA,VALORIMPUESTOS_FACTURA,VALORDESCUENTOS_FACTURA,USUARIO_GENERACION) values ('20','62','53','2','3','4',to_date('13/01/19','DD/MM/RR'),to_date('20/12/18','DD/MM/RR'),null,'36488281,8','0','183358,2','Alvin Norton');
Insert into CARCENTER.TBL_ENCFACTURA (ID_FACTURA,ID_MANTENIMIENTO,ID_CLIENTE,ID_ESTADOFACTURA,ID_MEDIOPAGO,ID_SUCURSAL,FECHAEMISION_FACTURA,FECHAPAGO_FACTURA,OBSERVACIONES,VALORTOTAL_FACTURA,VALORIMPUESTOS_FACTURA,VALORDESCUENTOS_FACTURA,USUARIO_GENERACION) values ('21','95','30','2','2','3',to_date('29/04/20','DD/MM/RR'),to_date('26/02/21','DD/MM/RR'),null,'6452198,3625','308717,625','30871,7625','Brandon Stephenson');
Insert into CARCENTER.TBL_ENCFACTURA (ID_FACTURA,ID_MANTENIMIENTO,ID_CLIENTE,ID_ESTADOFACTURA,ID_MEDIOPAGO,ID_SUCURSAL,FECHAEMISION_FACTURA,FECHAPAGO_FACTURA,OBSERVACIONES,VALORTOTAL_FACTURA,VALORIMPUESTOS_FACTURA,VALORDESCUENTOS_FACTURA,USUARIO_GENERACION) values ('22','10','52','1','3','1',to_date('13/12/21','DD/MM/RR'),to_date('04/05/22','DD/MM/RR'),null,'3436128,025','0','17266,975','Hope Mercer');
Insert into CARCENTER.TBL_ENCFACTURA (ID_FACTURA,ID_MANTENIMIENTO,ID_CLIENTE,ID_ESTADOFACTURA,ID_MEDIOPAGO,ID_SUCURSAL,FECHAEMISION_FACTURA,FECHAPAGO_FACTURA,OBSERVACIONES,VALORTOTAL_FACTURA,VALORIMPUESTOS_FACTURA,VALORDESCUENTOS_FACTURA,USUARIO_GENERACION) values ('23','26','82','1','3','4',to_date('29/07/22','DD/MM/RR'),to_date('13/11/19','DD/MM/RR'),null,'14818736,0625','2375999,875','62526,3125','Reese Beck');
Insert into CARCENTER.TBL_ENCFACTURA (ID_FACTURA,ID_MANTENIMIENTO,ID_CLIENTE,ID_ESTADOFACTURA,ID_MEDIOPAGO,ID_SUCURSAL,FECHAEMISION_FACTURA,FECHAPAGO_FACTURA,OBSERVACIONES,VALORTOTAL_FACTURA,VALORIMPUESTOS_FACTURA,VALORDESCUENTOS_FACTURA,USUARIO_GENERACION) values ('24','65','35','2','4','1',to_date('29/05/21','DD/MM/RR'),to_date('16/04/20','DD/MM/RR'),null,'64894855,2','0','326104,8','Xandra Clarke');
Insert into CARCENTER.TBL_ENCFACTURA (ID_FACTURA,ID_MANTENIMIENTO,ID_CLIENTE,ID_ESTADOFACTURA,ID_MEDIOPAGO,ID_SUCURSAL,FECHAEMISION_FACTURA,FECHAPAGO_FACTURA,OBSERVACIONES,VALORTOTAL_FACTURA,VALORIMPUESTOS_FACTURA,VALORDESCUENTOS_FACTURA,USUARIO_GENERACION) values ('25','69','11','3','4','2',to_date('07/02/20','DD/MM/RR'),to_date('25/06/21','DD/MM/RR'),null,'27618738,61875','0','138787,63125','Blaze Butler');
Insert into CARCENTER.TBL_ENCFACTURA (ID_FACTURA,ID_MANTENIMIENTO,ID_CLIENTE,ID_ESTADOFACTURA,ID_MEDIOPAGO,ID_SUCURSAL,FECHAEMISION_FACTURA,FECHAPAGO_FACTURA,OBSERVACIONES,VALORTOTAL_FACTURA,VALORIMPUESTOS_FACTURA,VALORDESCUENTOS_FACTURA,USUARIO_GENERACION) values ('26','12','38','2','1','2',to_date('25/03/22','DD/MM/RR'),to_date('14/08/22','DD/MM/RR'),null,'27941387,55','4480053,7','117896,15','Garth Myers');
Insert into CARCENTER.TBL_ENCFACTURA (ID_FACTURA,ID_MANTENIMIENTO,ID_CLIENTE,ID_ESTADOFACTURA,ID_MEDIOPAGO,ID_SUCURSAL,FECHAEMISION_FACTURA,FECHAPAGO_FACTURA,OBSERVACIONES,VALORTOTAL_FACTURA,VALORIMPUESTOS_FACTURA,VALORDESCUENTOS_FACTURA,USUARIO_GENERACION) values ('27','32','88','3','2','1',to_date('22/09/21','DD/MM/RR'),to_date('05/07/22','DD/MM/RR'),null,'6713437,88125','0','33735,86875','Lucian Spears');
Insert into CARCENTER.TBL_ENCFACTURA (ID_FACTURA,ID_MANTENIMIENTO,ID_CLIENTE,ID_ESTADOFACTURA,ID_MEDIOPAGO,ID_SUCURSAL,FECHAEMISION_FACTURA,FECHAPAGO_FACTURA,OBSERVACIONES,VALORTOTAL_FACTURA,VALORIMPUESTOS_FACTURA,VALORDESCUENTOS_FACTURA,USUARIO_GENERACION) values ('28','46','30','1','3','2',to_date('24/08/20','DD/MM/RR'),to_date('11/07/19','DD/MM/RR'),null,'32595390,50625','1559588,0625','155958,80625','Dexter Cochran');
Insert into CARCENTER.TBL_ENCFACTURA (ID_FACTURA,ID_MANTENIMIENTO,ID_CLIENTE,ID_ESTADOFACTURA,ID_MEDIOPAGO,ID_SUCURSAL,FECHAEMISION_FACTURA,FECHAPAGO_FACTURA,OBSERVACIONES,VALORTOTAL_FACTURA,VALORIMPUESTOS_FACTURA,VALORDESCUENTOS_FACTURA,USUARIO_GENERACION) values ('29','83','60','2','3','3',to_date('27/06/22','DD/MM/RR'),to_date('16/01/20','DD/MM/RR'),null,'30635945,71875','4912092,5625','129265,59375','Zeus Copeland');
Insert into CARCENTER.TBL_ENCFACTURA (ID_FACTURA,ID_MANTENIMIENTO,ID_CLIENTE,ID_ESTADOFACTURA,ID_MEDIOPAGO,ID_SUCURSAL,FECHAEMISION_FACTURA,FECHAPAGO_FACTURA,OBSERVACIONES,VALORTOTAL_FACTURA,VALORIMPUESTOS_FACTURA,VALORDESCUENTOS_FACTURA,USUARIO_GENERACION) values ('30','19','66','1','2','3',to_date('13/12/19','DD/MM/RR'),to_date('06/01/22','DD/MM/RR'),null,'11078737,3125','530083,125','53008,3125','Lyle Walters');
Insert into CARCENTER.TBL_ENCFACTURA (ID_FACTURA,ID_MANTENIMIENTO,ID_CLIENTE,ID_ESTADOFACTURA,ID_MEDIOPAGO,ID_SUCURSAL,FECHAEMISION_FACTURA,FECHAPAGO_FACTURA,OBSERVACIONES,VALORTOTAL_FACTURA,VALORIMPUESTOS_FACTURA,VALORDESCUENTOS_FACTURA,USUARIO_GENERACION) values ('31','53','55','2','2','3',to_date('30/01/22','DD/MM/RR'),to_date('28/10/21','DD/MM/RR'),null,'24393718,5','0','122581,5','Keith Ferguson');
Insert into CARCENTER.TBL_ENCFACTURA (ID_FACTURA,ID_MANTENIMIENTO,ID_CLIENTE,ID_ESTADOFACTURA,ID_MEDIOPAGO,ID_SUCURSAL,FECHAEMISION_FACTURA,FECHAPAGO_FACTURA,OBSERVACIONES,VALORTOTAL_FACTURA,VALORIMPUESTOS_FACTURA,VALORDESCUENTOS_FACTURA,USUARIO_GENERACION) values ('32','71','49','3','4','4',to_date('19/09/20','DD/MM/RR'),to_date('28/04/21','DD/MM/RR'),null,'54161810,1','0','272169,9','Katell Adams');
Insert into CARCENTER.TBL_ENCFACTURA (ID_FACTURA,ID_MANTENIMIENTO,ID_CLIENTE,ID_ESTADOFACTURA,ID_MEDIOPAGO,ID_SUCURSAL,FECHAEMISION_FACTURA,FECHAPAGO_FACTURA,OBSERVACIONES,VALORTOTAL_FACTURA,VALORIMPUESTOS_FACTURA,VALORDESCUENTOS_FACTURA,USUARIO_GENERACION) values ('33','39','79','3','4','3',to_date('25/05/20','DD/MM/RR'),to_date('28/02/20','DD/MM/RR'),null,'34019131,1625','1627709,625','162770,9625','Warren Berry');
Insert into CARCENTER.TBL_ENCFACTURA (ID_FACTURA,ID_MANTENIMIENTO,ID_CLIENTE,ID_ESTADOFACTURA,ID_MEDIOPAGO,ID_SUCURSAL,FECHAEMISION_FACTURA,FECHAPAGO_FACTURA,OBSERVACIONES,VALORTOTAL_FACTURA,VALORIMPUESTOS_FACTURA,VALORDESCUENTOS_FACTURA,USUARIO_GENERACION) values ('34','23','3','3','2','3',to_date('07/04/20','DD/MM/RR'),to_date('25/05/19','DD/MM/RR'),null,'33157672,35','1586491,5','158649,15','Vivien Maldonado');
Insert into CARCENTER.TBL_ENCFACTURA (ID_FACTURA,ID_MANTENIMIENTO,ID_CLIENTE,ID_ESTADOFACTURA,ID_MEDIOPAGO,ID_SUCURSAL,FECHAEMISION_FACTURA,FECHAPAGO_FACTURA,OBSERVACIONES,VALORTOTAL_FACTURA,VALORIMPUESTOS_FACTURA,VALORDESCUENTOS_FACTURA,USUARIO_GENERACION) values ('35','4','45','1','3','2',to_date('06/12/20','DD/MM/RR'),to_date('26/11/21','DD/MM/RR'),null,'23384998,85625','3749493,4875','98670,88125','Kenneth Sawyer');
Insert into CARCENTER.TBL_ENCFACTURA (ID_FACTURA,ID_MANTENIMIENTO,ID_CLIENTE,ID_ESTADOFACTURA,ID_MEDIOPAGO,ID_SUCURSAL,FECHAEMISION_FACTURA,FECHAPAGO_FACTURA,OBSERVACIONES,VALORTOTAL_FACTURA,VALORIMPUESTOS_FACTURA,VALORDESCUENTOS_FACTURA,USUARIO_GENERACION) values ('36','15','90','1','3','4',to_date('30/05/22','DD/MM/RR'),to_date('11/12/20','DD/MM/RR'),null,'30989534,90625','4968786,1875','130757,53125','Felix Velazquez');
Insert into CARCENTER.TBL_ENCFACTURA (ID_FACTURA,ID_MANTENIMIENTO,ID_CLIENTE,ID_ESTADOFACTURA,ID_MEDIOPAGO,ID_SUCURSAL,FECHAEMISION_FACTURA,FECHAPAGO_FACTURA,OBSERVACIONES,VALORTOTAL_FACTURA,VALORIMPUESTOS_FACTURA,VALORDESCUENTOS_FACTURA,USUARIO_GENERACION) values ('37','35','38','1','2','2',to_date('28/07/19','DD/MM/RR'),to_date('23/11/20','DD/MM/RR'),null,'1679497,5375','269286,525','7086,4875','Wallace Pennington');
Insert into CARCENTER.TBL_ENCFACTURA (ID_FACTURA,ID_MANTENIMIENTO,ID_CLIENTE,ID_ESTADOFACTURA,ID_MEDIOPAGO,ID_SUCURSAL,FECHAEMISION_FACTURA,FECHAPAGO_FACTURA,OBSERVACIONES,VALORTOTAL_FACTURA,VALORIMPUESTOS_FACTURA,VALORDESCUENTOS_FACTURA,USUARIO_GENERACION) values ('38','10','88','1','3','2',to_date('14/11/21','DD/MM/RR'),to_date('22/05/22','DD/MM/RR'),null,'41951080,55','0','210809,45','Kimberley Bartlett');
Insert into CARCENTER.TBL_ENCFACTURA (ID_FACTURA,ID_MANTENIMIENTO,ID_CLIENTE,ID_ESTADOFACTURA,ID_MEDIOPAGO,ID_SUCURSAL,FECHAEMISION_FACTURA,FECHAPAGO_FACTURA,OBSERVACIONES,VALORTOTAL_FACTURA,VALORIMPUESTOS_FACTURA,VALORDESCUENTOS_FACTURA,USUARIO_GENERACION) values ('39','18','11','3','1','4',to_date('06/04/21','DD/MM/RR'),to_date('25/11/19','DD/MM/RR'),null,'19401907,975','0','97497,025','Nola Hinton');
Insert into CARCENTER.TBL_ENCFACTURA (ID_FACTURA,ID_MANTENIMIENTO,ID_CLIENTE,ID_ESTADOFACTURA,ID_MEDIOPAGO,ID_SUCURSAL,FECHAEMISION_FACTURA,FECHAPAGO_FACTURA,OBSERVACIONES,VALORTOTAL_FACTURA,VALORIMPUESTOS_FACTURA,VALORDESCUENTOS_FACTURA,USUARIO_GENERACION) values ('40','41','94','3','1','2',to_date('22/01/21','DD/MM/RR'),to_date('20/03/21','DD/MM/RR'),null,'14818736,0625','2375999,875','62526,3125','August Robles');
Insert into CARCENTER.TBL_ENCFACTURA (ID_FACTURA,ID_MANTENIMIENTO,ID_CLIENTE,ID_ESTADOFACTURA,ID_MEDIOPAGO,ID_SUCURSAL,FECHAEMISION_FACTURA,FECHAPAGO_FACTURA,OBSERVACIONES,VALORTOTAL_FACTURA,VALORIMPUESTOS_FACTURA,VALORDESCUENTOS_FACTURA,USUARIO_GENERACION) values ('41','92','13','2','2','3',to_date('02/07/21','DD/MM/RR'),to_date('23/10/21','DD/MM/RR'),null,'7914643,14375','1269014,5125','33395,11875','Natalie Mcbride');
Insert into CARCENTER.TBL_ENCFACTURA (ID_FACTURA,ID_MANTENIMIENTO,ID_CLIENTE,ID_ESTADOFACTURA,ID_MEDIOPAGO,ID_SUCURSAL,FECHAEMISION_FACTURA,FECHAPAGO_FACTURA,OBSERVACIONES,VALORTOTAL_FACTURA,VALORIMPUESTOS_FACTURA,VALORDESCUENTOS_FACTURA,USUARIO_GENERACION) values ('42','74','1','2','3','2',to_date('08/05/22','DD/MM/RR'),to_date('20/08/21','DD/MM/RR'),null,'44892125,25','7197893,5','189418,25','Nina Morgan');
Insert into CARCENTER.TBL_ENCFACTURA (ID_FACTURA,ID_MANTENIMIENTO,ID_CLIENTE,ID_ESTADOFACTURA,ID_MEDIOPAGO,ID_SUCURSAL,FECHAEMISION_FACTURA,FECHAPAGO_FACTURA,OBSERVACIONES,VALORTOTAL_FACTURA,VALORIMPUESTOS_FACTURA,VALORDESCUENTOS_FACTURA,USUARIO_GENERACION) values ('43','31','29','3','1','2',to_date('05/03/21','DD/MM/RR'),to_date('18/04/19','DD/MM/RR'),null,'48940200,7875','7846952,025','206498,7375','Nadine Waters');
Insert into CARCENTER.TBL_ENCFACTURA (ID_FACTURA,ID_MANTENIMIENTO,ID_CLIENTE,ID_ESTADOFACTURA,ID_MEDIOPAGO,ID_SUCURSAL,FECHAEMISION_FACTURA,FECHAPAGO_FACTURA,OBSERVACIONES,VALORTOTAL_FACTURA,VALORIMPUESTOS_FACTURA,VALORDESCUENTOS_FACTURA,USUARIO_GENERACION) values ('44','31','13','1','2','2',to_date('09/01/19','DD/MM/RR'),to_date('09/06/20','DD/MM/RR'),null,'13270462,8375','634950,375','63495,0375','Bo Espinoza');
Insert into CARCENTER.TBL_ENCFACTURA (ID_FACTURA,ID_MANTENIMIENTO,ID_CLIENTE,ID_ESTADOFACTURA,ID_MEDIOPAGO,ID_SUCURSAL,FECHAEMISION_FACTURA,FECHAPAGO_FACTURA,OBSERVACIONES,VALORTOTAL_FACTURA,VALORIMPUESTOS_FACTURA,VALORDESCUENTOS_FACTURA,USUARIO_GENERACION) values ('45','43','17','2','3','3',to_date('21/03/21','DD/MM/RR'),to_date('17/03/21','DD/MM/RR'),null,'51082140,65625','2444121,5625','244412,15625','Violet Knapp');
Insert into CARCENTER.TBL_ENCFACTURA (ID_FACTURA,ID_MANTENIMIENTO,ID_CLIENTE,ID_ESTADOFACTURA,ID_MEDIOPAGO,ID_SUCURSAL,FECHAEMISION_FACTURA,FECHAPAGO_FACTURA,OBSERVACIONES,VALORTOTAL_FACTURA,VALORIMPUESTOS_FACTURA,VALORDESCUENTOS_FACTURA,USUARIO_GENERACION) values ('46','65','95','2','3','3',to_date('08/08/22','DD/MM/RR'),to_date('15/03/22','DD/MM/RR'),null,'691975,2375','0','3477,2625','Forrest Sears');
Insert into CARCENTER.TBL_ENCFACTURA (ID_FACTURA,ID_MANTENIMIENTO,ID_CLIENTE,ID_ESTADOFACTURA,ID_MEDIOPAGO,ID_SUCURSAL,FECHAEMISION_FACTURA,FECHAPAGO_FACTURA,OBSERVACIONES,VALORTOTAL_FACTURA,VALORIMPUESTOS_FACTURA,VALORDESCUENTOS_FACTURA,USUARIO_GENERACION) values ('47','94','73','1','3','3',to_date('03/12/19','DD/MM/RR'),to_date('22/01/22','DD/MM/RR'),null,'11611043,26875','1861686,2625','48991,74375','Ferris Osborne');
Insert into CARCENTER.TBL_ENCFACTURA (ID_FACTURA,ID_MANTENIMIENTO,ID_CLIENTE,ID_ESTADOFACTURA,ID_MEDIOPAGO,ID_SUCURSAL,FECHAEMISION_FACTURA,FECHAPAGO_FACTURA,OBSERVACIONES,VALORTOTAL_FACTURA,VALORIMPUESTOS_FACTURA,VALORDESCUENTOS_FACTURA,USUARIO_GENERACION) values ('48','65','67','2','4','4',to_date('26/10/19','DD/MM/RR'),to_date('15/05/19','DD/MM/RR'),null,'436018,4125','20862,125','2086,2125','Idona Dickson');
Insert into CARCENTER.TBL_ENCFACTURA (ID_FACTURA,ID_MANTENIMIENTO,ID_CLIENTE,ID_ESTADOFACTURA,ID_MEDIOPAGO,ID_SUCURSAL,FECHAEMISION_FACTURA,FECHAPAGO_FACTURA,OBSERVACIONES,VALORTOTAL_FACTURA,VALORIMPUESTOS_FACTURA,VALORDESCUENTOS_FACTURA,USUARIO_GENERACION) values ('49','96','33','3','3','2',to_date('02/01/21','DD/MM/RR'),to_date('08/09/22','DD/MM/RR'),null,'10211981,90625','1637364,1875','43088,53125','Wynne Bentley');
Insert into CARCENTER.TBL_ENCFACTURA (ID_FACTURA,ID_MANTENIMIENTO,ID_CLIENTE,ID_ESTADOFACTURA,ID_MEDIOPAGO,ID_SUCURSAL,FECHAEMISION_FACTURA,FECHAPAGO_FACTURA,OBSERVACIONES,VALORTOTAL_FACTURA,VALORIMPUESTOS_FACTURA,VALORDESCUENTOS_FACTURA,USUARIO_GENERACION) values ('50','33','95','1','3','2',to_date('24/01/19','DD/MM/RR'),to_date('26/04/19','DD/MM/RR'),null,'36590577,75','0','183872,25','Malachi Bishop');
Insert into CARCENTER.TBL_ENCFACTURA (ID_FACTURA,ID_MANTENIMIENTO,ID_CLIENTE,ID_ESTADOFACTURA,ID_MEDIOPAGO,ID_SUCURSAL,FECHAEMISION_FACTURA,FECHAPAGO_FACTURA,OBSERVACIONES,VALORTOTAL_FACTURA,VALORIMPUESTOS_FACTURA,VALORDESCUENTOS_FACTURA,USUARIO_GENERACION) values ('51','61','99','3','1','3',to_date('23/07/19','DD/MM/RR'),to_date('06/08/19','DD/MM/RR'),null,'17030566,1625','814859,625','81485,9625','Cedric Frederick');
Insert into CARCENTER.TBL_ENCFACTURA (ID_FACTURA,ID_MANTENIMIENTO,ID_CLIENTE,ID_ESTADOFACTURA,ID_MEDIOPAGO,ID_SUCURSAL,FECHAEMISION_FACTURA,FECHAPAGO_FACTURA,OBSERVACIONES,VALORTOTAL_FACTURA,VALORIMPUESTOS_FACTURA,VALORDESCUENTOS_FACTURA,USUARIO_GENERACION) values ('52','19','29','1','3','3',to_date('06/06/21','DD/MM/RR'),to_date('27/07/21','DD/MM/RR'),null,'36094596,375','5787319,25','152297,875','Leigh Macdonald');
Insert into CARCENTER.TBL_ENCFACTURA (ID_FACTURA,ID_MANTENIMIENTO,ID_CLIENTE,ID_ESTADOFACTURA,ID_MEDIOPAGO,ID_SUCURSAL,FECHAEMISION_FACTURA,FECHAPAGO_FACTURA,OBSERVACIONES,VALORTOTAL_FACTURA,VALORIMPUESTOS_FACTURA,VALORDESCUENTOS_FACTURA,USUARIO_GENERACION) values ('53','2','34','2','2','1',to_date('13/04/20','DD/MM/RR'),to_date('20/03/22','DD/MM/RR'),null,'41951162,625','6726346,75','177009,125','Naida Garrett');
Insert into CARCENTER.TBL_ENCFACTURA (ID_FACTURA,ID_MANTENIMIENTO,ID_CLIENTE,ID_ESTADOFACTURA,ID_MEDIOPAGO,ID_SUCURSAL,FECHAEMISION_FACTURA,FECHAPAGO_FACTURA,OBSERVACIONES,VALORTOTAL_FACTURA,VALORIMPUESTOS_FACTURA,VALORDESCUENTOS_FACTURA,USUARIO_GENERACION) values ('54','41','7','2','3','3',to_date('26/06/19','DD/MM/RR'),to_date('04/10/18','DD/MM/RR'),null,'55624161,6','0','279518,4','Harrison Porter');
Insert into CARCENTER.TBL_ENCFACTURA (ID_FACTURA,ID_MANTENIMIENTO,ID_CLIENTE,ID_ESTADOFACTURA,ID_MEDIOPAGO,ID_SUCURSAL,FECHAEMISION_FACTURA,FECHAPAGO_FACTURA,OBSERVACIONES,VALORTOTAL_FACTURA,VALORIMPUESTOS_FACTURA,VALORDESCUENTOS_FACTURA,USUARIO_GENERACION) values ('55','96','42','3','2','2',to_date('21/01/20','DD/MM/RR'),to_date('24/04/22','DD/MM/RR'),null,'36488281,8','0','183358,2','Cadman House');
Insert into CARCENTER.TBL_ENCFACTURA (ID_FACTURA,ID_MANTENIMIENTO,ID_CLIENTE,ID_ESTADOFACTURA,ID_MEDIOPAGO,ID_SUCURSAL,FECHAEMISION_FACTURA,FECHAPAGO_FACTURA,OBSERVACIONES,VALORTOTAL_FACTURA,VALORIMPUESTOS_FACTURA,VALORDESCUENTOS_FACTURA,USUARIO_GENERACION) values ('56','88','77','1','2','4',to_date('22/07/21','DD/MM/RR'),to_date('25/01/21','DD/MM/RR'),null,'33176157,09375','1587375,9375','158737,59375','Quamar Blankenship');
Insert into CARCENTER.TBL_ENCFACTURA (ID_FACTURA,ID_MANTENIMIENTO,ID_CLIENTE,ID_ESTADOFACTURA,ID_MEDIOPAGO,ID_SUCURSAL,FECHAEMISION_FACTURA,FECHAPAGO_FACTURA,OBSERVACIONES,VALORTOTAL_FACTURA,VALORIMPUESTOS_FACTURA,VALORDESCUENTOS_FACTURA,USUARIO_GENERACION) values ('57','14','15','3','2','3',to_date('24/12/19','DD/MM/RR'),to_date('11/03/22','DD/MM/RR'),null,'21542477,59375','0','108253,65625','Tobias Neal');
Insert into CARCENTER.TBL_ENCFACTURA (ID_FACTURA,ID_MANTENIMIENTO,ID_CLIENTE,ID_ESTADOFACTURA,ID_MEDIOPAGO,ID_SUCURSAL,FECHAEMISION_FACTURA,FECHAPAGO_FACTURA,OBSERVACIONES,VALORTOTAL_FACTURA,VALORIMPUESTOS_FACTURA,VALORDESCUENTOS_FACTURA,USUARIO_GENERACION) values ('58','21','31','2','1','4',to_date('15/12/20','DD/MM/RR'),to_date('02/10/19','DD/MM/RR'),null,'27366211,35','0','137518,65','Malcolm Norman');
Insert into CARCENTER.TBL_ENCFACTURA (ID_FACTURA,ID_MANTENIMIENTO,ID_CLIENTE,ID_ESTADOFACTURA,ID_MEDIOPAGO,ID_SUCURSAL,FECHAEMISION_FACTURA,FECHAPAGO_FACTURA,OBSERVACIONES,VALORTOTAL_FACTURA,VALORIMPUESTOS_FACTURA,VALORDESCUENTOS_FACTURA,USUARIO_GENERACION) values ('59','88','18','2','4','3',to_date('08/08/21','DD/MM/RR'),to_date('01/01/20','DD/MM/RR'),null,'18526451,00625','0','93097,74375','Lillith Wall');
Insert into CARCENTER.TBL_ENCFACTURA (ID_FACTURA,ID_MANTENIMIENTO,ID_CLIENTE,ID_ESTADOFACTURA,ID_MEDIOPAGO,ID_SUCURSAL,FECHAEMISION_FACTURA,FECHAPAGO_FACTURA,OBSERVACIONES,VALORTOTAL_FACTURA,VALORIMPUESTOS_FACTURA,VALORDESCUENTOS_FACTURA,USUARIO_GENERACION) values ('60','10','7','3','2','2',to_date('08/11/20','DD/MM/RR'),to_date('14/02/22','DD/MM/RR'),null,'6865780,3875','1100842,425','28969,5375','Yuli Atkinson');
Insert into CARCENTER.TBL_ENCFACTURA (ID_FACTURA,ID_MANTENIMIENTO,ID_CLIENTE,ID_ESTADOFACTURA,ID_MEDIOPAGO,ID_SUCURSAL,FECHAEMISION_FACTURA,FECHAPAGO_FACTURA,OBSERVACIONES,VALORTOTAL_FACTURA,VALORIMPUESTOS_FACTURA,VALORDESCUENTOS_FACTURA,USUARIO_GENERACION) values ('61','58','29','1','2','2',to_date('20/10/18','DD/MM/RR'),to_date('10/01/20','DD/MM/RR'),null,'16521293,7','2648983,8','69710,1','Solomon Daniel');
Insert into CARCENTER.TBL_ENCFACTURA (ID_FACTURA,ID_MANTENIMIENTO,ID_CLIENTE,ID_ESTADOFACTURA,ID_MEDIOPAGO,ID_SUCURSAL,FECHAEMISION_FACTURA,FECHAPAGO_FACTURA,OBSERVACIONES,VALORTOTAL_FACTURA,VALORIMPUESTOS_FACTURA,VALORDESCUENTOS_FACTURA,USUARIO_GENERACION) values ('62','63','16','3','3','3',to_date('30/03/20','DD/MM/RR'),to_date('28/10/19','DD/MM/RR'),null,'16382217,3','0','82322,7','Mufutau Riley');
Insert into CARCENTER.TBL_ENCFACTURA (ID_FACTURA,ID_MANTENIMIENTO,ID_CLIENTE,ID_ESTADOFACTURA,ID_MEDIOPAGO,ID_SUCURSAL,FECHAEMISION_FACTURA,FECHAPAGO_FACTURA,OBSERVACIONES,VALORTOTAL_FACTURA,VALORIMPUESTOS_FACTURA,VALORDESCUENTOS_FACTURA,USUARIO_GENERACION) values ('63','40','38','2','2','2',to_date('03/06/21','DD/MM/RR'),to_date('26/10/20','DD/MM/RR'),null,'13683105,675','0','68759,325','Caldwell Stanley');
Insert into CARCENTER.TBL_ENCFACTURA (ID_FACTURA,ID_MANTENIMIENTO,ID_CLIENTE,ID_ESTADOFACTURA,ID_MEDIOPAGO,ID_SUCURSAL,FECHAEMISION_FACTURA,FECHAPAGO_FACTURA,OBSERVACIONES,VALORTOTAL_FACTURA,VALORIMPUESTOS_FACTURA,VALORDESCUENTOS_FACTURA,USUARIO_GENERACION) values ('64','46','45','2','3','2',to_date('08/03/20','DD/MM/RR'),to_date('13/12/21','DD/MM/RR'),null,'1854946,1625','0','9321,3375','Quentin Tran');
Insert into CARCENTER.TBL_ENCFACTURA (ID_FACTURA,ID_MANTENIMIENTO,ID_CLIENTE,ID_ESTADOFACTURA,ID_MEDIOPAGO,ID_SUCURSAL,FECHAEMISION_FACTURA,FECHAPAGO_FACTURA,OBSERVACIONES,VALORTOTAL_FACTURA,VALORIMPUESTOS_FACTURA,VALORDESCUENTOS_FACTURA,USUARIO_GENERACION) values ('65','74','88','1','2','3',to_date('01/02/19','DD/MM/RR'),to_date('09/12/19','DD/MM/RR'),null,'81695855,25','13098913,5','344708,25','Jarrod Page');
Insert into CARCENTER.TBL_ENCFACTURA (ID_FACTURA,ID_MANTENIMIENTO,ID_CLIENTE,ID_ESTADOFACTURA,ID_MEDIOPAGO,ID_SUCURSAL,FECHAEMISION_FACTURA,FECHAPAGO_FACTURA,OBSERVACIONES,VALORTOTAL_FACTURA,VALORIMPUESTOS_FACTURA,VALORDESCUENTOS_FACTURA,USUARIO_GENERACION) values ('66','61','69','2','3','1',to_date('12/12/18','DD/MM/RR'),to_date('17/07/21','DD/MM/RR'),null,'34586621,6625','5545534,275','145935,1125','Mason Cook');
Insert into CARCENTER.TBL_ENCFACTURA (ID_FACTURA,ID_MANTENIMIENTO,ID_CLIENTE,ID_ESTADOFACTURA,ID_MEDIOPAGO,ID_SUCURSAL,FECHAEMISION_FACTURA,FECHAPAGO_FACTURA,OBSERVACIONES,VALORTOTAL_FACTURA,VALORIMPUESTOS_FACTURA,VALORDESCUENTOS_FACTURA,USUARIO_GENERACION) values ('67','82','48','1','2','4',to_date('12/07/22','DD/MM/RR'),to_date('05/07/21','DD/MM/RR'),null,'33397168,78125','0','167824,96875','Brittany Durham');
Insert into CARCENTER.TBL_ENCFACTURA (ID_FACTURA,ID_MANTENIMIENTO,ID_CLIENTE,ID_ESTADOFACTURA,ID_MEDIOPAGO,ID_SUCURSAL,FECHAEMISION_FACTURA,FECHAPAGO_FACTURA,OBSERVACIONES,VALORTOTAL_FACTURA,VALORIMPUESTOS_FACTURA,VALORDESCUENTOS_FACTURA,USUARIO_GENERACION) values ('68','32','65','2','4','4',to_date('30/03/21','DD/MM/RR'),to_date('05/07/20','DD/MM/RR'),null,'27609722,34375','4426875,3125','116496,71875','Jackson Melendez');
Insert into CARCENTER.TBL_ENCFACTURA (ID_FACTURA,ID_MANTENIMIENTO,ID_CLIENTE,ID_ESTADOFACTURA,ID_MEDIOPAGO,ID_SUCURSAL,FECHAEMISION_FACTURA,FECHAPAGO_FACTURA,OBSERVACIONES,VALORTOTAL_FACTURA,VALORIMPUESTOS_FACTURA,VALORDESCUENTOS_FACTURA,USUARIO_GENERACION) values ('69','58','20','2','2','2',to_date('24/06/22','DD/MM/RR'),to_date('10/06/20','DD/MM/RR'),null,'9270693,6','0','46586,4','Hilda Banks');
Insert into CARCENTER.TBL_ENCFACTURA (ID_FACTURA,ID_MANTENIMIENTO,ID_CLIENTE,ID_ESTADOFACTURA,ID_MEDIOPAGO,ID_SUCURSAL,FECHAEMISION_FACTURA,FECHAPAGO_FACTURA,OBSERVACIONES,VALORTOTAL_FACTURA,VALORIMPUESTOS_FACTURA,VALORDESCUENTOS_FACTURA,USUARIO_GENERACION) values ('70','28','75','3','4','2',to_date('22/03/19','DD/MM/RR'),to_date('26/09/22','DD/MM/RR'),null,'31143011,625','1490096,25','149009,625','Sigourney Dalton');
Insert into CARCENTER.TBL_ENCFACTURA (ID_FACTURA,ID_MANTENIMIENTO,ID_CLIENTE,ID_ESTADOFACTURA,ID_MEDIOPAGO,ID_SUCURSAL,FECHAEMISION_FACTURA,FECHAPAGO_FACTURA,OBSERVACIONES,VALORTOTAL_FACTURA,VALORIMPUESTOS_FACTURA,VALORDESCUENTOS_FACTURA,USUARIO_GENERACION) values ('71','35','37','2','3','1',to_date('01/04/20','DD/MM/RR'),to_date('07/07/19','DD/MM/RR'),null,'27983459,35','1338921,5','133892,15','Octavia Mack');
Insert into CARCENTER.TBL_ENCFACTURA (ID_FACTURA,ID_MANTENIMIENTO,ID_CLIENTE,ID_ESTADOFACTURA,ID_MEDIOPAGO,ID_SUCURSAL,FECHAEMISION_FACTURA,FECHAPAGO_FACTURA,OBSERVACIONES,VALORTOTAL_FACTURA,VALORIMPUESTOS_FACTURA,VALORDESCUENTOS_FACTURA,USUARIO_GENERACION) values ('72','35','55','2','2','4',to_date('20/11/20','DD/MM/RR'),to_date('20/02/20','DD/MM/RR'),null,'17576138,94375','0','88322,30625','Logan Hebert');
Insert into CARCENTER.TBL_ENCFACTURA (ID_FACTURA,ID_MANTENIMIENTO,ID_CLIENTE,ID_ESTADOFACTURA,ID_MEDIOPAGO,ID_SUCURSAL,FECHAEMISION_FACTURA,FECHAPAGO_FACTURA,OBSERVACIONES,VALORTOTAL_FACTURA,VALORIMPUESTOS_FACTURA,VALORDESCUENTOS_FACTURA,USUARIO_GENERACION) values ('73','44','96','2','4','4',to_date('10/07/19','DD/MM/RR'),to_date('26/10/18','DD/MM/RR'),null,'2520759,45','120610,5','12061,05','Jaime Curry');
Insert into CARCENTER.TBL_ENCFACTURA (ID_FACTURA,ID_MANTENIMIENTO,ID_CLIENTE,ID_ESTADOFACTURA,ID_MEDIOPAGO,ID_SUCURSAL,FECHAEMISION_FACTURA,FECHAPAGO_FACTURA,OBSERVACIONES,VALORTOTAL_FACTURA,VALORIMPUESTOS_FACTURA,VALORDESCUENTOS_FACTURA,USUARIO_GENERACION) values ('74','98','64','2','1','1',to_date('02/04/20','DD/MM/RR'),to_date('30/10/20','DD/MM/RR'),null,'46115495,55','7394045,7','194580,15','Quintessa Stephenson');
Insert into CARCENTER.TBL_ENCFACTURA (ID_FACTURA,ID_MANTENIMIENTO,ID_CLIENTE,ID_ESTADOFACTURA,ID_MEDIOPAGO,ID_SUCURSAL,FECHAEMISION_FACTURA,FECHAPAGO_FACTURA,OBSERVACIONES,VALORTOTAL_FACTURA,VALORIMPUESTOS_FACTURA,VALORDESCUENTOS_FACTURA,USUARIO_GENERACION) values ('75','63','27','1','2','2',to_date('11/03/20','DD/MM/RR'),to_date('12/06/21','DD/MM/RR'),null,'26737098,3','1279287','127928,7','Ciaran Russell');
Insert into CARCENTER.TBL_ENCFACTURA (ID_FACTURA,ID_MANTENIMIENTO,ID_CLIENTE,ID_ESTADOFACTURA,ID_MEDIOPAGO,ID_SUCURSAL,FECHAEMISION_FACTURA,FECHAPAGO_FACTURA,OBSERVACIONES,VALORTOTAL_FACTURA,VALORIMPUESTOS_FACTURA,VALORDESCUENTOS_FACTURA,USUARIO_GENERACION) values ('76','20','43','2','3','2',to_date('21/08/19','DD/MM/RR'),to_date('26/11/21','DD/MM/RR'),null,'71064965,86875','0','357110,38125','Maya Horton');
Insert into CARCENTER.TBL_ENCFACTURA (ID_FACTURA,ID_MANTENIMIENTO,ID_CLIENTE,ID_ESTADOFACTURA,ID_MEDIOPAGO,ID_SUCURSAL,FECHAEMISION_FACTURA,FECHAPAGO_FACTURA,OBSERVACIONES,VALORTOTAL_FACTURA,VALORIMPUESTOS_FACTURA,VALORDESCUENTOS_FACTURA,USUARIO_GENERACION) values ('77','99','7','2','3','4',to_date('12/11/21','DD/MM/RR'),to_date('07/11/19','DD/MM/RR'),null,'57096900,91875','9154777,3625','240915,19375','Georgia Reyes');
Insert into CARCENTER.TBL_ENCFACTURA (ID_FACTURA,ID_MANTENIMIENTO,ID_CLIENTE,ID_ESTADOFACTURA,ID_MEDIOPAGO,ID_SUCURSAL,FECHAEMISION_FACTURA,FECHAPAGO_FACTURA,OBSERVACIONES,VALORTOTAL_FACTURA,VALORIMPUESTOS_FACTURA,VALORDESCUENTOS_FACTURA,USUARIO_GENERACION) values ('78','16','40','1','3','1',to_date('16/04/20','DD/MM/RR'),to_date('19/08/19','DD/MM/RR'),null,'21656757,825','3472391,55','91378,725','Shelby Bray');
Insert into CARCENTER.TBL_ENCFACTURA (ID_FACTURA,ID_MANTENIMIENTO,ID_CLIENTE,ID_ESTADOFACTURA,ID_MEDIOPAGO,ID_SUCURSAL,FECHAEMISION_FACTURA,FECHAPAGO_FACTURA,OBSERVACIONES,VALORTOTAL_FACTURA,VALORIMPUESTOS_FACTURA,VALORDESCUENTOS_FACTURA,USUARIO_GENERACION) values ('79','91','22','3','3','2',to_date('06/10/18','DD/MM/RR'),to_date('14/11/21','DD/MM/RR'),null,'43065824,175','2060565,75','206056,575','Austin Dejesus');
Insert into CARCENTER.TBL_ENCFACTURA (ID_FACTURA,ID_MANTENIMIENTO,ID_CLIENTE,ID_ESTADOFACTURA,ID_MEDIOPAGO,ID_SUCURSAL,FECHAEMISION_FACTURA,FECHAPAGO_FACTURA,OBSERVACIONES,VALORTOTAL_FACTURA,VALORIMPUESTOS_FACTURA,VALORDESCUENTOS_FACTURA,USUARIO_GENERACION) values ('80','40','81','1','2','2',to_date('25/07/19','DD/MM/RR'),to_date('29/08/22','DD/MM/RR'),null,'51059909,53125','8186820,9375','215442,65625','Basil Baird');
Insert into CARCENTER.TBL_ENCFACTURA (ID_FACTURA,ID_MANTENIMIENTO,ID_CLIENTE,ID_ESTADOFACTURA,ID_MEDIOPAGO,ID_SUCURSAL,FECHAEMISION_FACTURA,FECHAPAGO_FACTURA,OBSERVACIONES,VALORTOTAL_FACTURA,VALORIMPUESTOS_FACTURA,VALORDESCUENTOS_FACTURA,USUARIO_GENERACION) values ('81','59','29','1','4','2',to_date('27/03/22','DD/MM/RR'),to_date('15/11/19','DD/MM/RR'),null,'10322289,2','0','51870,8','Peter Bowers');
Insert into CARCENTER.TBL_ENCFACTURA (ID_FACTURA,ID_MANTENIMIENTO,ID_CLIENTE,ID_ESTADOFACTURA,ID_MEDIOPAGO,ID_SUCURSAL,FECHAEMISION_FACTURA,FECHAPAGO_FACTURA,OBSERVACIONES,VALORTOTAL_FACTURA,VALORIMPUESTOS_FACTURA,VALORDESCUENTOS_FACTURA,USUARIO_GENERACION) values ('82','80','18','2','2','2',to_date('20/09/21','DD/MM/RR'),to_date('07/03/19','DD/MM/RR'),null,'23337779,725','0','117275,275','Simon Moon');
Insert into CARCENTER.TBL_ENCFACTURA (ID_FACTURA,ID_MANTENIMIENTO,ID_CLIENTE,ID_ESTADOFACTURA,ID_MEDIOPAGO,ID_SUCURSAL,FECHAEMISION_FACTURA,FECHAPAGO_FACTURA,OBSERVACIONES,VALORTOTAL_FACTURA,VALORIMPUESTOS_FACTURA,VALORDESCUENTOS_FACTURA,USUARIO_GENERACION) values ('83','26','77','3','4','2',to_date('29/04/20','DD/MM/RR'),to_date('10/02/20','DD/MM/RR'),null,'16020154,2375','2568632,325','67595,5875','Nadine Weeks');
Insert into CARCENTER.TBL_ENCFACTURA (ID_FACTURA,ID_MANTENIMIENTO,ID_CLIENTE,ID_ESTADOFACTURA,ID_MEDIOPAGO,ID_SUCURSAL,FECHAEMISION_FACTURA,FECHAPAGO_FACTURA,OBSERVACIONES,VALORTOTAL_FACTURA,VALORIMPUESTOS_FACTURA,VALORDESCUENTOS_FACTURA,USUARIO_GENERACION) values ('84','82','45','1','3','1',to_date('08/01/21','DD/MM/RR'),to_date('19/04/22','DD/MM/RR'),null,'32260991,8125','1543588,125','154358,8125','Abel Brady');
Insert into CARCENTER.TBL_ENCFACTURA (ID_FACTURA,ID_MANTENIMIENTO,ID_CLIENTE,ID_ESTADOFACTURA,ID_MEDIOPAGO,ID_SUCURSAL,FECHAEMISION_FACTURA,FECHAPAGO_FACTURA,OBSERVACIONES,VALORTOTAL_FACTURA,VALORIMPUESTOS_FACTURA,VALORDESCUENTOS_FACTURA,USUARIO_GENERACION) values ('85','45','100','2','3','1',to_date('14/05/19','DD/MM/RR'),to_date('13/03/22','DD/MM/RR'),null,'37206227,1','5965555,4','156988,3','Malcolm Snider');
Insert into CARCENTER.TBL_ENCFACTURA (ID_FACTURA,ID_MANTENIMIENTO,ID_CLIENTE,ID_ESTADOFACTURA,ID_MEDIOPAGO,ID_SUCURSAL,FECHAEMISION_FACTURA,FECHAPAGO_FACTURA,OBSERVACIONES,VALORTOTAL_FACTURA,VALORIMPUESTOS_FACTURA,VALORDESCUENTOS_FACTURA,USUARIO_GENERACION) values ('86','13','41','3','4','2',to_date('08/12/21','DD/MM/RR'),to_date('24/12/18','DD/MM/RR'),null,'42430931,8125','2030188,125','203018,8125','Tanek Church');
Insert into CARCENTER.TBL_ENCFACTURA (ID_FACTURA,ID_MANTENIMIENTO,ID_CLIENTE,ID_ESTADOFACTURA,ID_MEDIOPAGO,ID_SUCURSAL,FECHAEMISION_FACTURA,FECHAPAGO_FACTURA,OBSERVACIONES,VALORTOTAL_FACTURA,VALORIMPUESTOS_FACTURA,VALORDESCUENTOS_FACTURA,USUARIO_GENERACION) values ('87','96','84','2','2','3',to_date('30/10/20','DD/MM/RR'),to_date('26/02/20','DD/MM/RR'),null,'47535901,125','0','238873,875','Bernard Parks');
Insert into CARCENTER.TBL_ENCFACTURA (ID_FACTURA,ID_MANTENIMIENTO,ID_CLIENTE,ID_ESTADOFACTURA,ID_MEDIOPAGO,ID_SUCURSAL,FECHAEMISION_FACTURA,FECHAPAGO_FACTURA,OBSERVACIONES,VALORTOTAL_FACTURA,VALORIMPUESTOS_FACTURA,VALORDESCUENTOS_FACTURA,USUARIO_GENERACION) values ('88','98','82','1','2','2',to_date('07/02/22','DD/MM/RR'),to_date('23/03/20','DD/MM/RR'),null,'1618690,63125','77449,3125','7744,93125','Blake Bonner');
Insert into CARCENTER.TBL_ENCFACTURA (ID_FACTURA,ID_MANTENIMIENTO,ID_CLIENTE,ID_ESTADOFACTURA,ID_MEDIOPAGO,ID_SUCURSAL,FECHAEMISION_FACTURA,FECHAPAGO_FACTURA,OBSERVACIONES,VALORTOTAL_FACTURA,VALORIMPUESTOS_FACTURA,VALORDESCUENTOS_FACTURA,USUARIO_GENERACION) values ('89','19','38','2','3','2',to_date('25/06/20','DD/MM/RR'),to_date('25/03/21','DD/MM/RR'),null,'83285251,3125','13353753,375','351414,5625','Isaac Marshall');
Insert into CARCENTER.TBL_ENCFACTURA (ID_FACTURA,ID_MANTENIMIENTO,ID_CLIENTE,ID_ESTADOFACTURA,ID_MEDIOPAGO,ID_SUCURSAL,FECHAEMISION_FACTURA,FECHAPAGO_FACTURA,OBSERVACIONES,VALORTOTAL_FACTURA,VALORIMPUESTOS_FACTURA,VALORDESCUENTOS_FACTURA,USUARIO_GENERACION) values ('90','29','33','2','1','2',to_date('11/08/21','DD/MM/RR'),to_date('19/12/19','DD/MM/RR'),null,'309157,69375','0','1553,55625','Ciara Hinton');
Insert into CARCENTER.TBL_ENCFACTURA (ID_FACTURA,ID_MANTENIMIENTO,ID_CLIENTE,ID_ESTADOFACTURA,ID_MEDIOPAGO,ID_SUCURSAL,FECHAEMISION_FACTURA,FECHAPAGO_FACTURA,OBSERVACIONES,VALORTOTAL_FACTURA,VALORIMPUESTOS_FACTURA,VALORDESCUENTOS_FACTURA,USUARIO_GENERACION) values ('91','57','43','3','2','3',to_date('30/05/22','DD/MM/RR'),to_date('14/04/20','DD/MM/RR'),null,'922633,65','0','4636,35','Leroy Sanchez');
Insert into CARCENTER.TBL_ENCFACTURA (ID_FACTURA,ID_MANTENIMIENTO,ID_CLIENTE,ID_ESTADOFACTURA,ID_MEDIOPAGO,ID_SUCURSAL,FECHAEMISION_FACTURA,FECHAPAGO_FACTURA,OBSERVACIONES,VALORTOTAL_FACTURA,VALORIMPUESTOS_FACTURA,VALORDESCUENTOS_FACTURA,USUARIO_GENERACION) values ('92','49','83','1','4','2',to_date('09/06/20','DD/MM/RR'),to_date('14/01/20','DD/MM/RR'),null,'14310325,06875','0','71911,18125','Clare Bentley');
Insert into CARCENTER.TBL_ENCFACTURA (ID_FACTURA,ID_MANTENIMIENTO,ID_CLIENTE,ID_ESTADOFACTURA,ID_MEDIOPAGO,ID_SUCURSAL,FECHAEMISION_FACTURA,FECHAPAGO_FACTURA,OBSERVACIONES,VALORTOTAL_FACTURA,VALORIMPUESTOS_FACTURA,VALORDESCUENTOS_FACTURA,USUARIO_GENERACION) values ('93','19','64','2','3','3',to_date('04/04/20','DD/MM/RR'),to_date('09/01/21','DD/MM/RR'),null,'54161810,1','0','272169,9','Beau Delaney');
Insert into CARCENTER.TBL_ENCFACTURA (ID_FACTURA,ID_MANTENIMIENTO,ID_CLIENTE,ID_ESTADOFACTURA,ID_MEDIOPAGO,ID_SUCURSAL,FECHAEMISION_FACTURA,FECHAPAGO_FACTURA,OBSERVACIONES,VALORTOTAL_FACTURA,VALORIMPUESTOS_FACTURA,VALORDESCUENTOS_FACTURA,USUARIO_GENERACION) values ('94','90','22','3','2','1',to_date('16/11/20','DD/MM/RR'),to_date('27/10/21','DD/MM/RR'),null,'58527744,75625','2800370,5625','280037,05625','Veronica Witt');
Insert into CARCENTER.TBL_ENCFACTURA (ID_FACTURA,ID_MANTENIMIENTO,ID_CLIENTE,ID_ESTADOFACTURA,ID_MEDIOPAGO,ID_SUCURSAL,FECHAEMISION_FACTURA,FECHAPAGO_FACTURA,OBSERVACIONES,VALORTOTAL_FACTURA,VALORIMPUESTOS_FACTURA,VALORDESCUENTOS_FACTURA,USUARIO_GENERACION) values ('95','68','64','2','1','2',to_date('24/04/21','DD/MM/RR'),to_date('24/09/19','DD/MM/RR'),null,'24470100,39375','3923476,0125','103249,36875','Macaulay Odom');
Insert into CARCENTER.TBL_ENCFACTURA (ID_FACTURA,ID_MANTENIMIENTO,ID_CLIENTE,ID_ESTADOFACTURA,ID_MEDIOPAGO,ID_SUCURSAL,FECHAEMISION_FACTURA,FECHAPAGO_FACTURA,OBSERVACIONES,VALORTOTAL_FACTURA,VALORIMPUESTOS_FACTURA,VALORDESCUENTOS_FACTURA,USUARIO_GENERACION) values ('96','49','61','1','2','2',to_date('01/04/21','DD/MM/RR'),to_date('20/11/20','DD/MM/RR'),null,'36883847,85','5913865,9','155628,05','Jerry Fitzgerald');
Insert into CARCENTER.TBL_ENCFACTURA (ID_FACTURA,ID_MANTENIMIENTO,ID_CLIENTE,ID_ESTADOFACTURA,ID_MEDIOPAGO,ID_SUCURSAL,FECHAEMISION_FACTURA,FECHAPAGO_FACTURA,OBSERVACIONES,VALORTOTAL_FACTURA,VALORIMPUESTOS_FACTURA,VALORDESCUENTOS_FACTURA,USUARIO_GENERACION) values ('97','70','48','3','4','2',to_date('10/11/19','DD/MM/RR'),to_date('26/11/20','DD/MM/RR'),null,'64894855,2','0','326104,8','Sierra Alvarado');
Insert into CARCENTER.TBL_ENCFACTURA (ID_FACTURA,ID_MANTENIMIENTO,ID_CLIENTE,ID_ESTADOFACTURA,ID_MEDIOPAGO,ID_SUCURSAL,FECHAEMISION_FACTURA,FECHAPAGO_FACTURA,OBSERVACIONES,VALORTOTAL_FACTURA,VALORIMPUESTOS_FACTURA,VALORDESCUENTOS_FACTURA,USUARIO_GENERACION) values ('98','60','92','3','4','4',to_date('22/06/19','DD/MM/RR'),to_date('05/06/21','DD/MM/RR'),null,'19068295,66875','3057363,8625','80456,94375','Hamish Goff');
Insert into CARCENTER.TBL_ENCFACTURA (ID_FACTURA,ID_MANTENIMIENTO,ID_CLIENTE,ID_ESTADOFACTURA,ID_MEDIOPAGO,ID_SUCURSAL,FECHAEMISION_FACTURA,FECHAPAGO_FACTURA,OBSERVACIONES,VALORTOTAL_FACTURA,VALORIMPUESTOS_FACTURA,VALORDESCUENTOS_FACTURA,USUARIO_GENERACION) values ('99','85','50','2','2','2',to_date('15/02/22','DD/MM/RR'),to_date('21/12/21','DD/MM/RR'),null,'36593015,5','0','183884,5','Allistair Kirk');
Insert into CARCENTER.TBL_ENCFACTURA (ID_FACTURA,ID_MANTENIMIENTO,ID_CLIENTE,ID_ESTADOFACTURA,ID_MEDIOPAGO,ID_SUCURSAL,FECHAEMISION_FACTURA,FECHAPAGO_FACTURA,OBSERVACIONES,VALORTOTAL_FACTURA,VALORIMPUESTOS_FACTURA,VALORDESCUENTOS_FACTURA,USUARIO_GENERACION) values ('100','89','8','3','4','1',to_date('27/09/19','DD/MM/RR'),to_date('13/02/19','DD/MM/RR'),null,'20762007,75','993397,5','99339,75','Grady Blair');
Insert into CARCENTER.TBL_ENCFACTURA (ID_FACTURA,ID_MANTENIMIENTO,ID_CLIENTE,ID_ESTADOFACTURA,ID_MEDIOPAGO,ID_SUCURSAL,FECHAEMISION_FACTURA,FECHAPAGO_FACTURA,OBSERVACIONES,VALORTOTAL_FACTURA,VALORIMPUESTOS_FACTURA,VALORDESCUENTOS_FACTURA,USUARIO_GENERACION) values ('101','95','65','1','1','4',to_date('10/12/19','DD/MM/RR'),to_date('24/12/20','DD/MM/RR'),null,'6451430,75','0','32419,25','Guinevere Diaz');
Insert into CARCENTER.TBL_ENCFACTURA (ID_FACTURA,ID_MANTENIMIENTO,ID_CLIENTE,ID_ESTADOFACTURA,ID_MEDIOPAGO,ID_SUCURSAL,FECHAEMISION_FACTURA,FECHAPAGO_FACTURA,OBSERVACIONES,VALORTOTAL_FACTURA,VALORIMPUESTOS_FACTURA,VALORDESCUENTOS_FACTURA,USUARIO_GENERACION) values ('102','21','34','3','4','1',to_date('12/07/22','DD/MM/RR'),to_date('31/01/20','DD/MM/RR'),null,'19004010,9','3047056,6','80185,7','Tanner Boyle');
Insert into CARCENTER.TBL_ENCFACTURA (ID_FACTURA,ID_MANTENIMIENTO,ID_CLIENTE,ID_ESTADOFACTURA,ID_MEDIOPAGO,ID_SUCURSAL,FECHAEMISION_FACTURA,FECHAPAGO_FACTURA,OBSERVACIONES,VALORTOTAL_FACTURA,VALORIMPUESTOS_FACTURA,VALORDESCUENTOS_FACTURA,USUARIO_GENERACION) values ('103','21','66','3','1','3',to_date('24/08/20','DD/MM/RR'),to_date('11/01/20','DD/MM/RR'),null,'42533304,8','0','213735,2','Elmo Mathis');
Insert into CARCENTER.TBL_ENCFACTURA (ID_FACTURA,ID_MANTENIMIENTO,ID_CLIENTE,ID_ESTADOFACTURA,ID_MEDIOPAGO,ID_SUCURSAL,FECHAEMISION_FACTURA,FECHAPAGO_FACTURA,OBSERVACIONES,VALORTOTAL_FACTURA,VALORIMPUESTOS_FACTURA,VALORDESCUENTOS_FACTURA,USUARIO_GENERACION) values ('104','54','82','2','2','3',to_date('30/04/21','DD/MM/RR'),to_date('12/05/20','DD/MM/RR'),null,'25623589,40625','1226009,0625','122600,90625','Berk Wong');
Insert into CARCENTER.TBL_ENCFACTURA (ID_FACTURA,ID_MANTENIMIENTO,ID_CLIENTE,ID_ESTADOFACTURA,ID_MEDIOPAGO,ID_SUCURSAL,FECHAEMISION_FACTURA,FECHAPAGO_FACTURA,OBSERVACIONES,VALORTOTAL_FACTURA,VALORIMPUESTOS_FACTURA,VALORDESCUENTOS_FACTURA,USUARIO_GENERACION) values ('105','88','84','3','1','4',to_date('11/06/19','DD/MM/RR'),to_date('22/12/19','DD/MM/RR'),null,'89554632,0625','4284910,625','428491,0625','Joel Dixon');
Insert into CARCENTER.TBL_ENCFACTURA (ID_FACTURA,ID_MANTENIMIENTO,ID_CLIENTE,ID_ESTADOFACTURA,ID_MEDIOPAGO,ID_SUCURSAL,FECHAEMISION_FACTURA,FECHAPAGO_FACTURA,OBSERVACIONES,VALORTOTAL_FACTURA,VALORIMPUESTOS_FACTURA,VALORDESCUENTOS_FACTURA,USUARIO_GENERACION) values ('106','25','57','2','2','3',to_date('17/02/20','DD/MM/RR'),to_date('31/12/20','DD/MM/RR'),null,'44101703,9375','2110129,375','211012,9375','Armando Aguirre');
Insert into CARCENTER.TBL_ENCFACTURA (ID_FACTURA,ID_MANTENIMIENTO,ID_CLIENTE,ID_ESTADOFACTURA,ID_MEDIOPAGO,ID_SUCURSAL,FECHAEMISION_FACTURA,FECHAPAGO_FACTURA,OBSERVACIONES,VALORTOTAL_FACTURA,VALORIMPUESTOS_FACTURA,VALORDESCUENTOS_FACTURA,USUARIO_GENERACION) values ('107','43','43','2','3','3',to_date('08/06/20','DD/MM/RR'),to_date('10/10/19','DD/MM/RR'),null,'40540740,1875','0','203722,3125','Yael Gallagher');
Insert into CARCENTER.TBL_ENCFACTURA (ID_FACTURA,ID_MANTENIMIENTO,ID_CLIENTE,ID_ESTADOFACTURA,ID_MEDIOPAGO,ID_SUCURSAL,FECHAEMISION_FACTURA,FECHAPAGO_FACTURA,OBSERVACIONES,VALORTOTAL_FACTURA,VALORIMPUESTOS_FACTURA,VALORDESCUENTOS_FACTURA,USUARIO_GENERACION) values ('108','61','99','3','2','2',to_date('14/04/20','DD/MM/RR'),to_date('24/09/20','DD/MM/RR'),null,'17233982,075','0','86602,925','Cherokee Perez');
Insert into CARCENTER.TBL_ENCFACTURA (ID_FACTURA,ID_MANTENIMIENTO,ID_CLIENTE,ID_ESTADOFACTURA,ID_MEDIOPAGO,ID_SUCURSAL,FECHAEMISION_FACTURA,FECHAPAGO_FACTURA,OBSERVACIONES,VALORTOTAL_FACTURA,VALORIMPUESTOS_FACTURA,VALORDESCUENTOS_FACTURA,USUARIO_GENERACION) values ('109','61','1','3','3','1',to_date('18/12/21','DD/MM/RR'),to_date('23/07/20','DD/MM/RR'),null,'28752662,25','4610131,5','121319,25','Flavia Ellis');
Insert into CARCENTER.TBL_ENCFACTURA (ID_FACTURA,ID_MANTENIMIENTO,ID_CLIENTE,ID_ESTADOFACTURA,ID_MEDIOPAGO,ID_SUCURSAL,FECHAEMISION_FACTURA,FECHAPAGO_FACTURA,OBSERVACIONES,VALORTOTAL_FACTURA,VALORIMPUESTOS_FACTURA,VALORDESCUENTOS_FACTURA,USUARIO_GENERACION) values ('110','48','21','2','4','4',to_date('04/02/20','DD/MM/RR'),to_date('14/11/18','DD/MM/RR'),null,'4811775,45','771508,3','20302,85','Leo Fulton');
Insert into CARCENTER.TBL_ENCFACTURA (ID_FACTURA,ID_MANTENIMIENTO,ID_CLIENTE,ID_ESTADOFACTURA,ID_MEDIOPAGO,ID_SUCURSAL,FECHAEMISION_FACTURA,FECHAPAGO_FACTURA,OBSERVACIONES,VALORTOTAL_FACTURA,VALORIMPUESTOS_FACTURA,VALORDESCUENTOS_FACTURA,USUARIO_GENERACION) values ('111','24','55','1','3','2',to_date('12/04/21','DD/MM/RR'),to_date('21/12/20','DD/MM/RR'),null,'26460967,05','4242686,7','111649,65','Germane Soto');
Insert into CARCENTER.TBL_ENCFACTURA (ID_FACTURA,ID_MANTENIMIENTO,ID_CLIENTE,ID_ESTADOFACTURA,ID_MEDIOPAGO,ID_SUCURSAL,FECHAEMISION_FACTURA,FECHAPAGO_FACTURA,OBSERVACIONES,VALORTOTAL_FACTURA,VALORIMPUESTOS_FACTURA,VALORDESCUENTOS_FACTURA,USUARIO_GENERACION) values ('112','53','20','2','3','4',to_date('13/09/21','DD/MM/RR'),to_date('25/06/22','DD/MM/RR'),null,'70733017,35','11341158,9','298451,55','Kieran Hunter');
Insert into CARCENTER.TBL_ENCFACTURA (ID_FACTURA,ID_MANTENIMIENTO,ID_CLIENTE,ID_ESTADOFACTURA,ID_MEDIOPAGO,ID_SUCURSAL,FECHAEMISION_FACTURA,FECHAPAGO_FACTURA,OBSERVACIONES,VALORTOTAL_FACTURA,VALORIMPUESTOS_FACTURA,VALORDESCUENTOS_FACTURA,USUARIO_GENERACION) values ('113','94','20','2','4','3',to_date('10/09/20','DD/MM/RR'),to_date('31/08/21','DD/MM/RR'),null,'2865337,75','137097,5','13709,75','Uriel Pacheco');
Insert into CARCENTER.TBL_ENCFACTURA (ID_FACTURA,ID_MANTENIMIENTO,ID_CLIENTE,ID_ESTADOFACTURA,ID_MEDIOPAGO,ID_SUCURSAL,FECHAEMISION_FACTURA,FECHAPAGO_FACTURA,OBSERVACIONES,VALORTOTAL_FACTURA,VALORIMPUESTOS_FACTURA,VALORDESCUENTOS_FACTURA,USUARIO_GENERACION) values ('114','68','9','2','1','1',to_date('23/05/20','DD/MM/RR'),to_date('17/05/20','DD/MM/RR'),null,'42533304,8','0','213735,2','Amethyst Gamble');
Insert into CARCENTER.TBL_ENCFACTURA (ID_FACTURA,ID_MANTENIMIENTO,ID_CLIENTE,ID_ESTADOFACTURA,ID_MEDIOPAGO,ID_SUCURSAL,FECHAEMISION_FACTURA,FECHAPAGO_FACTURA,OBSERVACIONES,VALORTOTAL_FACTURA,VALORIMPUESTOS_FACTURA,VALORDESCUENTOS_FACTURA,USUARIO_GENERACION) values ('115','97','66','2','4','1',to_date('19/05/19','DD/MM/RR'),to_date('03/03/20','DD/MM/RR'),null,'31240361,2125','1494754,125','149475,4125','Melissa Gallegos');
Insert into CARCENTER.TBL_ENCFACTURA (ID_FACTURA,ID_MANTENIMIENTO,ID_CLIENTE,ID_ESTADOFACTURA,ID_MEDIOPAGO,ID_SUCURSAL,FECHAEMISION_FACTURA,FECHAPAGO_FACTURA,OBSERVACIONES,VALORTOTAL_FACTURA,VALORIMPUESTOS_FACTURA,VALORDESCUENTOS_FACTURA,USUARIO_GENERACION) values ('116','58','20','3','3','3',to_date('30/04/21','DD/MM/RR'),to_date('27/07/22','DD/MM/RR'),null,'37046840,15625','5939999,6875','156315,78125','Aline Valencia');
Insert into CARCENTER.TBL_ENCFACTURA (ID_FACTURA,ID_MANTENIMIENTO,ID_CLIENTE,ID_ESTADOFACTURA,ID_MEDIOPAGO,ID_SUCURSAL,FECHAEMISION_FACTURA,FECHAPAGO_FACTURA,OBSERVACIONES,VALORTOTAL_FACTURA,VALORIMPUESTOS_FACTURA,VALORDESCUENTOS_FACTURA,USUARIO_GENERACION) values ('117','57','47','2','3','2',to_date('25/10/19','DD/MM/RR'),to_date('18/08/20','DD/MM/RR'),null,'674365,725','108126,15','2845,425','May Drake');
Insert into CARCENTER.TBL_ENCFACTURA (ID_FACTURA,ID_MANTENIMIENTO,ID_CLIENTE,ID_ESTADOFACTURA,ID_MEDIOPAGO,ID_SUCURSAL,FECHAEMISION_FACTURA,FECHAPAGO_FACTURA,OBSERVACIONES,VALORTOTAL_FACTURA,VALORIMPUESTOS_FACTURA,VALORDESCUENTOS_FACTURA,USUARIO_GENERACION) values ('118','92','3','1','1','2',to_date('24/09/20','DD/MM/RR'),to_date('07/08/21','DD/MM/RR'),null,'9847766,5','471185','47118,5','Madaline Mathews');
Insert into CARCENTER.TBL_ENCFACTURA (ID_FACTURA,ID_MANTENIMIENTO,ID_CLIENTE,ID_ESTADOFACTURA,ID_MEDIOPAGO,ID_SUCURSAL,FECHAEMISION_FACTURA,FECHAPAGO_FACTURA,OBSERVACIONES,VALORTOTAL_FACTURA,VALORIMPUESTOS_FACTURA,VALORDESCUENTOS_FACTURA,USUARIO_GENERACION) values ('119','71','47','1','3','4',to_date('28/10/20','DD/MM/RR'),to_date('06/07/21','DD/MM/RR'),null,'576646,03125','0','2897,71875','Yoko Hinton');
Insert into CARCENTER.TBL_ENCFACTURA (ID_FACTURA,ID_MANTENIMIENTO,ID_CLIENTE,ID_ESTADOFACTURA,ID_MEDIOPAGO,ID_SUCURSAL,FECHAEMISION_FACTURA,FECHAPAGO_FACTURA,OBSERVACIONES,VALORTOTAL_FACTURA,VALORIMPUESTOS_FACTURA,VALORDESCUENTOS_FACTURA,USUARIO_GENERACION) values ('120','82','79','1','3','3',to_date('17/10/20','DD/MM/RR'),to_date('27/06/20','DD/MM/RR'),null,'81523550,325','13071286,55','343981,225','Jamal Russell');
Insert into CARCENTER.TBL_ENCFACTURA (ID_FACTURA,ID_MANTENIMIENTO,ID_CLIENTE,ID_ESTADOFACTURA,ID_MEDIOPAGO,ID_SUCURSAL,FECHAEMISION_FACTURA,FECHAPAGO_FACTURA,OBSERVACIONES,VALORTOTAL_FACTURA,VALORIMPUESTOS_FACTURA,VALORDESCUENTOS_FACTURA,USUARIO_GENERACION) values ('121','93','3','3','4','3',to_date('06/06/22','DD/MM/RR'),to_date('11/09/19','DD/MM/RR'),null,'37801381,5','6060981','159499,5','Melinda White');
Insert into CARCENTER.TBL_ENCFACTURA (ID_FACTURA,ID_MANTENIMIENTO,ID_CLIENTE,ID_ESTADOFACTURA,ID_MEDIOPAGO,ID_SUCURSAL,FECHAEMISION_FACTURA,FECHAPAGO_FACTURA,OBSERVACIONES,VALORTOTAL_FACTURA,VALORIMPUESTOS_FACTURA,VALORDESCUENTOS_FACTURA,USUARIO_GENERACION) values ('122','81','28','2','2','1',to_date('06/08/20','DD/MM/RR'),to_date('04/01/19','DD/MM/RR'),null,'104469734,1875','4998551,875','499855,1875','Marah Bowers');
Insert into CARCENTER.TBL_ENCFACTURA (ID_FACTURA,ID_MANTENIMIENTO,ID_CLIENTE,ID_ESTADOFACTURA,ID_MEDIOPAGO,ID_SUCURSAL,FECHAEMISION_FACTURA,FECHAPAGO_FACTURA,OBSERVACIONES,VALORTOTAL_FACTURA,VALORIMPUESTOS_FACTURA,VALORDESCUENTOS_FACTURA,USUARIO_GENERACION) values ('123','55','27','2','2','2',to_date('11/01/21','DD/MM/RR'),to_date('01/01/22','DD/MM/RR'),null,'6993123,675','0','35141,325','Bernard Wood');
Insert into CARCENTER.TBL_ENCFACTURA (ID_FACTURA,ID_MANTENIMIENTO,ID_CLIENTE,ID_ESTADOFACTURA,ID_MEDIOPAGO,ID_SUCURSAL,FECHAEMISION_FACTURA,FECHAPAGO_FACTURA,OBSERVACIONES,VALORTOTAL_FACTURA,VALORIMPUESTOS_FACTURA,VALORDESCUENTOS_FACTURA,USUARIO_GENERACION) values ('124','81','81','2','1','4',to_date('09/05/19','DD/MM/RR'),to_date('19/02/22','DD/MM/RR'),null,'22871137,78125','1094312,8125','109431,28125','Ferdinand Brock');
Insert into CARCENTER.TBL_ENCFACTURA (ID_FACTURA,ID_MANTENIMIENTO,ID_CLIENTE,ID_ESTADOFACTURA,ID_MEDIOPAGO,ID_SUCURSAL,FECHAEMISION_FACTURA,FECHAPAGO_FACTURA,OBSERVACIONES,VALORTOTAL_FACTURA,VALORIMPUESTOS_FACTURA,VALORDESCUENTOS_FACTURA,USUARIO_GENERACION) values ('125','60','62','2','3','4',to_date('01/08/19','DD/MM/RR'),to_date('25/03/20','DD/MM/RR'),null,'30962782,05','4964496,7','130644,65','Quon Bishop');
Insert into CARCENTER.TBL_ENCFACTURA (ID_FACTURA,ID_MANTENIMIENTO,ID_CLIENTE,ID_ESTADOFACTURA,ID_MEDIOPAGO,ID_SUCURSAL,FECHAEMISION_FACTURA,FECHAPAGO_FACTURA,OBSERVACIONES,VALORTOTAL_FACTURA,VALORIMPUESTOS_FACTURA,VALORDESCUENTOS_FACTURA,USUARIO_GENERACION) values ('126','83','29','2','1','3',to_date('29/03/20','DD/MM/RR'),to_date('29/05/21','DD/MM/RR'),null,'5521944,46875','885375,0625','23299,34375','Gloria Davenport');
Insert into CARCENTER.TBL_ENCFACTURA (ID_FACTURA,ID_MANTENIMIENTO,ID_CLIENTE,ID_ESTADOFACTURA,ID_MEDIOPAGO,ID_SUCURSAL,FECHAEMISION_FACTURA,FECHAPAGO_FACTURA,OBSERVACIONES,VALORTOTAL_FACTURA,VALORIMPUESTOS_FACTURA,VALORDESCUENTOS_FACTURA,USUARIO_GENERACION) values ('127','73','41','3','1','4',to_date('11/06/22','DD/MM/RR'),to_date('13/10/18','DD/MM/RR'),null,'73186031','0','367769','September Cameron');
Insert into CARCENTER.TBL_ENCFACTURA (ID_FACTURA,ID_MANTENIMIENTO,ID_CLIENTE,ID_ESTADOFACTURA,ID_MEDIOPAGO,ID_SUCURSAL,FECHAEMISION_FACTURA,FECHAPAGO_FACTURA,OBSERVACIONES,VALORTOTAL_FACTURA,VALORIMPUESTOS_FACTURA,VALORDESCUENTOS_FACTURA,USUARIO_GENERACION) values ('128','77','2','3','1','4',to_date('25/03/20','DD/MM/RR'),to_date('30/03/21','DD/MM/RR'),null,'22228104,09375','3563999,8125','93789,46875','Perry Lang');
Insert into CARCENTER.TBL_ENCFACTURA (ID_FACTURA,ID_MANTENIMIENTO,ID_CLIENTE,ID_ESTADOFACTURA,ID_MEDIOPAGO,ID_SUCURSAL,FECHAEMISION_FACTURA,FECHAPAGO_FACTURA,OBSERVACIONES,VALORTOTAL_FACTURA,VALORIMPUESTOS_FACTURA,VALORDESCUENTOS_FACTURA,USUARIO_GENERACION) values ('129','36','9','1','2','3',to_date('12/04/21','DD/MM/RR'),to_date('11/08/22','DD/MM/RR'),null,'17199132,95625','2757666,8875','72570,18125','Whoopi Bernard');
Insert into CARCENTER.TBL_ENCFACTURA (ID_FACTURA,ID_MANTENIMIENTO,ID_CLIENTE,ID_ESTADOFACTURA,ID_MEDIOPAGO,ID_SUCURSAL,FECHAEMISION_FACTURA,FECHAPAGO_FACTURA,OBSERVACIONES,VALORTOTAL_FACTURA,VALORIMPUESTOS_FACTURA,VALORDESCUENTOS_FACTURA,USUARIO_GENERACION) values ('130','18','79','2','3','2',to_date('15/11/18','DD/MM/RR'),to_date('25/12/19','DD/MM/RR'),null,'20975581,3125','3363173,375','88504,5625','Theodore Parsons');
Insert into CARCENTER.TBL_ENCFACTURA (ID_FACTURA,ID_MANTENIMIENTO,ID_CLIENTE,ID_ESTADOFACTURA,ID_MEDIOPAGO,ID_SUCURSAL,FECHAEMISION_FACTURA,FECHAPAGO_FACTURA,OBSERVACIONES,VALORTOTAL_FACTURA,VALORIMPUESTOS_FACTURA,VALORDESCUENTOS_FACTURA,USUARIO_GENERACION) values ('131','58','41','2','4','3',to_date('07/09/21','DD/MM/RR'),to_date('15/08/19','DD/MM/RR'),null,'4561035,225','0','22919,775','Stuart Rollins');
Insert into CARCENTER.TBL_ENCFACTURA (ID_FACTURA,ID_MANTENIMIENTO,ID_CLIENTE,ID_ESTADOFACTURA,ID_MEDIOPAGO,ID_SUCURSAL,FECHAEMISION_FACTURA,FECHAPAGO_FACTURA,OBSERVACIONES,VALORTOTAL_FACTURA,VALORIMPUESTOS_FACTURA,VALORDESCUENTOS_FACTURA,USUARIO_GENERACION) values ('132','89','21','2','4','4',to_date('12/08/19','DD/MM/RR'),to_date('30/04/20','DD/MM/RR'),null,'7537528,74375','1208548,9125','31803,91875','Emerson Dodson');
Insert into CARCENTER.TBL_ENCFACTURA (ID_FACTURA,ID_MANTENIMIENTO,ID_CLIENTE,ID_ESTADOFACTURA,ID_MEDIOPAGO,ID_SUCURSAL,FECHAEMISION_FACTURA,FECHAPAGO_FACTURA,OBSERVACIONES,VALORTOTAL_FACTURA,VALORIMPUESTOS_FACTURA,VALORDESCUENTOS_FACTURA,USUARIO_GENERACION) values ('133','85','4','2','3','1',to_date('08/09/19','DD/MM/RR'),to_date('02/03/20','DD/MM/RR'),null,'27609722,34375','4426875,3125','116496,71875','Dieter Wilson');
Insert into CARCENTER.TBL_ENCFACTURA (ID_FACTURA,ID_MANTENIMIENTO,ID_CLIENTE,ID_ESTADOFACTURA,ID_MEDIOPAGO,ID_SUCURSAL,FECHAEMISION_FACTURA,FECHAPAGO_FACTURA,OBSERVACIONES,VALORTOTAL_FACTURA,VALORIMPUESTOS_FACTURA,VALORDESCUENTOS_FACTURA,USUARIO_GENERACION) values ('134','42','5','2','3','4',to_date('01/09/22','DD/MM/RR'),to_date('29/06/19','DD/MM/RR'),null,'23384998,85625','3749493,4875','98670,88125','Luke Salazar');
Insert into CARCENTER.TBL_ENCFACTURA (ID_FACTURA,ID_MANTENIMIENTO,ID_CLIENTE,ID_ESTADOFACTURA,ID_MEDIOPAGO,ID_SUCURSAL,FECHAEMISION_FACTURA,FECHAPAGO_FACTURA,OBSERVACIONES,VALORTOTAL_FACTURA,VALORIMPUESTOS_FACTURA,VALORDESCUENTOS_FACTURA,USUARIO_GENERACION) values ('135','85','30','2','4','1',to_date('16/10/19','DD/MM/RR'),to_date('17/06/21','DD/MM/RR'),null,'62389896,25','2985162,5','298516,25','Griffith Armstrong');
Insert into CARCENTER.TBL_ENCFACTURA (ID_FACTURA,ID_MANTENIMIENTO,ID_CLIENTE,ID_ESTADOFACTURA,ID_MEDIOPAGO,ID_SUCURSAL,FECHAEMISION_FACTURA,FECHAPAGO_FACTURA,OBSERVACIONES,VALORTOTAL_FACTURA,VALORIMPUESTOS_FACTURA,VALORDESCUENTOS_FACTURA,USUARIO_GENERACION) values ('136','29','19','1','3','2',to_date('18/02/19','DD/MM/RR'),to_date('08/06/20','DD/MM/RR'),null,'56583948,09375','2707365,9375','270736,59375','Chase Mckay');
Insert into CARCENTER.TBL_ENCFACTURA (ID_FACTURA,ID_MANTENIMIENTO,ID_CLIENTE,ID_ESTADOFACTURA,ID_MEDIOPAGO,ID_SUCURSAL,FECHAEMISION_FACTURA,FECHAPAGO_FACTURA,OBSERVACIONES,VALORTOTAL_FACTURA,VALORIMPUESTOS_FACTURA,VALORDESCUENTOS_FACTURA,USUARIO_GENERACION) values ('137','61','43','1','1','2',to_date('12/10/21','DD/MM/RR'),to_date('05/01/20','DD/MM/RR'),null,'47155344,9','7560772,6','198967,7','Shannon Morgan');
Insert into CARCENTER.TBL_ENCFACTURA (ID_FACTURA,ID_MANTENIMIENTO,ID_CLIENTE,ID_ESTADOFACTURA,ID_MEDIOPAGO,ID_SUCURSAL,FECHAEMISION_FACTURA,FECHAPAGO_FACTURA,OBSERVACIONES,VALORTOTAL_FACTURA,VALORIMPUESTOS_FACTURA,VALORDESCUENTOS_FACTURA,USUARIO_GENERACION) values ('138','98','35','1','2','2',to_date('22/11/21','DD/MM/RR'),to_date('04/01/22','DD/MM/RR'),null,'83436242,4','0','419277,6','Summer Browning');
Insert into CARCENTER.TBL_ENCFACTURA (ID_FACTURA,ID_MANTENIMIENTO,ID_CLIENTE,ID_ESTADOFACTURA,ID_MEDIOPAGO,ID_SUCURSAL,FECHAEMISION_FACTURA,FECHAPAGO_FACTURA,OBSERVACIONES,VALORTOTAL_FACTURA,VALORIMPUESTOS_FACTURA,VALORDESCUENTOS_FACTURA,USUARIO_GENERACION) values ('139','6','89','2','2','1',to_date('13/06/20','DD/MM/RR'),to_date('14/11/20','DD/MM/RR'),null,'54554055,1875','2610241,875','261024,1875','Angelica Ayala');
Insert into CARCENTER.TBL_ENCFACTURA (ID_FACTURA,ID_MANTENIMIENTO,ID_CLIENTE,ID_ESTADOFACTURA,ID_MEDIOPAGO,ID_SUCURSAL,FECHAEMISION_FACTURA,FECHAPAGO_FACTURA,OBSERVACIONES,VALORTOTAL_FACTURA,VALORIMPUESTOS_FACTURA,VALORDESCUENTOS_FACTURA,USUARIO_GENERACION) values ('140','81','40','2','3','1',to_date('31/05/20','DD/MM/RR'),to_date('23/12/20','DD/MM/RR'),null,'62266242,7125','9983616,975','262726,7625','Deborah Odom');
Insert into CARCENTER.TBL_ENCFACTURA (ID_FACTURA,ID_MANTENIMIENTO,ID_CLIENTE,ID_ESTADOFACTURA,ID_MEDIOPAGO,ID_SUCURSAL,FECHAEMISION_FACTURA,FECHAPAGO_FACTURA,OBSERVACIONES,VALORTOTAL_FACTURA,VALORIMPUESTOS_FACTURA,VALORDESCUENTOS_FACTURA,USUARIO_GENERACION) values ('141','5','64','3','2','3',to_date('10/11/20','DD/MM/RR'),to_date('29/04/20','DD/MM/RR'),null,'6175483,66875','0','31032,58125','Omar Stephens');
Insert into CARCENTER.TBL_ENCFACTURA (ID_FACTURA,ID_MANTENIMIENTO,ID_CLIENTE,ID_ESTADOFACTURA,ID_MEDIOPAGO,ID_SUCURSAL,FECHAEMISION_FACTURA,FECHAPAGO_FACTURA,OBSERVACIONES,VALORTOTAL_FACTURA,VALORIMPUESTOS_FACTURA,VALORDESCUENTOS_FACTURA,USUARIO_GENERACION) values ('142','17','54','3','2','3',to_date('09/07/21','DD/MM/RR'),to_date('01/07/22','DD/MM/RR'),null,'50166638,3625','2400317,625','240031,7625','Chase Thompson');
Insert into CARCENTER.TBL_ENCFACTURA (ID_FACTURA,ID_MANTENIMIENTO,ID_CLIENTE,ID_ESTADOFACTURA,ID_MEDIOPAGO,ID_SUCURSAL,FECHAEMISION_FACTURA,FECHAPAGO_FACTURA,OBSERVACIONES,VALORTOTAL_FACTURA,VALORIMPUESTOS_FACTURA,VALORDESCUENTOS_FACTURA,USUARIO_GENERACION) values ('143','96','22','3','3','3',to_date('27/02/20','DD/MM/RR'),to_date('12/08/19','DD/MM/RR'),null,'16282533,225','0','81821,775','Brynn Nixon');
Insert into CARCENTER.TBL_ENCFACTURA (ID_FACTURA,ID_MANTENIMIENTO,ID_CLIENTE,ID_ESTADOFACTURA,ID_MEDIOPAGO,ID_SUCURSAL,FECHAEMISION_FACTURA,FECHAPAGO_FACTURA,OBSERVACIONES,VALORTOTAL_FACTURA,VALORIMPUESTOS_FACTURA,VALORDESCUENTOS_FACTURA,USUARIO_GENERACION) values ('144','57','48','2','2','3',to_date('20/10/18','DD/MM/RR'),to_date('05/02/19','DD/MM/RR'),null,'41319379,875','6625048,25','174343,375','Bertha English');
Insert into CARCENTER.TBL_ENCFACTURA (ID_FACTURA,ID_MANTENIMIENTO,ID_CLIENTE,ID_ESTADOFACTURA,ID_MEDIOPAGO,ID_SUCURSAL,FECHAEMISION_FACTURA,FECHAPAGO_FACTURA,OBSERVACIONES,VALORTOTAL_FACTURA,VALORIMPUESTOS_FACTURA,VALORDESCUENTOS_FACTURA,USUARIO_GENERACION) values ('145','64','69','2','2','2',to_date('12/01/19','DD/MM/RR'),to_date('18/01/21','DD/MM/RR'),null,'1744073,65','83448,5','8344,85','Leandra Foster');
Insert into CARCENTER.TBL_ENCFACTURA (ID_FACTURA,ID_MANTENIMIENTO,ID_CLIENTE,ID_ESTADOFACTURA,ID_MEDIOPAGO,ID_SUCURSAL,FECHAEMISION_FACTURA,FECHAPAGO_FACTURA,OBSERVACIONES,VALORTOTAL_FACTURA,VALORIMPUESTOS_FACTURA,VALORDESCUENTOS_FACTURA,USUARIO_GENERACION) values ('146','11','59','1','4','3',to_date('08/05/21','DD/MM/RR'),to_date('14/05/20','DD/MM/RR'),null,'43396573,01875','0','218073,23125','Edan Sykes');
Insert into CARCENTER.TBL_ENCFACTURA (ID_FACTURA,ID_MANTENIMIENTO,ID_CLIENTE,ID_ESTADOFACTURA,ID_MEDIOPAGO,ID_SUCURSAL,FECHAEMISION_FACTURA,FECHAPAGO_FACTURA,OBSERVACIONES,VALORTOTAL_FACTURA,VALORIMPUESTOS_FACTURA,VALORDESCUENTOS_FACTURA,USUARIO_GENERACION) values ('147','29','11','2','1','2',to_date('17/10/20','DD/MM/RR'),to_date('08/11/18','DD/MM/RR'),null,'13253603,975','0','66601,025','Hammett Garrett');
Insert into CARCENTER.TBL_ENCFACTURA (ID_FACTURA,ID_MANTENIMIENTO,ID_CLIENTE,ID_ESTADOFACTURA,ID_MEDIOPAGO,ID_SUCURSAL,FECHAEMISION_FACTURA,FECHAPAGO_FACTURA,OBSERVACIONES,VALORTOTAL_FACTURA,VALORIMPUESTOS_FACTURA,VALORDESCUENTOS_FACTURA,USUARIO_GENERACION) values ('148','67','25','2','2','1',to_date('02/03/20','DD/MM/RR'),to_date('03/01/19','DD/MM/RR'),null,'36665707,125','5878889,75','154707,625','Imani Guerrero');
Insert into CARCENTER.TBL_ENCFACTURA (ID_FACTURA,ID_MANTENIMIENTO,ID_CLIENTE,ID_ESTADOFACTURA,ID_MEDIOPAGO,ID_SUCURSAL,FECHAEMISION_FACTURA,FECHAPAGO_FACTURA,OBSERVACIONES,VALORTOTAL_FACTURA,VALORIMPUESTOS_FACTURA,VALORDESCUENTOS_FACTURA,USUARIO_GENERACION) values ('149','64','59','2','4','3',to_date('13/04/22','DD/MM/RR'),to_date('07/02/22','DD/MM/RR'),null,'38653611,28125','6197625,4375','163095,40625','Rhonda Madden');
Insert into CARCENTER.TBL_ENCFACTURA (ID_FACTURA,ID_MANTENIMIENTO,ID_CLIENTE,ID_ESTADOFACTURA,ID_MEDIOPAGO,ID_SUCURSAL,FECHAEMISION_FACTURA,FECHAPAGO_FACTURA,OBSERVACIONES,VALORTOTAL_FACTURA,VALORIMPUESTOS_FACTURA,VALORDESCUENTOS_FACTURA,USUARIO_GENERACION) values ('150','77','56','2','1','1',to_date('24/10/20','DD/MM/RR'),to_date('04/12/20','DD/MM/RR'),null,'17017129,2875','0','85513,2125','Cruz Gamble');
COMMITE;
Insert into CARCENTER.TBL_DETFACTURA (ID_DETFACTURA,ID_FACTURA,ID_PRODUCTO,CANTIDAD_PRODUCTO,DESCUENTOS,VALORTOTAL_PRODUCTO,VALORIMPUESTOS_PRODUCTO) values ('1','1','43','7','184458,26875','36707195,48125','0');
Insert into CARCENTER.TBL_DETFACTURA (ID_DETFACTURA,ID_FACTURA,ID_PRODUCTO,CANTIDAD_PRODUCTO,DESCUENTOS,VALORTOTAL_PRODUCTO,VALORIMPUESTOS_PRODUCTO) values ('2','2','47','9','93304,51875','22113170,94375','3545571,7125');
Insert into CARCENTER.TBL_DETFACTURA (ID_DETFACTURA,ID_FACTURA,ID_PRODUCTO,CANTIDAD_PRODUCTO,DESCUENTOS,VALORTOTAL_PRODUCTO,VALORIMPUESTOS_PRODUCTO) values ('3','3','12','7','220458,35','46075795,15','2204583,5');
Insert into CARCENTER.TBL_DETFACTURA (ID_DETFACTURA,ID_FACTURA,ID_PRODUCTO,CANTIDAD_PRODUCTO,DESCUENTOS,VALORTOTAL_PRODUCTO,VALORIMPUESTOS_PRODUCTO) values ('4','4','47','1','10367,16875','2457018,99375','393952,4125');
Insert into CARCENTER.TBL_DETFACTURA (ID_DETFACTURA,ID_FACTURA,ID_PRODUCTO,CANTIDAD_PRODUCTO,DESCUENTOS,VALORTOTAL_PRODUCTO,VALORIMPUESTOS_PRODUCTO) values ('5','5','45','8','38165,85','9045306,45','1450302,3');
Insert into CARCENTER.TBL_DETFACTURA (ID_DETFACTURA,ID_FACTURA,ID_PRODUCTO,CANTIDAD_PRODUCTO,DESCUENTOS,VALORTOTAL_PRODUCTO,VALORIMPUESTOS_PRODUCTO) values ('6','6','35','6','276106,7625','65437302,7125','10492056,975');
Insert into CARCENTER.TBL_DETFACTURA (ID_DETFACTURA,ID_FACTURA,ID_PRODUCTO,CANTIDAD_PRODUCTO,DESCUENTOS,VALORTOTAL_PRODUCTO,VALORIMPUESTOS_PRODUCTO) values ('7','7','34','6','182272,1625','38094881,9625','1822721,625');
Insert into CARCENTER.TBL_DETFACTURA (ID_DETFACTURA,ID_FACTURA,ID_PRODUCTO,CANTIDAD_PRODUCTO,DESCUENTOS,VALORTOTAL_PRODUCTO,VALORIMPUESTOS_PRODUCTO) values ('8','8','8','8','175090,05','36593820,45','1750900,5');
Insert into CARCENTER.TBL_DETFACTURA (ID_DETFACTURA,ID_FACTURA,ID_PRODUCTO,CANTIDAD_PRODUCTO,DESCUENTOS,VALORTOTAL_PRODUCTO,VALORIMPUESTOS_PRODUCTO) values ('9','9','64','6','125444,475','26217895,275','1254444,75');
Insert into CARCENTER.TBL_DETFACTURA (ID_DETFACTURA,ID_FACTURA,ID_PRODUCTO,CANTIDAD_PRODUCTO,DESCUENTOS,VALORTOTAL_PRODUCTO,VALORIMPUESTOS_PRODUCTO) values ('10','10','119','9','194856,58125','38776459,66875','0');
Insert into CARCENTER.TBL_DETFACTURA (ID_DETFACTURA,ID_FACTURA,ID_PRODUCTO,CANTIDAD_PRODUCTO,DESCUENTOS,VALORTOTAL_PRODUCTO,VALORIMPUESTOS_PRODUCTO) values ('11','11','122','1','17700,9125','4195116,2625','672634,675');
Insert into CARCENTER.TBL_DETFACTURA (ID_DETFACTURA,ID_FACTURA,ID_PRODUCTO,CANTIDAD_PRODUCTO,DESCUENTOS,VALORTOTAL_PRODUCTO,VALORIMPUESTOS_PRODUCTO) values ('12','12','105','2','72998,975','17300757,075','2773961,05');
Insert into CARCENTER.TBL_DETFACTURA (ID_DETFACTURA,ID_FACTURA,ID_PRODUCTO,CANTIDAD_PRODUCTO,DESCUENTOS,VALORTOTAL_PRODUCTO,VALORIMPUESTOS_PRODUCTO) values ('13','13','96','7','12874,18125','2690703,88125','128741,8125');
Insert into CARCENTER.TBL_DETFACTURA (ID_DETFACTURA,ID_FACTURA,ID_PRODUCTO,CANTIDAD_PRODUCTO,DESCUENTOS,VALORTOTAL_PRODUCTO,VALORIMPUESTOS_PRODUCTO) values ('14','14','2','4','168866,35','40021324,95','6416921,3');
Insert into CARCENTER.TBL_DETFACTURA (ID_DETFACTURA,ID_FACTURA,ID_PRODUCTO,CANTIDAD_PRODUCTO,DESCUENTOS,VALORTOTAL_PRODUCTO,VALORIMPUESTOS_PRODUCTO) values ('15','15','112','6','95699,7','22680828,9','3636588,6');
Insert into CARCENTER.TBL_DETFACTURA (ID_DETFACTURA,ID_FACTURA,ID_PRODUCTO,CANTIDAD_PRODUCTO,DESCUENTOS,VALORTOTAL_PRODUCTO,VALORIMPUESTOS_PRODUCTO) values ('16','16','133','9','409321,6875','85548232,6875','4093216,875');
Insert into CARCENTER.TBL_DETFACTURA (ID_DETFACTURA,ID_FACTURA,ID_PRODUCTO,CANTIDAD_PRODUCTO,DESCUENTOS,VALORTOTAL_PRODUCTO,VALORIMPUESTOS_PRODUCTO) values ('17','17','88','3','110330,7','21955809,3','0');
Insert into CARCENTER.TBL_DETFACTURA (ID_DETFACTURA,ID_FACTURA,ID_PRODUCTO,CANTIDAD_PRODUCTO,DESCUENTOS,VALORTOTAL_PRODUCTO,VALORIMPUESTOS_PRODUCTO) values ('18','18','26','9','392236,59375','78055082,15625','0');
Insert into CARCENTER.TBL_DETFACTURA (ID_DETFACTURA,ID_FACTURA,ID_PRODUCTO,CANTIDAD_PRODUCTO,DESCUENTOS,VALORTOTAL_PRODUCTO,VALORIMPUESTOS_PRODUCTO) values ('19','19','102','4','137665,825','32626800,525','5231301,35');
Insert into CARCENTER.TBL_DETFACTURA (ID_DETFACTURA,ID_FACTURA,ID_PRODUCTO,CANTIDAD_PRODUCTO,DESCUENTOS,VALORTOTAL_PRODUCTO,VALORIMPUESTOS_PRODUCTO) values ('20','20','123','8','183358,2','36488281,8','0');
Insert into CARCENTER.TBL_DETFACTURA (ID_DETFACTURA,ID_FACTURA,ID_PRODUCTO,CANTIDAD_PRODUCTO,DESCUENTOS,VALORTOTAL_PRODUCTO,VALORIMPUESTOS_PRODUCTO) values ('21','21','71','2','30871,7625','6452198,3625','308717,625');
Insert into CARCENTER.TBL_DETFACTURA (ID_DETFACTURA,ID_FACTURA,ID_PRODUCTO,CANTIDAD_PRODUCTO,DESCUENTOS,VALORTOTAL_PRODUCTO,VALORIMPUESTOS_PRODUCTO) values ('22','22','76','4','17266,975','3436128,025','0');
Insert into CARCENTER.TBL_DETFACTURA (ID_DETFACTURA,ID_FACTURA,ID_PRODUCTO,CANTIDAD_PRODUCTO,DESCUENTOS,VALORTOTAL_PRODUCTO,VALORIMPUESTOS_PRODUCTO) values ('23','23','77','2','62526,3125','14818736,0625','2375999,875');
Insert into CARCENTER.TBL_DETFACTURA (ID_DETFACTURA,ID_FACTURA,ID_PRODUCTO,CANTIDAD_PRODUCTO,DESCUENTOS,VALORTOTAL_PRODUCTO,VALORIMPUESTOS_PRODUCTO) values ('24','24','137','7','326104,8','64894855,2','0');
Insert into CARCENTER.TBL_DETFACTURA (ID_DETFACTURA,ID_FACTURA,ID_PRODUCTO,CANTIDAD_PRODUCTO,DESCUENTOS,VALORTOTAL_PRODUCTO,VALORIMPUESTOS_PRODUCTO) values ('25','25','101','3','138787,63125','27618738,61875','0');
Insert into CARCENTER.TBL_DETFACTURA (ID_DETFACTURA,ID_FACTURA,ID_PRODUCTO,CANTIDAD_PRODUCTO,DESCUENTOS,VALORTOTAL_PRODUCTO,VALORIMPUESTOS_PRODUCTO) values ('26','26','53','4','117896,15','27941387,55','4480053,7');
Insert into CARCENTER.TBL_DETFACTURA (ID_DETFACTURA,ID_FACTURA,ID_PRODUCTO,CANTIDAD_PRODUCTO,DESCUENTOS,VALORTOTAL_PRODUCTO,VALORIMPUESTOS_PRODUCTO) values ('27','27','30','1','33735,86875','6713437,88125','0');
Insert into CARCENTER.TBL_DETFACTURA (ID_DETFACTURA,ID_FACTURA,ID_PRODUCTO,CANTIDAD_PRODUCTO,DESCUENTOS,VALORTOTAL_PRODUCTO,VALORIMPUESTOS_PRODUCTO) values ('28','28','14','9','155958,80625','32595390,50625','1559588,0625');
Insert into CARCENTER.TBL_DETFACTURA (ID_DETFACTURA,ID_FACTURA,ID_PRODUCTO,CANTIDAD_PRODUCTO,DESCUENTOS,VALORTOTAL_PRODUCTO,VALORIMPUESTOS_PRODUCTO) values ('29','29','41','3','129265,59375','30635945,71875','4912092,5625');
Insert into CARCENTER.TBL_DETFACTURA (ID_DETFACTURA,ID_FACTURA,ID_PRODUCTO,CANTIDAD_PRODUCTO,DESCUENTOS,VALORTOTAL_PRODUCTO,VALORIMPUESTOS_PRODUCTO) values ('30','30','109','9','53008,3125','11078737,3125','530083,125');
Insert into CARCENTER.TBL_DETFACTURA (ID_DETFACTURA,ID_FACTURA,ID_PRODUCTO,CANTIDAD_PRODUCTO,DESCUENTOS,VALORTOTAL_PRODUCTO,VALORIMPUESTOS_PRODUCTO) values ('31','31','27','4','122581,5','24393718,5','0');
Insert into CARCENTER.TBL_DETFACTURA (ID_DETFACTURA,ID_FACTURA,ID_PRODUCTO,CANTIDAD_PRODUCTO,DESCUENTOS,VALORTOTAL_PRODUCTO,VALORIMPUESTOS_PRODUCTO) values ('32','32','147','8','272169,9','54161810,1','0');
Insert into CARCENTER.TBL_DETFACTURA (ID_DETFACTURA,ID_FACTURA,ID_PRODUCTO,CANTIDAD_PRODUCTO,DESCUENTOS,VALORTOTAL_PRODUCTO,VALORIMPUESTOS_PRODUCTO) values ('33','33','51','6','162770,9625','34019131,1625','1627709,625');
Insert into CARCENTER.TBL_DETFACTURA (ID_DETFACTURA,ID_FACTURA,ID_PRODUCTO,CANTIDAD_PRODUCTO,DESCUENTOS,VALORTOTAL_PRODUCTO,VALORIMPUESTOS_PRODUCTO) values ('34','34','32','8','158649,15','33157672,35','1586491,5');
Insert into CARCENTER.TBL_DETFACTURA (ID_DETFACTURA,ID_FACTURA,ID_PRODUCTO,CANTIDAD_PRODUCTO,DESCUENTOS,VALORTOTAL_PRODUCTO,VALORIMPUESTOS_PRODUCTO) values ('35','35','118','9','98670,88125','23384998,85625','3749493,4875');
Insert into CARCENTER.TBL_DETFACTURA (ID_DETFACTURA,ID_FACTURA,ID_PRODUCTO,CANTIDAD_PRODUCTO,DESCUENTOS,VALORTOTAL_PRODUCTO,VALORIMPUESTOS_PRODUCTO) values ('36','36','58','3','130757,53125','30989534,90625','4968786,1875');
Insert into CARCENTER.TBL_DETFACTURA (ID_DETFACTURA,ID_FACTURA,ID_PRODUCTO,CANTIDAD_PRODUCTO,DESCUENTOS,VALORTOTAL_PRODUCTO,VALORIMPUESTOS_PRODUCTO) values ('37','37','148','3','7086,4875','1679497,5375','269286,525');
Insert into CARCENTER.TBL_DETFACTURA (ID_DETFACTURA,ID_FACTURA,ID_PRODUCTO,CANTIDAD_PRODUCTO,DESCUENTOS,VALORTOTAL_PRODUCTO,VALORIMPUESTOS_PRODUCTO) values ('38','38','43','8','210809,45','41951080,55','0');
Insert into CARCENTER.TBL_DETFACTURA (ID_DETFACTURA,ID_FACTURA,ID_PRODUCTO,CANTIDAD_PRODUCTO,DESCUENTOS,VALORTOTAL_PRODUCTO,VALORIMPUESTOS_PRODUCTO) values ('39','39','21','4','97497,025','19401907,975','0');
Insert into CARCENTER.TBL_DETFACTURA (ID_DETFACTURA,ID_FACTURA,ID_PRODUCTO,CANTIDAD_PRODUCTO,DESCUENTOS,VALORTOTAL_PRODUCTO,VALORIMPUESTOS_PRODUCTO) values ('40','40','77','2','62526,3125','14818736,0625','2375999,875');
Insert into CARCENTER.TBL_DETFACTURA (ID_DETFACTURA,ID_FACTURA,ID_PRODUCTO,CANTIDAD_PRODUCTO,DESCUENTOS,VALORTOTAL_PRODUCTO,VALORIMPUESTOS_PRODUCTO) values ('41','41','45','7','33395,11875','7914643,14375','1269014,5125');
Insert into CARCENTER.TBL_DETFACTURA (ID_DETFACTURA,ID_FACTURA,ID_PRODUCTO,CANTIDAD_PRODUCTO,DESCUENTOS,VALORTOTAL_PRODUCTO,VALORIMPUESTOS_PRODUCTO) values ('42','42','150','5','189418,25','44892125,25','7197893,5');
Insert into CARCENTER.TBL_DETFACTURA (ID_DETFACTURA,ID_FACTURA,ID_PRODUCTO,CANTIDAD_PRODUCTO,DESCUENTOS,VALORTOTAL_PRODUCTO,VALORIMPUESTOS_PRODUCTO) values ('43','43','102','6','206498,7375','48940200,7875','7846952,025');
Insert into CARCENTER.TBL_DETFACTURA (ID_DETFACTURA,ID_FACTURA,ID_PRODUCTO,CANTIDAD_PRODUCTO,DESCUENTOS,VALORTOTAL_PRODUCTO,VALORIMPUESTOS_PRODUCTO) values ('44','44','50','2','63495,0375','13270462,8375','634950,375');
Insert into CARCENTER.TBL_DETFACTURA (ID_DETFACTURA,ID_FACTURA,ID_PRODUCTO,CANTIDAD_PRODUCTO,DESCUENTOS,VALORTOTAL_PRODUCTO,VALORIMPUESTOS_PRODUCTO) values ('45','45','36','9','244412,15625','51082140,65625','2444121,5625');
Insert into CARCENTER.TBL_DETFACTURA (ID_DETFACTURA,ID_FACTURA,ID_PRODUCTO,CANTIDAD_PRODUCTO,DESCUENTOS,VALORTOTAL_PRODUCTO,VALORIMPUESTOS_PRODUCTO) values ('46','46','120','6','3477,2625','691975,2375','0');
Insert into CARCENTER.TBL_DETFACTURA (ID_DETFACTURA,ID_FACTURA,ID_PRODUCTO,CANTIDAD_PRODUCTO,DESCUENTOS,VALORTOTAL_PRODUCTO,VALORIMPUESTOS_PRODUCTO) values ('47','47','128','3','48991,74375','11611043,26875','1861686,2625');
Insert into CARCENTER.TBL_DETFACTURA (ID_DETFACTURA,ID_FACTURA,ID_PRODUCTO,CANTIDAD_PRODUCTO,DESCUENTOS,VALORTOTAL_PRODUCTO,VALORIMPUESTOS_PRODUCTO) values ('48','48','129','2','2086,2125','436018,4125','20862,125');
Insert into CARCENTER.TBL_DETFACTURA (ID_DETFACTURA,ID_FACTURA,ID_PRODUCTO,CANTIDAD_PRODUCTO,DESCUENTOS,VALORTOTAL_PRODUCTO,VALORIMPUESTOS_PRODUCTO) values ('49','49','41','1','43088,53125','10211981,90625','1637364,1875');
Insert into CARCENTER.TBL_DETFACTURA (ID_DETFACTURA,ID_FACTURA,ID_PRODUCTO,CANTIDAD_PRODUCTO,DESCUENTOS,VALORTOTAL_PRODUCTO,VALORIMPUESTOS_PRODUCTO) values ('50','50','27','6','183872,25','36590577,75','0');
Insert into CARCENTER.TBL_DETFACTURA (ID_DETFACTURA,ID_FACTURA,ID_PRODUCTO,CANTIDAD_PRODUCTO,DESCUENTOS,VALORTOTAL_PRODUCTO,VALORIMPUESTOS_PRODUCTO) values ('51','51','92','6','81485,9625','17030566,1625','814859,625');
Insert into CARCENTER.TBL_DETFACTURA (ID_DETFACTURA,ID_FACTURA,ID_PRODUCTO,CANTIDAD_PRODUCTO,DESCUENTOS,VALORTOTAL_PRODUCTO,VALORIMPUESTOS_PRODUCTO) values ('52','52','83','10','152297,875','36094596,375','5787319,25');
Insert into CARCENTER.TBL_DETFACTURA (ID_DETFACTURA,ID_FACTURA,ID_PRODUCTO,CANTIDAD_PRODUCTO,DESCUENTOS,VALORTOTAL_PRODUCTO,VALORIMPUESTOS_PRODUCTO) values ('53','53','122','10','177009,125','41951162,625','6726346,75');
Insert into CARCENTER.TBL_DETFACTURA (ID_DETFACTURA,ID_FACTURA,ID_PRODUCTO,CANTIDAD_PRODUCTO,DESCUENTOS,VALORTOTAL_PRODUCTO,VALORIMPUESTOS_PRODUCTO) values ('54','54','137','6','279518,4','55624161,6','0');
Insert into CARCENTER.TBL_DETFACTURA (ID_DETFACTURA,ID_FACTURA,ID_PRODUCTO,CANTIDAD_PRODUCTO,DESCUENTOS,VALORTOTAL_PRODUCTO,VALORIMPUESTOS_PRODUCTO) values ('55','55','123','8','183358,2','36488281,8','0');
Insert into CARCENTER.TBL_DETFACTURA (ID_DETFACTURA,ID_FACTURA,ID_PRODUCTO,CANTIDAD_PRODUCTO,DESCUENTOS,VALORTOTAL_PRODUCTO,VALORIMPUESTOS_PRODUCTO) values ('56','56','50','5','158737,59375','33176157,09375','1587375,9375');
Insert into CARCENTER.TBL_DETFACTURA (ID_DETFACTURA,ID_FACTURA,ID_PRODUCTO,CANTIDAD_PRODUCTO,DESCUENTOS,VALORTOTAL_PRODUCTO,VALORIMPUESTOS_PRODUCTO) values ('57','57','119','5','108253,65625','21542477,59375','0');
Insert into CARCENTER.TBL_DETFACTURA (ID_DETFACTURA,ID_FACTURA,ID_PRODUCTO,CANTIDAD_PRODUCTO,DESCUENTOS,VALORTOTAL_PRODUCTO,VALORIMPUESTOS_PRODUCTO) values ('58','58','123','6','137518,65','27366211,35','0');
Insert into CARCENTER.TBL_DETFACTURA (ID_DETFACTURA,ID_FACTURA,ID_PRODUCTO,CANTIDAD_PRODUCTO,DESCUENTOS,VALORTOTAL_PRODUCTO,VALORIMPUESTOS_PRODUCTO) values ('59','59','141','9','93097,74375','18526451,00625','0');
Insert into CARCENTER.TBL_DETFACTURA (ID_DETFACTURA,ID_FACTURA,ID_PRODUCTO,CANTIDAD_PRODUCTO,DESCUENTOS,VALORTOTAL_PRODUCTO,VALORIMPUESTOS_PRODUCTO) values ('60','60','144','3','28969,5375','6865780,3875','1100842,425');
Insert into CARCENTER.TBL_DETFACTURA (ID_DETFACTURA,ID_FACTURA,ID_PRODUCTO,CANTIDAD_PRODUCTO,DESCUENTOS,VALORTOTAL_PRODUCTO,VALORIMPUESTOS_PRODUCTO) values ('61','61','142','2','69710,1','16521293,7','2648983,8');
Insert into CARCENTER.TBL_DETFACTURA (ID_DETFACTURA,ID_FACTURA,ID_PRODUCTO,CANTIDAD_PRODUCTO,DESCUENTOS,VALORTOTAL_PRODUCTO,VALORIMPUESTOS_PRODUCTO) values ('62','62','97','6','82322,7','16382217,3','0');
Insert into CARCENTER.TBL_DETFACTURA (ID_DETFACTURA,ID_FACTURA,ID_PRODUCTO,CANTIDAD_PRODUCTO,DESCUENTOS,VALORTOTAL_PRODUCTO,VALORIMPUESTOS_PRODUCTO) values ('63','63','123','3','68759,325','13683105,675','0');
Insert into CARCENTER.TBL_DETFACTURA (ID_DETFACTURA,ID_FACTURA,ID_PRODUCTO,CANTIDAD_PRODUCTO,DESCUENTOS,VALORTOTAL_PRODUCTO,VALORIMPUESTOS_PRODUCTO) values ('64','64','72','6','9321,3375','1854946,1625','0');
Insert into CARCENTER.TBL_DETFACTURA (ID_DETFACTURA,ID_FACTURA,ID_PRODUCTO,CANTIDAD_PRODUCTO,DESCUENTOS,VALORTOTAL_PRODUCTO,VALORIMPUESTOS_PRODUCTO) values ('65','65','41','8','344708,25','81695855,25','13098913,5');
Insert into CARCENTER.TBL_DETFACTURA (ID_DETFACTURA,ID_FACTURA,ID_PRODUCTO,CANTIDAD_PRODUCTO,DESCUENTOS,VALORTOTAL_PRODUCTO,VALORIMPUESTOS_PRODUCTO) values ('66','66','56','3','145935,1125','34586621,6625','5545534,275');
Insert into CARCENTER.TBL_DETFACTURA (ID_DETFACTURA,ID_FACTURA,ID_PRODUCTO,CANTIDAD_PRODUCTO,DESCUENTOS,VALORTOTAL_PRODUCTO,VALORIMPUESTOS_PRODUCTO) values ('67','67','18','5','167824,96875','33397168,78125','0');
Insert into CARCENTER.TBL_DETFACTURA (ID_DETFACTURA,ID_FACTURA,ID_PRODUCTO,CANTIDAD_PRODUCTO,DESCUENTOS,VALORTOTAL_PRODUCTO,VALORIMPUESTOS_PRODUCTO) values ('68','68','86','5','116496,71875','27609722,34375','4426875,3125');
Insert into CARCENTER.TBL_DETFACTURA (ID_DETFACTURA,ID_FACTURA,ID_PRODUCTO,CANTIDAD_PRODUCTO,DESCUENTOS,VALORTOTAL_PRODUCTO,VALORIMPUESTOS_PRODUCTO) values ('69','69','137','1','46586,4','9270693,6','0');
Insert into CARCENTER.TBL_DETFACTURA (ID_DETFACTURA,ID_FACTURA,ID_PRODUCTO,CANTIDAD_PRODUCTO,DESCUENTOS,VALORTOTAL_PRODUCTO,VALORIMPUESTOS_PRODUCTO) values ('70','70','55','9','149009,625','31143011,625','1490096,25');
Insert into CARCENTER.TBL_DETFACTURA (ID_DETFACTURA,ID_FACTURA,ID_PRODUCTO,CANTIDAD_PRODUCTO,DESCUENTOS,VALORTOTAL_PRODUCTO,VALORIMPUESTOS_PRODUCTO) values ('71','71','3','8','133892,15','27983459,35','1338921,5');
Insert into CARCENTER.TBL_DETFACTURA (ID_DETFACTURA,ID_FACTURA,ID_PRODUCTO,CANTIDAD_PRODUCTO,DESCUENTOS,VALORTOTAL_PRODUCTO,VALORIMPUESTOS_PRODUCTO) values ('72','72','131','3','88322,30625','17576138,94375','0');
Insert into CARCENTER.TBL_DETFACTURA (ID_DETFACTURA,ID_FACTURA,ID_PRODUCTO,CANTIDAD_PRODUCTO,DESCUENTOS,VALORTOTAL_PRODUCTO,VALORIMPUESTOS_PRODUCTO) values ('73','73','149','4','12061,05','2520759,45','120610,5');
Insert into CARCENTER.TBL_DETFACTURA (ID_DETFACTURA,ID_FACTURA,ID_PRODUCTO,CANTIDAD_PRODUCTO,DESCUENTOS,VALORTOTAL_PRODUCTO,VALORIMPUESTOS_PRODUCTO) values ('74','74','56','4','194580,15','46115495,55','7394045,7');
Insert into CARCENTER.TBL_DETFACTURA (ID_DETFACTURA,ID_FACTURA,ID_PRODUCTO,CANTIDAD_PRODUCTO,DESCUENTOS,VALORTOTAL_PRODUCTO,VALORIMPUESTOS_PRODUCTO) values ('75','75','111','9','127928,7','26737098,3','1279287');
Insert into CARCENTER.TBL_DETFACTURA (ID_DETFACTURA,ID_FACTURA,ID_PRODUCTO,CANTIDAD_PRODUCTO,DESCUENTOS,VALORTOTAL_PRODUCTO,VALORIMPUESTOS_PRODUCTO) values ('76','76','28','9','357110,38125','71064965,86875','0');
Insert into CARCENTER.TBL_DETFACTURA (ID_DETFACTURA,ID_FACTURA,ID_PRODUCTO,CANTIDAD_PRODUCTO,DESCUENTOS,VALORTOTAL_PRODUCTO,VALORIMPUESTOS_PRODUCTO) values ('77','77','102','7','240915,19375','57096900,91875','9154777,3625');
Insert into CARCENTER.TBL_DETFACTURA (ID_DETFACTURA,ID_FACTURA,ID_PRODUCTO,CANTIDAD_PRODUCTO,DESCUENTOS,VALORTOTAL_PRODUCTO,VALORIMPUESTOS_PRODUCTO) values ('78','78','83','6','91378,725','21656757,825','3472391,55');
Insert into CARCENTER.TBL_DETFACTURA (ID_DETFACTURA,ID_FACTURA,ID_PRODUCTO,CANTIDAD_PRODUCTO,DESCUENTOS,VALORTOTAL_PRODUCTO,VALORIMPUESTOS_PRODUCTO) values ('79','79','74','6','206056,575','43065824,175','2060565,75');
Insert into CARCENTER.TBL_DETFACTURA (ID_DETFACTURA,ID_FACTURA,ID_PRODUCTO,CANTIDAD_PRODUCTO,DESCUENTOS,VALORTOTAL_PRODUCTO,VALORIMPUESTOS_PRODUCTO) values ('80','80','41','5','215442,65625','51059909,53125','8186820,9375');
Insert into CARCENTER.TBL_DETFACTURA (ID_DETFACTURA,ID_FACTURA,ID_PRODUCTO,CANTIDAD_PRODUCTO,DESCUENTOS,VALORTOTAL_PRODUCTO,VALORIMPUESTOS_PRODUCTO) values ('81','81','9','8','51870,8','10322289,2','0');
Insert into CARCENTER.TBL_DETFACTURA (ID_DETFACTURA,ID_FACTURA,ID_PRODUCTO,CANTIDAD_PRODUCTO,DESCUENTOS,VALORTOTAL_PRODUCTO,VALORIMPUESTOS_PRODUCTO) values ('82','82','99','4','117275,275','23337779,725','0');
Insert into CARCENTER.TBL_DETFACTURA (ID_DETFACTURA,ID_FACTURA,ID_PRODUCTO,CANTIDAD_PRODUCTO,DESCUENTOS,VALORTOTAL_PRODUCTO,VALORIMPUESTOS_PRODUCTO) values ('83','83','144','7','67595,5875','16020154,2375','2568632,325');
Insert into CARCENTER.TBL_DETFACTURA (ID_DETFACTURA,ID_FACTURA,ID_PRODUCTO,CANTIDAD_PRODUCTO,DESCUENTOS,VALORTOTAL_PRODUCTO,VALORIMPUESTOS_PRODUCTO) values ('84','84','71','10','154358,8125','32260991,8125','1543588,125');
Insert into CARCENTER.TBL_DETFACTURA (ID_DETFACTURA,ID_FACTURA,ID_PRODUCTO,CANTIDAD_PRODUCTO,DESCUENTOS,VALORTOTAL_PRODUCTO,VALORIMPUESTOS_PRODUCTO) values ('85','85','135','4','156988,3','37206227,1','5965555,4');
Insert into CARCENTER.TBL_DETFACTURA (ID_DETFACTURA,ID_FACTURA,ID_PRODUCTO,CANTIDAD_PRODUCTO,DESCUENTOS,VALORTOTAL_PRODUCTO,VALORIMPUESTOS_PRODUCTO) values ('86','86','29','7','203018,8125','42430931,8125','2030188,125');
Insert into CARCENTER.TBL_DETFACTURA (ID_DETFACTURA,ID_FACTURA,ID_PRODUCTO,CANTIDAD_PRODUCTO,DESCUENTOS,VALORTOTAL_PRODUCTO,VALORIMPUESTOS_PRODUCTO) values ('87','87','61','6','238873,875','47535901,125','0');
Insert into CARCENTER.TBL_DETFACTURA (ID_DETFACTURA,ID_FACTURA,ID_PRODUCTO,CANTIDAD_PRODUCTO,DESCUENTOS,VALORTOTAL_PRODUCTO,VALORIMPUESTOS_PRODUCTO) values ('88','88','54','1','7744,93125','1618690,63125','77449,3125');
Insert into CARCENTER.TBL_DETFACTURA (ID_DETFACTURA,ID_FACTURA,ID_PRODUCTO,CANTIDAD_PRODUCTO,DESCUENTOS,VALORTOTAL_PRODUCTO,VALORIMPUESTOS_PRODUCTO) values ('89','89','110','10','351414,5625','83285251,3125','13353753,375');
Insert into CARCENTER.TBL_DETFACTURA (ID_DETFACTURA,ID_FACTURA,ID_PRODUCTO,CANTIDAD_PRODUCTO,DESCUENTOS,VALORTOTAL_PRODUCTO,VALORIMPUESTOS_PRODUCTO) values ('90','90','72','1','1553,55625','309157,69375','0');
Insert into CARCENTER.TBL_DETFACTURA (ID_DETFACTURA,ID_FACTURA,ID_PRODUCTO,CANTIDAD_PRODUCTO,DESCUENTOS,VALORTOTAL_PRODUCTO,VALORIMPUESTOS_PRODUCTO) values ('91','91','120','8','4636,35','922633,65','0');
Insert into CARCENTER.TBL_DETFACTURA (ID_DETFACTURA,ID_FACTURA,ID_PRODUCTO,CANTIDAD_PRODUCTO,DESCUENTOS,VALORTOTAL_PRODUCTO,VALORIMPUESTOS_PRODUCTO) values ('92','92','138','3','71911,18125','14310325,06875','0');
Insert into CARCENTER.TBL_DETFACTURA (ID_DETFACTURA,ID_FACTURA,ID_PRODUCTO,CANTIDAD_PRODUCTO,DESCUENTOS,VALORTOTAL_PRODUCTO,VALORIMPUESTOS_PRODUCTO) values ('93','93','147','8','272169,9','54161810,1','0');
Insert into CARCENTER.TBL_DETFACTURA (ID_DETFACTURA,ID_FACTURA,ID_PRODUCTO,CANTIDAD_PRODUCTO,DESCUENTOS,VALORTOTAL_PRODUCTO,VALORIMPUESTOS_PRODUCTO) values ('94','94','134','7','280037,05625','58527744,75625','2800370,5625');
Insert into CARCENTER.TBL_DETFACTURA (ID_DETFACTURA,ID_FACTURA,ID_PRODUCTO,CANTIDAD_PRODUCTO,DESCUENTOS,VALORTOTAL_PRODUCTO,VALORIMPUESTOS_PRODUCTO) values ('95','95','102','3','103249,36875','24470100,39375','3923476,0125');
Insert into CARCENTER.TBL_DETFACTURA (ID_DETFACTURA,ID_FACTURA,ID_PRODUCTO,CANTIDAD_PRODUCTO,DESCUENTOS,VALORTOTAL_PRODUCTO,VALORIMPUESTOS_PRODUCTO) values ('96','96','19','4','155628,05','36883847,85','5913865,9');
Insert into CARCENTER.TBL_DETFACTURA (ID_DETFACTURA,ID_FACTURA,ID_PRODUCTO,CANTIDAD_PRODUCTO,DESCUENTOS,VALORTOTAL_PRODUCTO,VALORIMPUESTOS_PRODUCTO) values ('97','97','137','7','326104,8','64894855,2','0');
Insert into CARCENTER.TBL_DETFACTURA (ID_DETFACTURA,ID_FACTURA,ID_PRODUCTO,CANTIDAD_PRODUCTO,DESCUENTOS,VALORTOTAL_PRODUCTO,VALORIMPUESTOS_PRODUCTO) values ('98','98','80','3','80456,94375','19068295,66875','3057363,8625');
Insert into CARCENTER.TBL_DETFACTURA (ID_DETFACTURA,ID_FACTURA,ID_PRODUCTO,CANTIDAD_PRODUCTO,DESCUENTOS,VALORTOTAL_PRODUCTO,VALORIMPUESTOS_PRODUCTO) values ('99','99','88','5','183884,5','36593015,5','0');
Insert into CARCENTER.TBL_DETFACTURA (ID_DETFACTURA,ID_FACTURA,ID_PRODUCTO,CANTIDAD_PRODUCTO,DESCUENTOS,VALORTOTAL_PRODUCTO,VALORIMPUESTOS_PRODUCTO) values ('100','100','55','6','99339,75','20762007,75','993397,5');
Insert into CARCENTER.TBL_DETFACTURA (ID_DETFACTURA,ID_FACTURA,ID_PRODUCTO,CANTIDAD_PRODUCTO,DESCUENTOS,VALORTOTAL_PRODUCTO,VALORIMPUESTOS_PRODUCTO) values ('101','101','9','5','32419,25','6451430,75','0');
Insert into CARCENTER.TBL_DETFACTURA (ID_DETFACTURA,ID_FACTURA,ID_PRODUCTO,CANTIDAD_PRODUCTO,DESCUENTOS,VALORTOTAL_PRODUCTO,VALORIMPUESTOS_PRODUCTO) values ('102','102','57','2','80185,7','19004010,9','3047056,6');
Insert into CARCENTER.TBL_DETFACTURA (ID_DETFACTURA,ID_FACTURA,ID_PRODUCTO,CANTIDAD_PRODUCTO,DESCUENTOS,VALORTOTAL_PRODUCTO,VALORIMPUESTOS_PRODUCTO) values ('103','103','85','8','213735,2','42533304,8','0');
Insert into CARCENTER.TBL_DETFACTURA (ID_DETFACTURA,ID_FACTURA,ID_PRODUCTO,CANTIDAD_PRODUCTO,DESCUENTOS,VALORTOTAL_PRODUCTO,VALORIMPUESTOS_PRODUCTO) values ('104','104','121','5','122600,90625','25623589,40625','1226009,0625');
Insert into CARCENTER.TBL_DETFACTURA (ID_DETFACTURA,ID_FACTURA,ID_PRODUCTO,CANTIDAD_PRODUCTO,DESCUENTOS,VALORTOTAL_PRODUCTO,VALORIMPUESTOS_PRODUCTO) values ('105','105','75','10','428491,0625','89554632,0625','4284910,625');
Insert into CARCENTER.TBL_DETFACTURA (ID_DETFACTURA,ID_FACTURA,ID_PRODUCTO,CANTIDAD_PRODUCTO,DESCUENTOS,VALORTOTAL_PRODUCTO,VALORIMPUESTOS_PRODUCTO) values ('106','106','20','5','211012,9375','44101703,9375','2110129,375');
Insert into CARCENTER.TBL_DETFACTURA (ID_DETFACTURA,ID_FACTURA,ID_PRODUCTO,CANTIDAD_PRODUCTO,DESCUENTOS,VALORTOTAL_PRODUCTO,VALORIMPUESTOS_PRODUCTO) values ('107','107','40','5','203722,3125','40540740,1875','0');
Insert into CARCENTER.TBL_DETFACTURA (ID_DETFACTURA,ID_FACTURA,ID_PRODUCTO,CANTIDAD_PRODUCTO,DESCUENTOS,VALORTOTAL_PRODUCTO,VALORIMPUESTOS_PRODUCTO) values ('108','108','119','4','86602,925','17233982,075','0');
Insert into CARCENTER.TBL_DETFACTURA (ID_DETFACTURA,ID_FACTURA,ID_PRODUCTO,CANTIDAD_PRODUCTO,DESCUENTOS,VALORTOTAL_PRODUCTO,VALORIMPUESTOS_PRODUCTO) values ('109','109','52','6','121319,25','28752662,25','4610131,5');
Insert into CARCENTER.TBL_DETFACTURA (ID_DETFACTURA,ID_FACTURA,ID_PRODUCTO,CANTIDAD_PRODUCTO,DESCUENTOS,VALORTOTAL_PRODUCTO,VALORIMPUESTOS_PRODUCTO) values ('110','110','23','8','20302,85','4811775,45','771508,3');
Insert into CARCENTER.TBL_DETFACTURA (ID_DETFACTURA,ID_FACTURA,ID_PRODUCTO,CANTIDAD_PRODUCTO,DESCUENTOS,VALORTOTAL_PRODUCTO,VALORIMPUESTOS_PRODUCTO) values ('111','111','112','7','111649,65','26460967,05','4242686,7');
Insert into CARCENTER.TBL_DETFACTURA (ID_DETFACTURA,ID_FACTURA,ID_PRODUCTO,CANTIDAD_PRODUCTO,DESCUENTOS,VALORTOTAL_PRODUCTO,VALORIMPUESTOS_PRODUCTO) values ('112','112','42','6','298451,55','70733017,35','11341158,9');
Insert into CARCENTER.TBL_DETFACTURA (ID_DETFACTURA,ID_FACTURA,ID_PRODUCTO,CANTIDAD_PRODUCTO,DESCUENTOS,VALORTOTAL_PRODUCTO,VALORIMPUESTOS_PRODUCTO) values ('113','113','11','4','13709,75','2865337,75','137097,5');
Insert into CARCENTER.TBL_DETFACTURA (ID_DETFACTURA,ID_FACTURA,ID_PRODUCTO,CANTIDAD_PRODUCTO,DESCUENTOS,VALORTOTAL_PRODUCTO,VALORIMPUESTOS_PRODUCTO) values ('114','114','85','8','213735,2','42533304,8','0');
Insert into CARCENTER.TBL_DETFACTURA (ID_DETFACTURA,ID_FACTURA,ID_PRODUCTO,CANTIDAD_PRODUCTO,DESCUENTOS,VALORTOTAL_PRODUCTO,VALORIMPUESTOS_PRODUCTO) values ('115','115','60','6','149475,4125','31240361,2125','1494754,125');
Insert into CARCENTER.TBL_DETFACTURA (ID_DETFACTURA,ID_FACTURA,ID_PRODUCTO,CANTIDAD_PRODUCTO,DESCUENTOS,VALORTOTAL_PRODUCTO,VALORIMPUESTOS_PRODUCTO) values ('116','116','77','5','156315,78125','37046840,15625','5939999,6875');
Insert into CARCENTER.TBL_DETFACTURA (ID_DETFACTURA,ID_FACTURA,ID_PRODUCTO,CANTIDAD_PRODUCTO,DESCUENTOS,VALORTOTAL_PRODUCTO,VALORIMPUESTOS_PRODUCTO) values ('117','117','70','6','2845,425','674365,725','108126,15');
Insert into CARCENTER.TBL_DETFACTURA (ID_DETFACTURA,ID_FACTURA,ID_PRODUCTO,CANTIDAD_PRODUCTO,DESCUENTOS,VALORTOTAL_PRODUCTO,VALORIMPUESTOS_PRODUCTO) values ('118','118','109','8','47118,5','9847766,5','471185');
Insert into CARCENTER.TBL_DETFACTURA (ID_DETFACTURA,ID_FACTURA,ID_PRODUCTO,CANTIDAD_PRODUCTO,DESCUENTOS,VALORTOTAL_PRODUCTO,VALORIMPUESTOS_PRODUCTO) values ('119','119','120','5','2897,71875','576646,03125','0');
Insert into CARCENTER.TBL_DETFACTURA (ID_DETFACTURA,ID_FACTURA,ID_PRODUCTO,CANTIDAD_PRODUCTO,DESCUENTOS,VALORTOTAL_PRODUCTO,VALORIMPUESTOS_PRODUCTO) values ('120','120','145','7','343981,225','81523550,325','13071286,55');
Insert into CARCENTER.TBL_DETFACTURA (ID_DETFACTURA,ID_FACTURA,ID_PRODUCTO,CANTIDAD_PRODUCTO,DESCUENTOS,VALORTOTAL_PRODUCTO,VALORIMPUESTOS_PRODUCTO) values ('121','121','112','10','159499,5','37801381,5','6060981');
Insert into CARCENTER.TBL_DETFACTURA (ID_DETFACTURA,ID_FACTURA,ID_PRODUCTO,CANTIDAD_PRODUCTO,DESCUENTOS,VALORTOTAL_PRODUCTO,VALORIMPUESTOS_PRODUCTO) values ('122','122','78','10','499855,1875','104469734,1875','4998551,875');
Insert into CARCENTER.TBL_DETFACTURA (ID_DETFACTURA,ID_FACTURA,ID_PRODUCTO,CANTIDAD_PRODUCTO,DESCUENTOS,VALORTOTAL_PRODUCTO,VALORIMPUESTOS_PRODUCTO) values ('123','123','95','4','35141,325','6993123,675','0');
Insert into CARCENTER.TBL_DETFACTURA (ID_DETFACTURA,ID_FACTURA,ID_PRODUCTO,CANTIDAD_PRODUCTO,DESCUENTOS,VALORTOTAL_PRODUCTO,VALORIMPUESTOS_PRODUCTO) values ('124','124','8','5','109431,28125','22871137,78125','1094312,8125');
Insert into CARCENTER.TBL_DETFACTURA (ID_DETFACTURA,ID_FACTURA,ID_PRODUCTO,CANTIDAD_PRODUCTO,DESCUENTOS,VALORTOTAL_PRODUCTO,VALORIMPUESTOS_PRODUCTO) values ('125','125','128','8','130644,65','30962782,05','4964496,7');
Insert into CARCENTER.TBL_DETFACTURA (ID_DETFACTURA,ID_FACTURA,ID_PRODUCTO,CANTIDAD_PRODUCTO,DESCUENTOS,VALORTOTAL_PRODUCTO,VALORIMPUESTOS_PRODUCTO) values ('126','126','86','1','23299,34375','5521944,46875','885375,0625');
Insert into CARCENTER.TBL_DETFACTURA (ID_DETFACTURA,ID_FACTURA,ID_PRODUCTO,CANTIDAD_PRODUCTO,DESCUENTOS,VALORTOTAL_PRODUCTO,VALORIMPUESTOS_PRODUCTO) values ('127','127','88','10','367769','73186031','0');
Insert into CARCENTER.TBL_DETFACTURA (ID_DETFACTURA,ID_FACTURA,ID_PRODUCTO,CANTIDAD_PRODUCTO,DESCUENTOS,VALORTOTAL_PRODUCTO,VALORIMPUESTOS_PRODUCTO) values ('128','128','77','3','93789,46875','22228104,09375','3563999,8125');
Insert into CARCENTER.TBL_DETFACTURA (ID_DETFACTURA,ID_FACTURA,ID_PRODUCTO,CANTIDAD_PRODUCTO,DESCUENTOS,VALORTOTAL_PRODUCTO,VALORIMPUESTOS_PRODUCTO) values ('129','129','47','7','72570,18125','17199132,95625','2757666,8875');
Insert into CARCENTER.TBL_DETFACTURA (ID_DETFACTURA,ID_FACTURA,ID_PRODUCTO,CANTIDAD_PRODUCTO,DESCUENTOS,VALORTOTAL_PRODUCTO,VALORIMPUESTOS_PRODUCTO) values ('130','130','122','5','88504,5625','20975581,3125','3363173,375');
Insert into CARCENTER.TBL_DETFACTURA (ID_DETFACTURA,ID_FACTURA,ID_PRODUCTO,CANTIDAD_PRODUCTO,DESCUENTOS,VALORTOTAL_PRODUCTO,VALORIMPUESTOS_PRODUCTO) values ('131','131','123','1','22919,775','4561035,225','0');
Insert into CARCENTER.TBL_DETFACTURA (ID_DETFACTURA,ID_FACTURA,ID_PRODUCTO,CANTIDAD_PRODUCTO,DESCUENTOS,VALORTOTAL_PRODUCTO,VALORIMPUESTOS_PRODUCTO) values ('132','132','130','9','31803,91875','7537528,74375','1208548,9125');
Insert into CARCENTER.TBL_DETFACTURA (ID_DETFACTURA,ID_FACTURA,ID_PRODUCTO,CANTIDAD_PRODUCTO,DESCUENTOS,VALORTOTAL_PRODUCTO,VALORIMPUESTOS_PRODUCTO) values ('133','133','86','5','116496,71875','27609722,34375','4426875,3125');
Insert into CARCENTER.TBL_DETFACTURA (ID_DETFACTURA,ID_FACTURA,ID_PRODUCTO,CANTIDAD_PRODUCTO,DESCUENTOS,VALORTOTAL_PRODUCTO,VALORIMPUESTOS_PRODUCTO) values ('134','134','118','9','98670,88125','23384998,85625','3749493,4875');
Insert into CARCENTER.TBL_DETFACTURA (ID_DETFACTURA,ID_FACTURA,ID_PRODUCTO,CANTIDAD_PRODUCTO,DESCUENTOS,VALORTOTAL_PRODUCTO,VALORIMPUESTOS_PRODUCTO) values ('135','135','84','8','298516,25','62389896,25','2985162,5');
Insert into CARCENTER.TBL_DETFACTURA (ID_DETFACTURA,ID_FACTURA,ID_PRODUCTO,CANTIDAD_PRODUCTO,DESCUENTOS,VALORTOTAL_PRODUCTO,VALORIMPUESTOS_PRODUCTO) values ('136','136','106','9','270736,59375','56583948,09375','2707365,9375');
Insert into CARCENTER.TBL_DETFACTURA (ID_DETFACTURA,ID_FACTURA,ID_PRODUCTO,CANTIDAD_PRODUCTO,DESCUENTOS,VALORTOTAL_PRODUCTO,VALORIMPUESTOS_PRODUCTO) values ('137','137','42','4','198967,7','47155344,9','7560772,6');
Insert into CARCENTER.TBL_DETFACTURA (ID_DETFACTURA,ID_FACTURA,ID_PRODUCTO,CANTIDAD_PRODUCTO,DESCUENTOS,VALORTOTAL_PRODUCTO,VALORIMPUESTOS_PRODUCTO) values ('138','138','137','9','419277,6','83436242,4','0');
Insert into CARCENTER.TBL_DETFACTURA (ID_DETFACTURA,ID_FACTURA,ID_PRODUCTO,CANTIDAD_PRODUCTO,DESCUENTOS,VALORTOTAL_PRODUCTO,VALORIMPUESTOS_PRODUCTO) values ('139','139','29','9','261024,1875','54554055,1875','2610241,875');
Insert into CARCENTER.TBL_DETFACTURA (ID_DETFACTURA,ID_FACTURA,ID_PRODUCTO,CANTIDAD_PRODUCTO,DESCUENTOS,VALORTOTAL_PRODUCTO,VALORIMPUESTOS_PRODUCTO) values ('140','140','136','6','262726,7625','62266242,7125','9983616,975');
Insert into CARCENTER.TBL_DETFACTURA (ID_DETFACTURA,ID_FACTURA,ID_PRODUCTO,CANTIDAD_PRODUCTO,DESCUENTOS,VALORTOTAL_PRODUCTO,VALORIMPUESTOS_PRODUCTO) values ('141','141','141','3','31032,58125','6175483,66875','0');
Insert into CARCENTER.TBL_DETFACTURA (ID_DETFACTURA,ID_FACTURA,ID_PRODUCTO,CANTIDAD_PRODUCTO,DESCUENTOS,VALORTOTAL_PRODUCTO,VALORIMPUESTOS_PRODUCTO) values ('142','142','134','6','240031,7625','50166638,3625','2400317,625');
Insert into CARCENTER.TBL_DETFACTURA (ID_DETFACTURA,ID_FACTURA,ID_PRODUCTO,CANTIDAD_PRODUCTO,DESCUENTOS,VALORTOTAL_PRODUCTO,VALORIMPUESTOS_PRODUCTO) values ('143','143','104','4','81821,775','16282533,225','0');
Insert into CARCENTER.TBL_DETFACTURA (ID_DETFACTURA,ID_FACTURA,ID_PRODUCTO,CANTIDAD_PRODUCTO,DESCUENTOS,VALORTOTAL_PRODUCTO,VALORIMPUESTOS_PRODUCTO) values ('144','144','58','4','174343,375','41319379,875','6625048,25');
Insert into CARCENTER.TBL_DETFACTURA (ID_DETFACTURA,ID_FACTURA,ID_PRODUCTO,CANTIDAD_PRODUCTO,DESCUENTOS,VALORTOTAL_PRODUCTO,VALORIMPUESTOS_PRODUCTO) values ('145','145','129','8','8344,85','1744073,65','83448,5');
Insert into CARCENTER.TBL_DETFACTURA (ID_DETFACTURA,ID_FACTURA,ID_PRODUCTO,CANTIDAD_PRODUCTO,DESCUENTOS,VALORTOTAL_PRODUCTO,VALORIMPUESTOS_PRODUCTO) values ('146','146','98','7','218073,23125','43396573,01875','0');
Insert into CARCENTER.TBL_DETFACTURA (ID_DETFACTURA,ID_FACTURA,ID_PRODUCTO,CANTIDAD_PRODUCTO,DESCUENTOS,VALORTOTAL_PRODUCTO,VALORIMPUESTOS_PRODUCTO) values ('147','147','62','4','66601,025','13253603,975','0');
Insert into CARCENTER.TBL_DETFACTURA (ID_DETFACTURA,ID_FACTURA,ID_PRODUCTO,CANTIDAD_PRODUCTO,DESCUENTOS,VALORTOTAL_PRODUCTO,VALORIMPUESTOS_PRODUCTO) values ('148','148','89','10','154707,625','36665707,125','5878889,75');
Insert into CARCENTER.TBL_DETFACTURA (ID_DETFACTURA,ID_FACTURA,ID_PRODUCTO,CANTIDAD_PRODUCTO,DESCUENTOS,VALORTOTAL_PRODUCTO,VALORIMPUESTOS_PRODUCTO) values ('149','149','86','7','163095,40625','38653611,28125','6197625,4375');
Insert into CARCENTER.TBL_DETFACTURA (ID_DETFACTURA,ID_FACTURA,ID_PRODUCTO,CANTIDAD_PRODUCTO,DESCUENTOS,VALORTOTAL_PRODUCTO,VALORIMPUESTOS_PRODUCTO) values ('150','150','124','2','85513,2125','17017129,2875','0');


COMMIT;